pdf_id,inventory_id,document_id,item_id,bundle_id,bitstream_id,title,document_type,ministry_id,ministry_name,department_id,department_name,jurisdiction,year,date,source_url,download_url,local_path,file_name,file_size,page_count,sha256,retrieved_at,status
3bd35760-0b29-437f-812c-cd2c544a9b85,22d18fff-bc9c-4b12-8050-8a0ea992c164,22d18fff-bc9c-4b12-8050-8a0ea992c164,22d18fff-bc9c-4b12-8050-8a0ea992c164,3f4328a3-12f3-4e2a-af17-d8ef49b24d89,8088e3fe-da04-4a85-b46b-d68ff3b6d2dd,"U.P. Industrial Housing Act, 1955",pdf,88,NO MINISTRY,477,Labour,STATE,,,https://indiacode.gov.in/server/api/core/bitstreams/8088e3fe-da04-4a85-b46b-d68ff3b6d2dd,https://indiacode.gov.in/server/api/core/bitstreams/8088e3fe-da04-4a85-b46b-d68ff3b6d2dd/content,,english_23_of_1955.pdf,106899,,,2026-08-19 20:43:54.508234,DOWNLOADING
dd0b1f7a-25f4-4954-808b-dae7cf62bf40,22d18fff-bc9c-4b12-8050-8a0ea992c164,22d18fff-bc9c-4b12-8050-8a0ea992c164,22d18fff-bc9c-4b12-8050-8a0ea992c164,3f4328a3-12f3-4e2a-af17-d8ef49b24d89,d35a74bf-bfaa-44b5-a0ab-5f232291c5e8,"U.P. Industrial Housing Act, 1955",pdf,88,NO MINISTRY,477,Labour,STATE,,,https://indiacode.gov.in/server/api/core/bitstreams/d35a74bf-bfaa-44b5-a0ab-5f232291c5e8,https://indiacode.gov.in/server/api/core/bitstreams/d35a74bf-bfaa-44b5-a0ab-5f232291c5e8/content,D:/india_code_data/raw/india_code\pdf\central\unknown\22d18fff-bc9c-4b12-8050-8a0ea992c164\d35a74bf-bfaa-44b5-a0ab-5f232291c5e8\original.pdf,hindi_23_of_1955.pdf,536007,7,a99e27eb5d95b05deff79fe14a380bd1eba9bd578ede134d030bb06abe5ffe7e,2026-08-19 20:43:54.508234,VALIDATED
1955ae84-e20e-4998-90d9-32bb91d8d2c2,22d18fff-bc9c-4b12-8050-8a0ea992c164,22d18fff-bc9c-4b12-8050-8a0ea992c164,22d18fff-bc9c-4b12-8050-8a0ea992c164,44ad76fb-9f39-426d-9ba8-be46ad09b9f8,cd7591a6-1e79-4c69-9363-b790af17294a,"U.P. Industrial Housing Act, 1955",pdf,88,NO MINISTRY,477,Labour,STATE,,,https://indiacode.gov.in/server/api/core/bitstreams/cd7591a6-1e79-4c69-9363-b790af17294a,https://indiacode.gov.in/server/api/core/bitstreams/cd7591a6-1e79-4c69-9363-b790af17294a/content,,english_23_of_1955.pdf.txt,16230,,,2026-08-19 20:43:54.508234,IGNORED_NON_PDF
1d2c1437-351c-4741-8c13-570980e29706,22d18fff-bc9c-4b12-8050-8a0ea992c164,22d18fff-bc9c-4b12-8050-8a0ea992c164,22d18fff-bc9c-4b12-8050-8a0ea992c164,44ad76fb-9f39-426d-9ba8-be46ad09b9f8,0e7bb1fd-e6ec-4c65-90c0-f6865c2eb4ca,"U.P. Industrial Housing Act, 1955",pdf,88,NO MINISTRY,477,Labour,STATE,,,https://indiacode.gov.in/server/api/core/bitstreams/0e7bb1fd-e6ec-4c65-90c0-f6865c2eb4ca,https://indiacode.gov.in/server/api/core/bitstreams/0e7bb1fd-e6ec-4c65-90c0-f6865c2eb4ca/content,,hindi_23_of_1955.pdf.txt,16323,,,2026-08-19 20:43:54.508234,IGNORED_NON_PDF
4858b7cb-4d9c-4f64-aae3-7ac18fb053fe,22d18fff-bc9c-4b12-8050-8a0ea992c164,22d18fff-bc9c-4b12-8050-8a0ea992c164,22d18fff-bc9c-4b12-8050-8a0ea992c164,00a63619-3fc9-4d91-aba8-d0eeba988f2c,be4ec9ad-cf92-4adc-90a3-7d1f29de60ee,"U.P. Industrial Housing Act, 1955",pdf,88,NO MINISTRY,477,Labour,STATE,,,https://indiacode.gov.in/server/api/core/bitstreams/be4ec9ad-cf92-4adc-90a3-7d1f29de60ee,https://indiacode.gov.in/server/api/core/bitstreams/be4ec9ad-cf92-4adc-90a3-7d1f29de60ee/content,,english_23_of_1955.pdf.jpg,9033,,,2026-08-19 20:43:54.508234,IGNORED_NON_PDF
0f9c3379-a43c-495c-ab1f-861b8749d53b,22d18fff-bc9c-4b12-8050-8a0ea992c164,22d18fff-bc9c-4b12-8050-8a0ea992c164,22d18fff-bc9c-4b12-8050-8a0ea992c164,00a63619-3fc9-4d91-aba8-d0eeba988f2c,07153861-cb2a-4769-9405-52a5179a019a,"U.P. Industrial Housing Act, 1955",pdf,88,NO MINISTRY,477,Labour,STATE,,,https://indiacode.gov.in/server/api/core/bitstreams/07153861-cb2a-4769-9405-52a5179a019a,https://indiacode.gov.in/server/api/core/bitstreams/07153861-cb2a-4769-9405-52a5179a019a/content,,hindi_23_of_1955.pdf.jpg,4312,,,2026-08-19 20:43:54.508234,IGNORED_NON_PDF
0d6ba3ac-b77b-4f5d-9475-a4f2a637fd04,22d2a6e0-7234-4cd2-b9f8-e86d6b1b7af9,22d2a6e0-7234-4cd2-b9f8-e86d6b1b7af9,22d2a6e0-7234-4cd2-b9f8-e86d6b1b7af9,421f6f66-b513-4ea7-8cf8-81d12cea7066,f38fd9b9-2d8d-4a67-97ca-9dad23c9705b,"No, 13/64/17-5hg2/1880",pdf,82,NO MINISTRY,932,Department of Industries and Commerce,STATE,,,https://indiacode.gov.in/server/api/core/bitstreams/f38fd9b9-2d8d-4a67-97ca-9dad23c9705b,https://indiacode.gov.in/server/api/core/bitstreams/f38fd9b9-2d8d-4a67-97ca-9dad23c9705b/content,D:/india_code_data/raw/india_code\pdf\central\unknown\22d2a6e0-7234-4cd2-b9f8-e86d6b1b7af9\f38fd9b9-2d8d-4a67-97ca-9dad23c9705b\original.pdf,19._notification_policy_housing_1880_compressed.pdf,1785256,1,7cdd3e279545a8a7a6bb182b5a111a80fc1b2a00a600a4204b73cc2168856573,2026-08-19 20:44:17.736275,VALIDATED
ca5849c5-9a63-449a-8fe2-b956c352dd83,22d2a6e0-7234-4cd2-b9f8-e86d6b1b7af9,22d2a6e0-7234-4cd2-b9f8-e86d6b1b7af9,22d2a6e0-7234-4cd2-b9f8-e86d6b1b7af9,0bcc2301-a68d-46fb-9049-d806abbf0123,989a3caf-e9bb-4352-8f50-e22ff400013e,"No, 13/64/17-5hg2/1880",pdf,82,NO MINISTRY,932,Department of Industries and Commerce,STATE,,,https://indiacode.gov.in/server/api/core/bitstreams/989a3caf-e9bb-4352-8f50-e22ff400013e,https://indiacode.gov.in/server/api/core/bitstreams/989a3caf-e9bb-4352-8f50-e22ff400013e/content,,19._notification_policy_housing_1880_compressed.pdf.txt,1576,,,2026-08-19 20:44:17.736275,IGNORED_NON_PDF
ecbc9d3e-87bb-4d6d-b3f4-f0bf403d41d0,22d2a6e0-7234-4cd2-b9f8-e86d6b1b7af9,22d2a6e0-7234-4cd2-b9f8-e86d6b1b7af9,22d2a6e0-7234-4cd2-b9f8-e86d6b1b7af9,365f949f-e12c-40ae-8a98-18db06622bd8,1e47fb75-6b17-4008-9fbb-beb9231abd6f,"No, 13/64/17-5hg2/1880",pdf,82,NO MINISTRY,932,Department of Industries and Commerce,STATE,,,https://indiacode.gov.in/server/api/core/bitstreams/1e47fb75-6b17-4008-9fbb-beb9231abd6f,https://indiacode.gov.in/server/api/core/bitstreams/1e47fb75-6b17-4008-9fbb-beb9231abd6f/content,,19._notification_policy_housing_1880_compressed.pdf.jpg,8862,,,2026-08-19 20:44:17.736275,IGNORED_NON_PDF
96588c8f-b68b-45d4-8124-586bff06c49b,22d3d9f6-31b4-4b2e-be94-2850dfce28d5,22d3d9f6-31b4-4b2e-be94-2850dfce28d5,22d3d9f6-31b4-4b2e-be94-2850dfce28d5,5f52c2c3-bac3-4c6e-b068-822d7f1b05ad,bbf0d4e6-6832-4c1e-bfaa-5b2f0ff2b4b6,"The Telangana Prohibition Act, 1995.",pdf,86,NO MINISTRY,767,Revenue,STATE,,,https://indiacode.gov.in/server/api/core/bitstreams/bbf0d4e6-6832-4c1e-bfaa-5b2f0ff2b4b6,https://indiacode.gov.in/server/api/core/bitstreams/bbf0d4e6-6832-4c1e-bfaa-5b2f0ff2b4b6/content,D:/india_code_data/raw/india_code\pdf\central\unknown\22d3d9f6-31b4-4b2e-be94-2850dfce28d5\bbf0d4e6-6832-4c1e-bfaa-5b2f0ff2b4b6\original.pdf,act_17_of_1995.pdf,216368,25,18aef7d7f63b9033e0dffc8a9e20c3da18429557d4a98926b70dd067f10de18d,2026-08-19 20:44:33.803102,VALIDATED
b8e16ecc-b70a-4156-a07f-1ad7922fd568,22d3d9f6-31b4-4b2e-be94-2850dfce28d5,22d3d9f6-31b4-4b2e-be94-2850dfce28d5,22d3d9f6-31b4-4b2e-be94-2850dfce28d5,7d721d19-fd73-4a04-8268-ec033588b893,0f4fdfed-4417-4ea8-ae60-d9db9e237eb0,"The Telangana Prohibition Act, 1995.",pdf,86,NO MINISTRY,767,Revenue,STATE,,,https://indiacode.gov.in/server/api/core/bitstreams/0f4fdfed-4417-4ea8-ae60-d9db9e237eb0,https://indiacode.gov.in/server/api/core/bitstreams/0f4fdfed-4417-4ea8-ae60-d9db9e237eb0/content,,act_17_of_1995.pdf.txt,41549,,,2026-08-19 20:44:33.803102,IGNORED_NON_PDF
c1ced36e-4361-477f-8f70-77886133ea5b,22d3d9f6-31b4-4b2e-be94-2850dfce28d5,22d3d9f6-31b4-4b2e-be94-2850dfce28d5,22d3d9f6-31b4-4b2e-be94-2850dfce28d5,5a6dbde1-2cad-43aa-84db-c3c4103b36f8,a235df05-c3e6-4267-b8a9-074a7fa381cd,"The Telangana Prohibition Act, 1995.",pdf,86,NO MINISTRY,767,Revenue,STATE,,,https://indiacode.gov.in/server/api/core/bitstreams/a235df05-c3e6-4267-b8a9-074a7fa381cd,https://indiacode.gov.in/server/api/core/bitstreams/a235df05-c3e6-4267-b8a9-074a7fa381cd/content,,act_17_of_1995.pdf.jpg,7488,,,2026-08-19 20:44:33.803102,IGNORED_NON_PDF
61549e60-91ee-4fd2-a8d9-09f22a93b9df,22d3fda3-e71c-4151-978c-79056fb9ad19,22d3fda3-e71c-4151-978c-79056fb9ad19,22d3fda3-e71c-4151-978c-79056fb9ad19,7774ae3d-d487-4b12-b466-f026e25175da,e15c2bb1-8f23-4673-831d-53a041d2fed2,"The Companies (cost records and audit) Rules, 2014",pdf,22,Ministry of Corporate Affairs,,UNKNOWN,CENTRAL,,,https://indiacode.gov.in/server/api/core/bitstreams/e15c2bb1-8f23-4673-831d-53a041d2fed2,https://indiacode.gov.in/server/api/core/bitstreams/e15c2bb1-8f23-4673-831d-53a041d2fed2/content,D:/india_code_data/raw/india_code\pdf\central\unknown\22d3fda3-e71c-4151-978c-79056fb9ad19\e15c2bb1-8f23-4673-831d-53a041d2fed2\original.pdf,The Companies (cost records and audit) .pdf,863600,63,59804c566475664e90c1b55598d6dc23f612ae2ce09d6d851c8c72b39cbaabc7,2026-08-19 20:44:49.299140,VALIDATED
3f919e73-6a70-4a69-b413-84d2807a54dc,22d3fda3-e71c-4151-978c-79056fb9ad19,22d3fda3-e71c-4151-978c-79056fb9ad19,22d3fda3-e71c-4151-978c-79056fb9ad19,eb5111a7-ee57-4496-b733-b13c30fb1cc6,999ea872-b450-4d29-82f7-9cb164c4687e,"The Companies (cost records and audit) Rules, 2014",pdf,22,Ministry of Corporate Affairs,,UNKNOWN,CENTRAL,,,https://indiacode.gov.in/server/api/core/bitstreams/999ea872-b450-4d29-82f7-9cb164c4687e,https://indiacode.gov.in/server/api/core/bitstreams/999ea872-b450-4d29-82f7-9cb164c4687e/content,,The Companies (cost records and audit) .pdf.txt,271228,,,2026-08-19 20:44:49.299140,IGNORED_NON_PDF
9d5c661e-d8ed-4309-9a2f-083b659c1fa1,22d3fda3-e71c-4151-978c-79056fb9ad19,22d3fda3-e71c-4151-978c-79056fb9ad19,22d3fda3-e71c-4151-978c-79056fb9ad19,6bc6df1a-e7d1-4b0d-b9ec-c38f12307bf9,2b7c03f7-55a1-4f2f-9730-b91742c59e17,"The Companies (cost records and audit) Rules, 2014",pdf,22,Ministry of Corporate Affairs,,UNKNOWN,CENTRAL,,,https://indiacode.gov.in/server/api/core/bitstreams/2b7c03f7-55a1-4f2f-9730-b91742c59e17,https://indiacode.gov.in/server/api/core/bitstreams/2b7c03f7-55a1-4f2f-9730-b91742c59e17/content,,The Companies (cost records and audit) .pdf.jpg,9280,,,2026-08-19 20:44:49.299140,IGNORED_NON_PDF
5bd241f5-9973-4652-976a-928ea0d99e6b,22d40b70-69ee-4936-9fac-ed26b06c8574,22d40b70-69ee-4936-9fac-ed26b06c8574,22d40b70-69ee-4936-9fac-ed26b06c8574,63261857-1fbf-45c4-a74e-28a10acde993,b26cd6a4-1ded-4386-8636-7d3d293d357e,"The Assam Professions, Trades, Callings and Employments Taxation (Amendment) Act, 1971",pdf,58,NO MINISTRY,532,Finance (Taxation) Department,STATE,,,https://indiacode.gov.in/server/api/core/bitstreams/b26cd6a4-1ded-4386-8636-7d3d293d357e,https://indiacode.gov.in/server/api/core/bitstreams/b26cd6a4-1ded-4386-8636-7d3d293d357e/content,D:/india_code_data/raw/india_code\pdf\central\unknown\22d40b70-69ee-4936-9fac-ed26b06c8574\b26cd6a4-1ded-4386-8636-7d3d293d357e\original.pdf,"the_assam_professions_trades,_callings_and_employment_taxation_(amendment)_act,_1971_(assam_act_xvii_of_1971)._0.pdf",1346491,4,d29bc045615c1d23731018c2a23bd35e5dd7b71dab9b322a102367a042b5816e,2026-08-19 20:45:02.812624,VALIDATED
aca47b99-5967-406f-9431-91b92b5457ba,22d40b70-69ee-4936-9fac-ed26b06c8574,22d40b70-69ee-4936-9fac-ed26b06c8574,22d40b70-69ee-4936-9fac-ed26b06c8574,6da103b9-666d-4270-bc93-63823b6366f1,355efc69-3206-497d-aef9-a9b05bc3afc0,"The Assam Professions, Trades, Callings and Employments Taxation (Amendment) Act, 1971",pdf,58,NO MINISTRY,532,Finance (Taxation) Department,STATE,,,https://indiacode.gov.in/server/api/core/bitstreams/355efc69-3206-497d-aef9-a9b05bc3afc0,https://indiacode.gov.in/server/api/core/bitstreams/355efc69-3206-497d-aef9-a9b05bc3afc0/content,,"the_assam_professions_trades,_callings_and_employment_taxation_(amendment)_act,_1971_(assam_act_xvii_of_1971)._0.pdf.txt",7579,,,2026-08-19 20:45:02.812624,IGNORED_NON_PDF
4791a783-a3a9-473b-b963-2b31a239809b,22d40b70-69ee-4936-9fac-ed26b06c8574,22d40b70-69ee-4936-9fac-ed26b06c8574,22d40b70-69ee-4936-9fac-ed26b06c8574,9c65e1cd-2762-4863-877e-70bdd898e33e,13cf9390-ccf5-4f7f-bf91-4ba462a4c43f,"The Assam Professions, Trades, Callings and Employments Taxation (Amendment) Act, 1971",pdf,58,NO MINISTRY,532,Finance (Taxation) Department,STATE,,,https://indiacode.gov.in/server/api/core/bitstreams/13cf9390-ccf5-4f7f-bf91-4ba462a4c43f,https://indiacode.gov.in/server/api/core/bitstreams/13cf9390-ccf5-4f7f-bf91-4ba462a4c43f/content,,"the_assam_professions_trades,_callings_and_employment_taxation_(amendment)_act,_1971_(assam_act_xvii_of_1971)._0.pdf.jpg",6734,,,2026-08-19 20:45:02.812624,IGNORED_NON_PDF
e9be891e-1d80-4f2b-833e-382239198d7a,22d45f2c-552b-4d13-929e-267e26de5c6a,22d45f2c-552b-4d13-929e-267e26de5c6a,22d45f2c-552b-4d13-929e-267e26de5c6a,07238755-d361-4f1c-9bb5-9a68350b0112,d677d3dc-c72e-48ad-91b8-66fe30ac695a,"The Punjab Apartment Ownership Act, 1995",pdf,82,NO MINISTRY,956,Department of Housing and Urban Development,STATE,,,https://indiacode.gov.in/server/api/core/bitstreams/d677d3dc-c72e-48ad-91b8-66fe30ac695a,https://indiacode.gov.in/server/api/core/bitstreams/d677d3dc-c72e-48ad-91b8-66fe30ac695a/content,,the_punjab_apartment_ownership_act.pdf,905889,,,2026-08-19 20:45:18.680160,FAILED
f3e6d885-e7c6-4ee7-aa80-d6340bdb8c14,22d45f2c-552b-4d13-929e-267e26de5c6a,22d45f2c-552b-4d13-929e-267e26de5c6a,22d45f2c-552b-4d13-929e-267e26de5c6a,69ef4d0e-20f6-468b-8de3-c936de43345d,25aa45ad-cc84-493c-bdd8-7a7a6b89e138,"The Punjab Apartment Ownership Act, 1995",pdf,82,NO MINISTRY,956,Department of Housing and Urban Development,STATE,,,https://indiacode.gov.in/server/api/core/bitstreams/25aa45ad-cc84-493c-bdd8-7a7a6b89e138,https://indiacode.gov.in/server/api/core/bitstreams/25aa45ad-cc84-493c-bdd8-7a7a6b89e138/content,,the_punjab_apartment_ownership_act.pdf.txt,75563,,,2026-08-19 20:45:18.680160,IGNORED_NON_PDF
1b0afc5f-3797-4927-8a06-279efd720be9,22d45f2c-552b-4d13-929e-267e26de5c6a,22d45f2c-552b-4d13-929e-267e26de5c6a,22d45f2c-552b-4d13-929e-267e26de5c6a,2ffde831-1f07-477c-821a-bb75ecb647ef,812737b5-4390-4571-9102-6d430858d4c9,"The Punjab Apartment Ownership Act, 1995",pdf,82,NO MINISTRY,956,Department of Housing and Urban Development,STATE,,,https://indiacode.gov.in/server/api/core/bitstreams/812737b5-4390-4571-9102-6d430858d4c9,https://indiacode.gov.in/server/api/core/bitstreams/812737b5-4390-4571-9102-6d430858d4c9/content,,the_punjab_apartment_ownership_act.pdf.jpg,5667,,,2026-08-19 20:45:18.680160,IGNORED_NON_PDF
924bbd45-9e1d-448d-9272-127287fa407c,22d6cd6e-b3ee-48bc-9038-cb394f1954df,22d6cd6e-b3ee-48bc-9038-cb394f1954df,22d6cd6e-b3ee-48bc-9038-cb394f1954df,82bab985-dc43-47e7-b98a-27ef5242f652,b4fe682e-96b2-4ec0-835d-e312700d1694,"Jharkhand Freedom of Religion Act, 2017",pdf,70,NO MINISTRY,725,"Home, Prison and Disaster Management Department, Government of Jharkhand",STATE,,,https://indiacode.gov.in/server/api/core/bitstreams/b4fe682e-96b2-4ec0-835d-e312700d1694,https://indiacode.gov.in/server/api/core/bitstreams/b4fe682e-96b2-4ec0-835d-e312700d1694/content,D:/india_code_data/raw/india_code\pdf\central\unknown\22d6cd6e-b3ee-48bc-9038-cb394f1954df\b4fe682e-96b2-4ec0-835d-e312700d1694\original.pdf,"jharkhand_freedom_of_religion_act,_2017_hindi.pdf",177981,9,ee95bf0f84ad58431d9f56d09a97b415690070883c1487c0c69f2d282f30ea2c,2026-08-19 20:46:04.021969,VALIDATED
d21ca274-8caa-46b9-a492-b2e10b4cef35,22d6cd6e-b3ee-48bc-9038-cb394f1954df,22d6cd6e-b3ee-48bc-9038-cb394f1954df,22d6cd6e-b3ee-48bc-9038-cb394f1954df,e84102cc-13bd-447d-bda0-3f1ff0245f80,9552b3ef-ed30-4e5e-9103-58afb96f6d75,"Jharkhand Freedom of Religion Act, 2017",pdf,70,NO MINISTRY,725,"Home, Prison and Disaster Management Department, Government of Jharkhand",STATE,,,https://indiacode.gov.in/server/api/core/bitstreams/9552b3ef-ed30-4e5e-9103-58afb96f6d75,https://indiacode.gov.in/server/api/core/bitstreams/9552b3ef-ed30-4e5e-9103-58afb96f6d75/content,,"jharkhand_freedom_of_religion_act,_2017_hindi.pdf.txt",22252,,,2026-08-19 20:46:04.021969,IGNORED_NON_PDF
00ddaa11-21f6-478a-a974-59531081c211,22d6cd6e-b3ee-48bc-9038-cb394f1954df,22d6cd6e-b3ee-48bc-9038-cb394f1954df,22d6cd6e-b3ee-48bc-9038-cb394f1954df,410e15e0-f7d0-42e2-8d1a-a4d9344aa9ce,7b8ebb93-7137-40d7-b792-1def805106e8,"Jharkhand Freedom of Religion Act, 2017",pdf,70,NO MINISTRY,725,"Home, Prison and Disaster Management Department, Government of Jharkhand",STATE,,,https://indiacode.gov.in/server/api/core/bitstreams/7b8ebb93-7137-40d7-b792-1def805106e8,https://indiacode.gov.in/server/api/core/bitstreams/7b8ebb93-7137-40d7-b792-1def805106e8/content,,"jharkhand_freedom_of_religion_act,_2017_hindi.pdf.jpg",8366,,,2026-08-19 20:46:04.021969,IGNORED_NON_PDF
dbd88f8f-4244-4748-b495-64d656416280,22d861a0-4cd8-4e69-84bb-2d77757e5342,22d861a0-4cd8-4e69-84bb-2d77757e5342,22d861a0-4cd8-4e69-84bb-2d77757e5342,3b578992-aed1-4ea3-a3a6-f5b40096a35b,6c4c0f67-256f-4199-8564-f482515620eb,"the Coinage (Issue of Commemorative Coin to commemorate on The occasion of 500th Birth Anniversary of Rani Durgavati) Rules, 2023.",pdf,2,Ministry of Finance,11,Department of Economic Affairs,CENTRAL,,,https://indiacode.gov.in/server/api/core/bitstreams/6c4c0f67-256f-4199-8564-f482515620eb,https://indiacode.gov.in/server/api/core/bitstreams/6c4c0f67-256f-4199-8564-f482515620eb/content,D:/india_code_data/raw/india_code\pdf\central\unknown\22d861a0-4cd8-4e69-84bb-2d77757e5342\6c4c0f67-256f-4199-8564-f482515620eb\original.pdf,249121.pdf,1621142,3,bdc48406874598a8044084b3b7217bd91af5294f857a6037d7330ed64dc58fcd,2026-08-19 20:46:22.103116,VALIDATED
4acfe1c5-8596-4627-bbdb-08b6e194c1f4,22d861a0-4cd8-4e69-84bb-2d77757e5342,22d861a0-4cd8-4e69-84bb-2d77757e5342,22d861a0-4cd8-4e69-84bb-2d77757e5342,3df85f30-ed6d-4092-87e2-2b387a65024e,ffa3b35e-a1a3-4b39-a669-62fcf16273ae,"the Coinage (Issue of Commemorative Coin to commemorate on The occasion of 500th Birth Anniversary of Rani Durgavati) Rules, 2023.",pdf,2,Ministry of Finance,11,Department of Economic Affairs,CENTRAL,,,https://indiacode.gov.in/server/api/core/bitstreams/ffa3b35e-a1a3-4b39-a669-62fcf16273ae,https://indiacode.gov.in/server/api/core/bitstreams/ffa3b35e-a1a3-4b39-a669-62fcf16273ae/content,,249121.pdf.txt,10022,,,2026-08-19 20:46:22.103116,IGNORED_NON_PDF
8cacc002-3aa0-45bf-8e27-d3e14afa24ca,22d861a0-4cd8-4e69-84bb-2d77757e5342,22d861a0-4cd8-4e69-84bb-2d77757e5342,22d861a0-4cd8-4e69-84bb-2d77757e5342,6d2537b5-b3fd-4daa-8eb6-6aba2797aad7,caf8f591-a181-4dd9-9f2f-151321d44757,"the Coinage (Issue of Commemorative Coin to commemorate on The occasion of 500th Birth Anniversary of Rani Durgavati) Rules, 2023.",pdf,2,Ministry of Finance,11,Department of Economic Affairs,CENTRAL,,,https://indiacode.gov.in/server/api/core/bitstreams/caf8f591-a181-4dd9-9f2f-151321d44757,https://indiacode.gov.in/server/api/core/bitstreams/caf8f591-a181-4dd9-9f2f-151321d44757/content,,249121.pdf.jpg,8742,,,2026-08-19 20:46:22.103116,IGNORED_NON_PDF
bb90ea06-bd7d-4269-9dd3-c026c8288c6f,22d9a003-40c1-4fed-9807-8a269359d09a,22d9a003-40c1-4fed-9807-8a269359d09a,22d9a003-40c1-4fed-9807-8a269359d09a,90f3f84a-6777-4bb5-9d5e-52fb94fc29f4,17d935c6-62f8-443c-a163-d8e31713fa19,"THE ASSAM LEGISLATIVE ASSEMBLY MEMBERS' SALARIES, ALLOWANCES, AMENITIES AND PENSIONS (AMENDMENT) ACT, 2019",pdf,58,NO MINISTRY,549,Parliamentary Affairs Department,STATE,,,https://indiacode.gov.in/server/api/core/bitstreams/17d935c6-62f8-443c-a163-d8e31713fa19,https://indiacode.gov.in/server/api/core/bitstreams/17d935c6-62f8-443c-a163-d8e31713fa19/content,D:/india_code_data/raw/india_code\pdf\central\unknown\22d9a003-40c1-4fed-9807-8a269359d09a\17d935c6-62f8-443c-a163-d8e31713fa19\original.pdf,the_assam_legislative_assembly_members_salaries_allowances_amenities_and_pensionsamendmentact_2019.pdf,625485,2,f3860109fc59219f09fc69ff9f130e71d3a1b73e3430aa4809aad3c18ba7560c,2026-08-19 20:46:40.087829,VALIDATED
d1327cc4-4365-4af3-9eb1-f6c54577f5cf,22d9a003-40c1-4fed-9807-8a269359d09a,22d9a003-40c1-4fed-9807-8a269359d09a,22d9a003-40c1-4fed-9807-8a269359d09a,16b28436-6fe7-4199-a41f-caad1548d203,f82c73c5-d54f-47cf-8ed7-baec1683fc27,"THE ASSAM LEGISLATIVE ASSEMBLY MEMBERS' SALARIES, ALLOWANCES, AMENITIES AND PENSIONS (AMENDMENT) ACT, 2019",pdf,58,NO MINISTRY,549,Parliamentary Affairs Department,STATE,,,https://indiacode.gov.in/server/api/core/bitstreams/f82c73c5-d54f-47cf-8ed7-baec1683fc27,https://indiacode.gov.in/server/api/core/bitstreams/f82c73c5-d54f-47cf-8ed7-baec1683fc27/content,,the_assam_legislative_assembly_members_salaries_allowances_amenities_and_pensionsamendmentact_2019.pdf.txt,2328,,,2026-08-19 20:46:40.087829,IGNORED_NON_PDF
b33c06b3-3a11-4d5f-9131-5d8fa1e6bcbb,22d9a003-40c1-4fed-9807-8a269359d09a,22d9a003-40c1-4fed-9807-8a269359d09a,22d9a003-40c1-4fed-9807-8a269359d09a,121b8a7a-fd3a-430d-8150-a625e78b4190,8a76f960-10e2-4da3-a1ff-e9b68d05cd20,"THE ASSAM LEGISLATIVE ASSEMBLY MEMBERS' SALARIES, ALLOWANCES, AMENITIES AND PENSIONS (AMENDMENT) ACT, 2019",pdf,58,NO MINISTRY,549,Parliamentary Affairs Department,STATE,,,https://indiacode.gov.in/server/api/core/bitstreams/8a76f960-10e2-4da3-a1ff-e9b68d05cd20,https://indiacode.gov.in/server/api/core/bitstreams/8a76f960-10e2-4da3-a1ff-e9b68d05cd20/content,,the_assam_legislative_assembly_members_salaries_allowances_amenities_and_pensionsamendmentact_2019.pdf.jpg,6985,,,2026-08-19 20:46:40.087829,IGNORED_NON_PDF
a70a61a4-a71a-4c03-a6fb-a2624216781c,22db80e3-f9eb-46f0-bcde-712a0953b1a7,22db80e3-f9eb-46f0-bcde-712a0953b1a7,22db80e3-f9eb-46f0-bcde-712a0953b1a7,3d234369-644d-48e1-b573-a5a2d4227288,d183aacd-3675-49c4-b01e-794176ff3924,"ಕರ್ನಾಟಕ ವೃತ್ತಿ ಶಿಕ್ಷಣ ಸಂಸ್ಥೆಗಳ (ಪ್ರವೇಶ ನಿಯಂತ್ರಣ ಮತ್ತು ಶುಲ್ಕ ನಿಗದಿ) (ವಿಶೇಷ ಉಪಬಂಧಗಳು) ಅಧ್ಯಾದೇಶ, 2007",pdf,71,NO MINISTRY,581,Education Department,STATE,,,https://indiacode.gov.in/server/api/core/bitstreams/d183aacd-3675-49c4-b01e-794176ff3924,https://indiacode.gov.in/server/api/core/bitstreams/d183aacd-3675-49c4-b01e-794176ff3924/content,D:/india_code_data/raw/india_code\pdf\central\unknown\22db80e3-f9eb-46f0-bcde-712a0953b1a7\d183aacd-3675-49c4-b01e-794176ff3924\original.pdf,1_of_2007_ordinance(k).pdf,127042,5,aa8fc42d98b87953096a72cec91e3bde2ed79b4e2b726e7ec93b31e6eea8a1ce,2026-08-19 20:46:58.860609,VALIDATED
c0236777-0c94-45ee-99f5-ef1f74afe65f,22db80e3-f9eb-46f0-bcde-712a0953b1a7,22db80e3-f9eb-46f0-bcde-712a0953b1a7,22db80e3-f9eb-46f0-bcde-712a0953b1a7,c2d70ffa-1c15-47ae-8d04-5bfa52118fb5,7d4f3c72-bf24-4954-b728-0e67afebe458,"ಕರ್ನಾಟಕ ವೃತ್ತಿ ಶಿಕ್ಷಣ ಸಂಸ್ಥೆಗಳ (ಪ್ರವೇಶ ನಿಯಂತ್ರಣ ಮತ್ತು ಶುಲ್ಕ ನಿಗದಿ) (ವಿಶೇಷ ಉಪಬಂಧಗಳು) ಅಧ್ಯಾದೇಶ, 2007",pdf,71,NO MINISTRY,581,Education Department,STATE,,,https://indiacode.gov.in/server/api/core/bitstreams/7d4f3c72-bf24-4954-b728-0e67afebe458,https://indiacode.gov.in/server/api/core/bitstreams/7d4f3c72-bf24-4954-b728-0e67afebe458/content,,1_of_2007_ordinance(k).pdf.txt,16206,,,2026-08-19 20:46:58.860609,IGNORED_NON_PDF
b078cd57-eb4e-4f25-b987-235458758faa,22db80e3-f9eb-46f0-bcde-712a0953b1a7,22db80e3-f9eb-46f0-bcde-712a0953b1a7,22db80e3-f9eb-46f0-bcde-712a0953b1a7,72ec9237-8a1b-42ab-9019-1efda5e3f33d,5abb5dc2-49f6-4124-a973-07aa7fdcea72,"ಕರ್ನಾಟಕ ವೃತ್ತಿ ಶಿಕ್ಷಣ ಸಂಸ್ಥೆಗಳ (ಪ್ರವೇಶ ನಿಯಂತ್ರಣ ಮತ್ತು ಶುಲ್ಕ ನಿಗದಿ) (ವಿಶೇಷ ಉಪಬಂಧಗಳು) ಅಧ್ಯಾದೇಶ, 2007",pdf,71,NO MINISTRY,581,Education Department,STATE,,,https://indiacode.gov.in/server/api/core/bitstreams/5abb5dc2-49f6-4124-a973-07aa7fdcea72,https://indiacode.gov.in/server/api/core/bitstreams/5abb5dc2-49f6-4124-a973-07aa7fdcea72/content,,1_of_2007_ordinance(k).pdf.jpg,4653,,,2026-08-19 20:46:58.860609,IGNORED_NON_PDF
70de1f3f-07d3-4c5d-88d7-3faf9491d9a5,22dc4b37-2afb-4c3b-9700-c8288850d345,22dc4b37-2afb-4c3b-9700-c8288850d345,22dc4b37-2afb-4c3b-9700-c8288850d345,8d82a771-2086-43d1-a5c2-6ee4a09f19a5,9311f651-1a8d-4fcd-a8b5-d8b3d9b24660,"The Indian Tariff (Second Amendment) Act 1951, 20 of 1951, (Rep., Act 36 of 1957)",pdf,,UNKNOWN,,UNKNOWN,CENTRAL,,,https://indiacode.gov.in/server/api/core/bitstreams/9311f651-1a8d-4fcd-a8b5-d8b3d9b24660,https://indiacode.gov.in/server/api/core/bitstreams/9311f651-1a8d-4fcd-a8b5-d8b3d9b24660/content,D:/india_code_data/raw/india_code\pdf\central\unknown\22dc4b37-2afb-4c3b-9700-c8288850d345\9311f651-1a8d-4fcd-a8b5-d8b3d9b24660\original.pdf,A1951-20.pdf,181424,5,909302e681bb01424fed5c0fe6fdd9155a47decdd383274dde97b76765818869,2026-08-19 20:47:13.220050,VALIDATED
c2a03efe-e55b-46ef-bd65-39af43dcc004,22dc4b37-2afb-4c3b-9700-c8288850d345,22dc4b37-2afb-4c3b-9700-c8288850d345,22dc4b37-2afb-4c3b-9700-c8288850d345,ed1af2ca-3d1c-47a9-a88f-4e0a4fd2bb33,389dc6fd-14fa-4a20-b913-0d49d3c43479,"The Indian Tariff (Second Amendment) Act 1951, 20 of 1951, (Rep., Act 36 of 1957)",pdf,,UNKNOWN,,UNKNOWN,CENTRAL,,,https://indiacode.gov.in/server/api/core/bitstreams/389dc6fd-14fa-4a20-b913-0d49d3c43479,https://indiacode.gov.in/server/api/core/bitstreams/389dc6fd-14fa-4a20-b913-0d49d3c43479/content,,A1951-20.pdf.txt,4919,,,2026-08-19 20:47:13.220050,IGNORED_NON_PDF
9fccb7ba-4cfd-487d-95d4-f3b7655c374f,22dc4b37-2afb-4c3b-9700-c8288850d345,22dc4b37-2afb-4c3b-9700-c8288850d345,22dc4b37-2afb-4c3b-9700-c8288850d345,7fb93357-f0e3-4e93-a41b-bd49782ff7b9,8b31acab-c5d0-49a5-9bdd-1e7a6352b20f,"The Indian Tariff (Second Amendment) Act 1951, 20 of 1951, (Rep., Act 36 of 1957)",pdf,,UNKNOWN,,UNKNOWN,CENTRAL,,,https://indiacode.gov.in/server/api/core/bitstreams/8b31acab-c5d0-49a5-9bdd-1e7a6352b20f,https://indiacode.gov.in/server/api/core/bitstreams/8b31acab-c5d0-49a5-9bdd-1e7a6352b20f/content,,A1951-20.pdf.jpg,7860,,,2026-08-19 20:47:13.220050,IGNORED_NON_PDF
e2cea2bf-92e3-4305-8672-7c66cf2f9ac0,22df2db5-7588-4469-8887-d69e2dd279a2,22df2db5-7588-4469-8887-d69e2dd279a2,22df2db5-7588-4469-8887-d69e2dd279a2,a7261eb7-b959-47fd-9538-2b3fc46f095a,a97e67fe-be05-413e-8dfd-89bfc61ce7e4,Sikkim Lokayukta Regulation 2016,pdf,131,No Ministry,674,Sikkim Legislative Assembly,STATE,,,https://indiacode.gov.in/server/api/core/bitstreams/a97e67fe-be05-413e-8dfd-89bfc61ce7e4,https://indiacode.gov.in/server/api/core/bitstreams/a97e67fe-be05-413e-8dfd-89bfc61ce7e4/content,D:/india_code_data/raw/india_code\pdf\central\unknown\22df2db5-7588-4469-8887-d69e2dd279a2\a97e67fe-be05-413e-8dfd-89bfc61ce7e4\original.pdf,"the_sikkim_lokayukta_regulations,_2016.pdf",527688,9,d279c1882337ddb908fe832c409e585583fdb89e44638bec20735ff2583549a5,2026-08-19 20:47:42.314262,VALIDATED
6ffaaf64-5962-45e6-a762-e417f89223d2,22df2db5-7588-4469-8887-d69e2dd279a2,22df2db5-7588-4469-8887-d69e2dd279a2,22df2db5-7588-4469-8887-d69e2dd279a2,dbed7613-189d-4db7-8c92-8779f3d56a2b,056668fd-228a-433e-b36c-e02fb0b19c7f,Sikkim Lokayukta Regulation 2016,pdf,131,No Ministry,674,Sikkim Legislative Assembly,STATE,,,https://indiacode.gov.in/server/api/core/bitstreams/056668fd-228a-433e-b36c-e02fb0b19c7f,https://indiacode.gov.in/server/api/core/bitstreams/056668fd-228a-433e-b36c-e02fb0b19c7f/content,,"the_sikkim_lokayukta_regulations,_2016.pdf.txt",13080,,,2026-08-19 20:47:42.314262,IGNORED_NON_PDF
0a670217-35b6-4363-bbca-3616adcec8ce,22df2db5-7588-4469-8887-d69e2dd279a2,22df2db5-7588-4469-8887-d69e2dd279a2,22df2db5-7588-4469-8887-d69e2dd279a2,ea0492a4-282c-4527-a2db-21ad2da5d424,404f4167-3919-4128-82dc-ed0eb80cd3a8,Sikkim Lokayukta Regulation 2016,pdf,131,No Ministry,674,Sikkim Legislative Assembly,STATE,,,https://indiacode.gov.in/server/api/core/bitstreams/404f4167-3919-4128-82dc-ed0eb80cd3a8,https://indiacode.gov.in/server/api/core/bitstreams/404f4167-3919-4128-82dc-ed0eb80cd3a8/content,,"the_sikkim_lokayukta_regulations,_2016.pdf.jpg",8503,,,2026-08-19 20:47:42.314262,IGNORED_NON_PDF
6009404a-6768-4746-8949-a5b94df68e0d,22e1607b-a943-4555-8403-44daa69444ba,22e1607b-a943-4555-8403-44daa69444ba,22e1607b-a943-4555-8403-44daa69444ba,ce1073ff-8145-4337-be43-9958405e0548,fa719732-2dbe-41b0-9ace-1a3857b12fc9,"THE MAHARISHI ARVIND UNIVERSITY, JAIPUR ACT, 2015",pdf,83,NO MINISTRY,1097,Higher Education Department,STATE,,,https://indiacode.gov.in/server/api/core/bitstreams/fa719732-2dbe-41b0-9ace-1a3857b12fc9,https://indiacode.gov.in/server/api/core/bitstreams/fa719732-2dbe-41b0-9ace-1a3857b12fc9/content,D:/india_code_data/raw/india_code\pdf\central\unknown\22e1607b-a943-4555-8403-44daa69444ba\fa719732-2dbe-41b0-9ace-1a3857b12fc9\original.pdf,maharishi_arvind_act_in_english_2015.pdf,614379,34,013dbef15e370be861eda33b758c1524e622ab1bc465d9414335999db88b411a,2026-08-19 20:48:00.708614,VALIDATED
0a7060b5-0f59-49d2-a4fd-4b0c2de2bbcd,22e1607b-a943-4555-8403-44daa69444ba,22e1607b-a943-4555-8403-44daa69444ba,22e1607b-a943-4555-8403-44daa69444ba,ce1073ff-8145-4337-be43-9958405e0548,b98bc6e4-2023-4a6a-97b6-02a5eb0cbe94,"THE MAHARISHI ARVIND UNIVERSITY, JAIPUR ACT, 2015",pdf,83,NO MINISTRY,1097,Higher Education Department,STATE,,,https://indiacode.gov.in/server/api/core/bitstreams/b98bc6e4-2023-4a6a-97b6-02a5eb0cbe94,https://indiacode.gov.in/server/api/core/bitstreams/b98bc6e4-2023-4a6a-97b6-02a5eb0cbe94/content,,maharishi_arvind_act_in_hindi_2015.pdf,4717212,,,2026-08-19 20:48:00.708614,FAILED
d62683e8-cf18-4c00-9d90-685d37b397a3,22e1607b-a943-4555-8403-44daa69444ba,22e1607b-a943-4555-8403-44daa69444ba,22e1607b-a943-4555-8403-44daa69444ba,1b5b2047-61f3-4f16-9981-b7718c2866c5,24876c17-4442-4f65-8dba-275c18dafc41,"THE MAHARISHI ARVIND UNIVERSITY, JAIPUR ACT, 2015",pdf,83,NO MINISTRY,1097,Higher Education Department,STATE,,,https://indiacode.gov.in/server/api/core/bitstreams/24876c17-4442-4f65-8dba-275c18dafc41,https://indiacode.gov.in/server/api/core/bitstreams/24876c17-4442-4f65-8dba-275c18dafc41/content,,maharishi_arvind_act_in_english_2015.pdf.txt,54824,,,2026-08-19 20:48:00.708614,IGNORED_NON_PDF
5abfe7d7-cf1b-4d6b-9d5c-6caa3717895f,22e1607b-a943-4555-8403-44daa69444ba,22e1607b-a943-4555-8403-44daa69444ba,22e1607b-a943-4555-8403-44daa69444ba,1b5b2047-61f3-4f16-9981-b7718c2866c5,78bdaef5-4af4-4d83-8a20-bd76fd3ffd78,"THE MAHARISHI ARVIND UNIVERSITY, JAIPUR ACT, 2015",pdf,83,NO MINISTRY,1097,Higher Education Department,STATE,,,https://indiacode.gov.in/server/api/core/bitstreams/78bdaef5-4af4-4d83-8a20-bd76fd3ffd78,https://indiacode.gov.in/server/api/core/bitstreams/78bdaef5-4af4-4d83-8a20-bd76fd3ffd78/content,,maharishi_arvind_act_in_hindi_2015.pdf.txt,785,,,2026-08-19 20:48:00.708614,IGNORED_NON_PDF
e8744adb-2c1d-464d-a3e0-c55b5efc8243,22e1607b-a943-4555-8403-44daa69444ba,22e1607b-a943-4555-8403-44daa69444ba,22e1607b-a943-4555-8403-44daa69444ba,8d4c07b7-a0f4-44e3-b769-cdf2ba1d6757,d21928ed-4f32-417a-beca-3bc022a20759,"THE MAHARISHI ARVIND UNIVERSITY, JAIPUR ACT, 2015",pdf,83,NO MINISTRY,1097,Higher Education Department,STATE,,,https://indiacode.gov.in/server/api/core/bitstreams/d21928ed-4f32-417a-beca-3bc022a20759,https://indiacode.gov.in/server/api/core/bitstreams/d21928ed-4f32-417a-beca-3bc022a20759/content,,maharishi_arvind_act_in_english_2015.pdf.jpg,7060,,,2026-08-19 20:48:00.708614,IGNORED_NON_PDF
d153c936-b137-4c9b-9bd7-64f182d1a765,22e1607b-a943-4555-8403-44daa69444ba,22e1607b-a943-4555-8403-44daa69444ba,22e1607b-a943-4555-8403-44daa69444ba,8d4c07b7-a0f4-44e3-b769-cdf2ba1d6757,7c8e9aba-5256-457c-b53a-53f6c84a0959,"THE MAHARISHI ARVIND UNIVERSITY, JAIPUR ACT, 2015",pdf,83,NO MINISTRY,1097,Higher Education Department,STATE,,,https://indiacode.gov.in/server/api/core/bitstreams/7c8e9aba-5256-457c-b53a-53f6c84a0959,https://indiacode.gov.in/server/api/core/bitstreams/7c8e9aba-5256-457c-b53a-53f6c84a0959/content,,maharishi_arvind_act_in_hindi_2015.pdf.jpg,9058,,,2026-08-19 20:48:00.708614,IGNORED_NON_PDF
b44c98d3-3a75-47b6-9219-db0510f3df39,22e167fb-da81-4232-92cb-675221213e46,22e167fb-da81-4232-92cb-675221213e46,22e167fb-da81-4232-92cb-675221213e46,7d3d867c-ccd4-486e-82dd-453c9d1da47f,fb022d09-d14a-4e2d-a73c-51dcd5f493a4,32/2017 Seeks to granting exemption to a casual taxable person making taxable supplies of handicraft goods from the requirement to obtain registration.,pdf,64,NO MINISTRY,854,Department of Trade & Taxes,UNION_TERRITORY,,,https://indiacode.gov.in/server/api/core/bitstreams/fb022d09-d14a-4e2d-a73c-51dcd5f493a4,https://indiacode.gov.in/server/api/core/bitstreams/fb022d09-d14a-4e2d-a73c-51dcd5f493a4/content,D:/india_code_data/raw/india_code\pdf\central\unknown\22e167fb-da81-4232-92cb-675221213e46\fb022d09-d14a-4e2d-a73c-51dcd5f493a4\original.pdf,08-11-2017_(716).pdf,3240142,3,db77baf5d6a415e5d2ad7879257c04ba51e50b6ed7057a1a29cb278c7de00b5b,2026-08-19 20:48:54.827265,VALIDATED
5d1b4dd4-a1b7-4520-a187-5f4192be469c,22e167fb-da81-4232-92cb-675221213e46,22e167fb-da81-4232-92cb-675221213e46,22e167fb-da81-4232-92cb-675221213e46,0d3ec401-ddc0-48e4-b1e1-57e1ef09c990,efadcd4b-4ab5-4b6f-bf4c-740208ef6585,32/2017 Seeks to granting exemption to a casual taxable person making taxable supplies of handicraft goods from the requirement to obtain registration.,pdf,64,NO MINISTRY,854,Department of Trade & Taxes,UNION_TERRITORY,,,https://indiacode.gov.in/server/api/core/bitstreams/efadcd4b-4ab5-4b6f-bf4c-740208ef6585,https://indiacode.gov.in/server/api/core/bitstreams/efadcd4b-4ab5-4b6f-bf4c-740208ef6585/content,,08-11-2017_(716).pdf.txt,5175,,,2026-08-19 20:48:54.827265,IGNORED_NON_PDF
3755b918-a001-4c98-b892-e0102ba8406c,22e167fb-da81-4232-92cb-675221213e46,22e167fb-da81-4232-92cb-675221213e46,22e167fb-da81-4232-92cb-675221213e46,a8a71bc0-5673-47be-84da-aef16dbb5c2f,b8880bed-f9e6-4657-8ffa-d39695cb134e,32/2017 Seeks to granting exemption to a casual taxable person making taxable supplies of handicraft goods from the requirement to obtain registration.,pdf,64,NO MINISTRY,854,Department of Trade & Taxes,UNION_TERRITORY,,,https://indiacode.gov.in/server/api/core/bitstreams/b8880bed-f9e6-4657-8ffa-d39695cb134e,https://indiacode.gov.in/server/api/core/bitstreams/b8880bed-f9e6-4657-8ffa-d39695cb134e/content,,08-11-2017_(716).pdf.jpg,9684,,,2026-08-19 20:48:54.827265,IGNORED_NON_PDF
32cbb27d-cd62-4a47-87f5-9fe1231a1be2,22e376f7-86de-4e05-a0f4-763297224082,22e376f7-86de-4e05-a0f4-763297224082,22e376f7-86de-4e05-a0f4-763297224082,d22c3648-e376-4d85-aadc-bf0866ef49ad,fe419e77-3a6f-426f-9c89-1ebdfb81815d,circular_no_2425021,pdf,88,NO MINISTRY,448,State tax,STATE,,,https://indiacode.gov.in/server/api/core/bitstreams/fe419e77-3a6f-426f-9c89-1ebdfb81815d,https://indiacode.gov.in/server/api/core/bitstreams/fe419e77-3a6f-426f-9c89-1ebdfb81815d/content,D:/india_code_data/raw/india_code\pdf\central\unknown\22e376f7-86de-4e05-a0f4-763297224082\fe419e77-3a6f-426f-9c89-1ebdfb81815d\original.pdf,circular_no_2425021.pdf,3751496,5,80b0022a0158733dfbda3862c7b741631f4cc76b0faa49abc7d2bdf8c41aed95,2026-08-19 20:49:25.997999,VALIDATED
d37b7d2f-07d6-44ff-8cc8-b4efbfb9af8e,22e376f7-86de-4e05-a0f4-763297224082,22e376f7-86de-4e05-a0f4-763297224082,22e376f7-86de-4e05-a0f4-763297224082,d22c3648-e376-4d85-aadc-bf0866ef49ad,6a75a30f-a1e8-47ff-aeb3-1f9c2371fe22,circular_no_2425021,pdf,88,NO MINISTRY,448,State tax,STATE,,,https://indiacode.gov.in/server/api/core/bitstreams/6a75a30f-a1e8-47ff-aeb3-1f9c2371fe22,https://indiacode.gov.in/server/api/core/bitstreams/6a75a30f-a1e8-47ff-aeb3-1f9c2371fe22/content,D:/india_code_data/raw/india_code\pdf\central\unknown\22e376f7-86de-4e05-a0f4-763297224082\6a75a30f-a1e8-47ff-aeb3-1f9c2371fe22\original.pdf,gst_section.pdf,265148,1,0c79ba95548ed519bc58074c6f37f93b843847813e418e89466ac40d676cbda1,2026-08-19 20:49:25.997999,VALIDATED
ec57439b-83af-4c98-bea7-991a625323cd,22e376f7-86de-4e05-a0f4-763297224082,22e376f7-86de-4e05-a0f4-763297224082,22e376f7-86de-4e05-a0f4-763297224082,89f6b8f5-24a3-4d99-bd64-50a06fdd8a46,85914c29-ad55-4f3b-8d3d-0d8fb106cb0c,circular_no_2425021,pdf,88,NO MINISTRY,448,State tax,STATE,,,https://indiacode.gov.in/server/api/core/bitstreams/85914c29-ad55-4f3b-8d3d-0d8fb106cb0c,https://indiacode.gov.in/server/api/core/bitstreams/85914c29-ad55-4f3b-8d3d-0d8fb106cb0c/content,,circular_no_2425021.pdf.txt,6918,,,2026-08-19 20:49:25.997999,IGNORED_NON_PDF
ba68d93b-c827-456c-bb3f-9fca8176ffe2,22e376f7-86de-4e05-a0f4-763297224082,22e376f7-86de-4e05-a0f4-763297224082,22e376f7-86de-4e05-a0f4-763297224082,89f6b8f5-24a3-4d99-bd64-50a06fdd8a46,7da6d7c9-c83a-4628-afb1-629ca3409001,circular_no_2425021,pdf,88,NO MINISTRY,448,State tax,STATE,,,https://indiacode.gov.in/server/api/core/bitstreams/7da6d7c9-c83a-4628-afb1-629ca3409001,https://indiacode.gov.in/server/api/core/bitstreams/7da6d7c9-c83a-4628-afb1-629ca3409001/content,,gst_section.pdf.txt,400,,,2026-08-19 20:49:25.997999,IGNORED_NON_PDF
4a4f1789-5c53-4cf4-ad4f-da08bcb200fd,22e376f7-86de-4e05-a0f4-763297224082,22e376f7-86de-4e05-a0f4-763297224082,22e376f7-86de-4e05-a0f4-763297224082,62d28248-1de3-4d98-b620-29a436b13e91,1f9ca44a-0b8a-48a3-8e84-55ea9ddd2908,circular_no_2425021,pdf,88,NO MINISTRY,448,State tax,STATE,,,https://indiacode.gov.in/server/api/core/bitstreams/1f9ca44a-0b8a-48a3-8e84-55ea9ddd2908,https://indiacode.gov.in/server/api/core/bitstreams/1f9ca44a-0b8a-48a3-8e84-55ea9ddd2908/content,,circular_no_2425021.pdf.jpg,6868,,,2026-08-19 20:49:25.997999,IGNORED_NON_PDF
d6553846-bc3d-4f84-882b-30539d7b66fa,22e376f7-86de-4e05-a0f4-763297224082,22e376f7-86de-4e05-a0f4-763297224082,22e376f7-86de-4e05-a0f4-763297224082,62d28248-1de3-4d98-b620-29a436b13e91,a691fef9-a8a8-42c8-9a9a-faa0a002f19d,circular_no_2425021,pdf,88,NO MINISTRY,448,State tax,STATE,,,https://indiacode.gov.in/server/api/core/bitstreams/a691fef9-a8a8-42c8-9a9a-faa0a002f19d,https://indiacode.gov.in/server/api/core/bitstreams/a691fef9-a8a8-42c8-9a9a-faa0a002f19d/content,,gst_section.pdf.jpg,5278,,,2026-08-19 20:49:25.997999,IGNORED_NON_PDF
0fdc9b0f-6389-479f-a346-4a75a61f49c7,22e4a7e6-0a1c-497e-96c3-88298fa88625,22e4a7e6-0a1c-497e-96c3-88298fa88625,22e4a7e6-0a1c-497e-96c3-88298fa88625,4d1d282b-c858-4585-907a-71c4d5b6d7d1,52abbfe9-613e-4462-be21-f8b72285c129,"The Reviving Act 15 of 1867, Act 1872, 2 of 1872 (Rep., Act 4 of 1873)",pdf,,UNKNOWN,,UNKNOWN,CENTRAL,,,https://indiacode.gov.in/server/api/core/bitstreams/52abbfe9-613e-4462-be21-f8b72285c129,https://indiacode.gov.in/server/api/core/bitstreams/52abbfe9-613e-4462-be21-f8b72285c129/content,D:/india_code_data/raw/india_code\pdf\central\unknown\22e4a7e6-0a1c-497e-96c3-88298fa88625\52abbfe9-613e-4462-be21-f8b72285c129\original.pdf,A1872-2.pdf,86290,2,f7889d5fe5c35a2c71063ccf65ea22419990a5ea83e51da6be3d6e4493ad7dfa,2026-08-19 20:50:03.836830,VALIDATED
78688895-21fc-4926-93d1-a6e61ced84c9,22e4a7e6-0a1c-497e-96c3-88298fa88625,22e4a7e6-0a1c-497e-96c3-88298fa88625,22e4a7e6-0a1c-497e-96c3-88298fa88625,f416f58b-acb6-4d69-b871-2895dc3a2b00,a3228952-6457-42c9-869b-4f56da43fb8b,"The Reviving Act 15 of 1867, Act 1872, 2 of 1872 (Rep., Act 4 of 1873)",pdf,,UNKNOWN,,UNKNOWN,CENTRAL,,,https://indiacode.gov.in/server/api/core/bitstreams/a3228952-6457-42c9-869b-4f56da43fb8b,https://indiacode.gov.in/server/api/core/bitstreams/a3228952-6457-42c9-869b-4f56da43fb8b/content,,A1872-2.pdf.txt,850,,,2026-08-19 20:50:03.836830,IGNORED_NON_PDF
98531e3d-77c4-4f36-8e88-0fd9bfcaca71,22e4a7e6-0a1c-497e-96c3-88298fa88625,22e4a7e6-0a1c-497e-96c3-88298fa88625,22e4a7e6-0a1c-497e-96c3-88298fa88625,337011ba-1da6-4bc1-bd45-71f768766184,85813329-71bc-4ac6-a724-6b2592f6faa3,"The Reviving Act 15 of 1867, Act 1872, 2 of 1872 (Rep., Act 4 of 1873)",pdf,,UNKNOWN,,UNKNOWN,CENTRAL,,,https://indiacode.gov.in/server/api/core/bitstreams/85813329-71bc-4ac6-a724-6b2592f6faa3,https://indiacode.gov.in/server/api/core/bitstreams/85813329-71bc-4ac6-a724-6b2592f6faa3/content,,A1872-2.pdf.jpg,7425,,,2026-08-19 20:50:03.836830,IGNORED_NON_PDF
567f5d01-e8f9-412e-8632-b836cae096c1,22e71593-373a-4594-befe-792f3872b958,22e71593-373a-4594-befe-792f3872b958,22e71593-373a-4594-befe-792f3872b958,15167e8e-7cf7-4922-89ec-aed8bc05860d,877ef0d9-6308-4ed4-bf47-850c0f25c13a,GSR-9 NSG (Group-B Post),pdf,5,Ministry of Home Affairs,23,Department of Internal Security,CENTRAL,,,https://indiacode.gov.in/server/api/core/bitstreams/877ef0d9-6308-4ed4-bf47-850c0f25c13a,https://indiacode.gov.in/server/api/core/bitstreams/877ef0d9-6308-4ed4-bf47-850c0f25c13a/content,D:/india_code_data/raw/india_code\pdf\central\unknown\22e71593-373a-4594-befe-792f3872b958\877ef0d9-6308-4ed4-bf47-850c0f25c13a\original.pdf,gsr-9_rrs_of_group_b_gazetted_posts.pdf,999246,3,0aca7f5caf4d2aefd865928accaaefcb19951fff3b04dc986723883b08d70c17,2026-08-19 20:50:22.225725,VALIDATED
b334be34-8e15-4682-860f-9c711aff8358,22e71593-373a-4594-befe-792f3872b958,22e71593-373a-4594-befe-792f3872b958,22e71593-373a-4594-befe-792f3872b958,15167e8e-7cf7-4922-89ec-aed8bc05860d,2a124dde-1253-4c6e-a051-9b56e037772b,GSR-9 NSG (Group-B Post),pdf,5,Ministry of Home Affairs,23,Department of Internal Security,CENTRAL,,,https://indiacode.gov.in/server/api/core/bitstreams/2a124dde-1253-4c6e-a051-9b56e037772b,https://indiacode.gov.in/server/api/core/bitstreams/2a124dde-1253-4c6e-a051-9b56e037772b/content,D:/india_code_data/raw/india_code\pdf\central\unknown\22e71593-373a-4594-befe-792f3872b958\2a124dde-1253-4c6e-a051-9b56e037772b\original.pdf,gsr-53_rrs_of_group_b_non-gazetted_posts.pdf,2933478,8,cec82f181e3f390eb9fe0e418037221833373dc40051b2bbb22a7e2b39834053,2026-08-19 20:50:22.225725,VALIDATED
c08a4d00-0f9b-4e8a-8b91-47fef1410e28,22e71593-373a-4594-befe-792f3872b958,22e71593-373a-4594-befe-792f3872b958,22e71593-373a-4594-befe-792f3872b958,f9621449-6510-4dbf-8a45-7ee79314311c,662df5a5-acf5-459c-9b43-f27e2b04101b,GSR-9 NSG (Group-B Post),pdf,5,Ministry of Home Affairs,23,Department of Internal Security,CENTRAL,,,https://indiacode.gov.in/server/api/core/bitstreams/662df5a5-acf5-459c-9b43-f27e2b04101b,https://indiacode.gov.in/server/api/core/bitstreams/662df5a5-acf5-459c-9b43-f27e2b04101b/content,,gsr-9_rrs_of_group_b_gazetted_posts.pdf.txt,5460,,,2026-08-19 20:50:22.225725,IGNORED_NON_PDF
a36a38e4-fdd7-48a1-af4c-813548e5911e,22e71593-373a-4594-befe-792f3872b958,22e71593-373a-4594-befe-792f3872b958,22e71593-373a-4594-befe-792f3872b958,f9621449-6510-4dbf-8a45-7ee79314311c,3bc8b623-1ae2-4633-bcb9-92ef8cdd6a67,GSR-9 NSG (Group-B Post),pdf,5,Ministry of Home Affairs,23,Department of Internal Security,CENTRAL,,,https://indiacode.gov.in/server/api/core/bitstreams/3bc8b623-1ae2-4633-bcb9-92ef8cdd6a67,https://indiacode.gov.in/server/api/core/bitstreams/3bc8b623-1ae2-4633-bcb9-92ef8cdd6a67/content,,gsr-53_rrs_of_group_b_non-gazetted_posts.pdf.txt,13908,,,2026-08-19 20:50:22.225725,IGNORED_NON_PDF
b3916f40-5376-4870-9601-afdda59d80ea,22e71593-373a-4594-befe-792f3872b958,22e71593-373a-4594-befe-792f3872b958,22e71593-373a-4594-befe-792f3872b958,30d68d48-0889-4020-8914-fd9941583d0e,1bf664db-51a1-4a70-821e-dcd344413499,GSR-9 NSG (Group-B Post),pdf,5,Ministry of Home Affairs,23,Department of Internal Security,CENTRAL,,,https://indiacode.gov.in/server/api/core/bitstreams/1bf664db-51a1-4a70-821e-dcd344413499,https://indiacode.gov.in/server/api/core/bitstreams/1bf664db-51a1-4a70-821e-dcd344413499/content,,gsr-9_rrs_of_group_b_gazetted_posts.pdf.jpg,4815,,,2026-08-19 20:50:22.225725,IGNORED_NON_PDF
a33be3ac-3bd6-47e4-92e7-d07e8f09a79d,22e71593-373a-4594-befe-792f3872b958,22e71593-373a-4594-befe-792f3872b958,22e71593-373a-4594-befe-792f3872b958,30d68d48-0889-4020-8914-fd9941583d0e,ac3adb43-4a0d-4f37-a84a-90d7fbe85edc,GSR-9 NSG (Group-B Post),pdf,5,Ministry of Home Affairs,23,Department of Internal Security,CENTRAL,,,https://indiacode.gov.in/server/api/core/bitstreams/ac3adb43-4a0d-4f37-a84a-90d7fbe85edc,https://indiacode.gov.in/server/api/core/bitstreams/ac3adb43-4a0d-4f37-a84a-90d7fbe85edc/content,,gsr-53_rrs_of_group_b_non-gazetted_posts.pdf.jpg,5121,,,2026-08-19 20:50:22.225725,IGNORED_NON_PDF
35a5d217-357a-4d12-8696-2f08766dbb87,22ebcbd7-affc-4783-a05e-7b91204749dc,22ebcbd7-affc-4783-a05e-7b91204749dc,22ebcbd7-affc-4783-a05e-7b91204749dc,eff1cb05-2ab6-4829-b66a-2f03cefccee7,eb851f41-a2f9-4e14-b001-62db2b8e80e0,"The Lakshadweep Value Added Tax Regulation, 2022",pdf,,UNKNOWN,,UNKNOWN,CENTRAL,,,https://indiacode.gov.in/server/api/core/bitstreams/eb851f41-a2f9-4e14-b001-62db2b8e80e0,https://indiacode.gov.in/server/api/core/bitstreams/eb851f41-a2f9-4e14-b001-62db2b8e80e0/content,D:/india_code_data/raw/india_code\pdf\central\unknown\22ebcbd7-affc-4783-a05e-7b91204749dc\eb851f41-a2f9-4e14-b001-62db2b8e80e0\original.pdf,2022-1.pdf,630593,9,03f0e63d1f7d976fa773fa9e536440124a37a47258052c20ff92706aefd76e4b,2026-08-19 20:50:55.422680,VALIDATED
02fd3207-8660-4ff2-93f4-57188ecc8d52,22ebcbd7-affc-4783-a05e-7b91204749dc,22ebcbd7-affc-4783-a05e-7b91204749dc,22ebcbd7-affc-4783-a05e-7b91204749dc,c49b6ddd-db39-4fc0-84b4-b806379ad1c0,02e2ee3d-6ec8-44b5-8a46-51464a4c5956,"The Lakshadweep Value Added Tax Regulation, 2022",pdf,,UNKNOWN,,UNKNOWN,CENTRAL,,,https://indiacode.gov.in/server/api/core/bitstreams/02e2ee3d-6ec8-44b5-8a46-51464a4c5956,https://indiacode.gov.in/server/api/core/bitstreams/02e2ee3d-6ec8-44b5-8a46-51464a4c5956/content,,2022-1.pdf.txt,28713,,,2026-08-19 20:50:55.422680,IGNORED_NON_PDF
03f48f0f-db74-4f19-b155-39fa082cb2e8,22ebcbd7-affc-4783-a05e-7b91204749dc,22ebcbd7-affc-4783-a05e-7b91204749dc,22ebcbd7-affc-4783-a05e-7b91204749dc,5b9aa941-ee7f-40b0-9253-4c6392f980e0,c746e27d-9ae7-4764-84fd-cacda069e74d,"The Lakshadweep Value Added Tax Regulation, 2022",pdf,,UNKNOWN,,UNKNOWN,CENTRAL,,,https://indiacode.gov.in/server/api/core/bitstreams/c746e27d-9ae7-4764-84fd-cacda069e74d,https://indiacode.gov.in/server/api/core/bitstreams/c746e27d-9ae7-4764-84fd-cacda069e74d/content,,2022-1.pdf.jpg,7767,,,2026-08-19 20:50:55.422680,IGNORED_NON_PDF
c9a46d27-5152-40d0-9051-f4dde47aab03,22ed2d79-ae3c-4930-ac6b-65a0d9af7404,22ed2d79-ae3c-4930-ac6b-65a0d9af7404,22ed2d79-ae3c-4930-ac6b-65a0d9af7404,1c8a0dee-4e3f-4f81-a70b-c4ee8d4312b7,d0c47407-6cf5-4d00-b1bb-913febf9fbf4,"THE UNITED PROVINCES INDUSTRIAL DISPUTE ACT, 1947",pdf,88,NO MINISTRY,477,Labour,STATE,,,https://indiacode.gov.in/server/api/core/bitstreams/d0c47407-6cf5-4d00-b1bb-913febf9fbf4,https://indiacode.gov.in/server/api/core/bitstreams/d0c47407-6cf5-4d00-b1bb-913febf9fbf4/content,D:/india_code_data/raw/india_code\pdf\central\unknown\22ed2d79-ae3c-4930-ac6b-65a0d9af7404\d0c47407-6cf5-4d00-b1bb-913febf9fbf4\original.pdf,english_28_of_1947.pdf,266530,37,b5abeed492e77ca0b018153b65b87ff40f9595513b87aed24e8bd9edb6030ad5,2026-08-19 20:51:14.455686,VALIDATED
b92efc49-8ae1-4c2c-b749-07302da35bf3,22ed2d79-ae3c-4930-ac6b-65a0d9af7404,22ed2d79-ae3c-4930-ac6b-65a0d9af7404,22ed2d79-ae3c-4930-ac6b-65a0d9af7404,1c8a0dee-4e3f-4f81-a70b-c4ee8d4312b7,a5b124c1-03b3-43fe-87d3-2e613e8f3b33,"THE UNITED PROVINCES INDUSTRIAL DISPUTE ACT, 1947",pdf,88,NO MINISTRY,477,Labour,STATE,,,https://indiacode.gov.in/server/api/core/bitstreams/a5b124c1-03b3-43fe-87d3-2e613e8f3b33,https://indiacode.gov.in/server/api/core/bitstreams/a5b124c1-03b3-43fe-87d3-2e613e8f3b33/content,D:/india_code_data/raw/india_code\pdf\central\unknown\22ed2d79-ae3c-4930-ac6b-65a0d9af7404\a5b124c1-03b3-43fe-87d3-2e613e8f3b33\original.pdf,hindi_28_of_1947.pdf,1954743,37,4bda6d43d0fa92552502e2dfe0e1ebb1426a9633addd44258be90b243c4fb24a,2026-08-19 20:51:14.455686,VALIDATED
de651a77-aff9-4463-aeda-3be883422ffe,22ed2d79-ae3c-4930-ac6b-65a0d9af7404,22ed2d79-ae3c-4930-ac6b-65a0d9af7404,22ed2d79-ae3c-4930-ac6b-65a0d9af7404,3339d4c1-dfbc-44d1-9cf2-564a3c9fcfe1,1fd0ec9b-71ce-4276-be7d-9c47dd9e11f3,"THE UNITED PROVINCES INDUSTRIAL DISPUTE ACT, 1947",pdf,88,NO MINISTRY,477,Labour,STATE,,,https://indiacode.gov.in/server/api/core/bitstreams/1fd0ec9b-71ce-4276-be7d-9c47dd9e11f3,https://indiacode.gov.in/server/api/core/bitstreams/1fd0ec9b-71ce-4276-be7d-9c47dd9e11f3/content,,english_28_of_1947.pdf.txt,97927,,,2026-08-19 20:51:14.455686,IGNORED_NON_PDF
6bd729b3-a15c-4a85-b809-2b4bc8edb36a,22ed2d79-ae3c-4930-ac6b-65a0d9af7404,22ed2d79-ae3c-4930-ac6b-65a0d9af7404,22ed2d79-ae3c-4930-ac6b-65a0d9af7404,3339d4c1-dfbc-44d1-9cf2-564a3c9fcfe1,29fc4e17-e115-4a35-bd9a-ebe3c1a1d371,"THE UNITED PROVINCES INDUSTRIAL DISPUTE ACT, 1947",pdf,88,NO MINISTRY,477,Labour,STATE,,,https://indiacode.gov.in/server/api/core/bitstreams/29fc4e17-e115-4a35-bd9a-ebe3c1a1d371,https://indiacode.gov.in/server/api/core/bitstreams/29fc4e17-e115-4a35-bd9a-ebe3c1a1d371/content,,hindi_28_of_1947.pdf.txt,102421,,,2026-08-19 20:51:14.455686,IGNORED_NON_PDF
f86f1b8a-ac95-4e8d-b008-21b6cfa53041,22ed2d79-ae3c-4930-ac6b-65a0d9af7404,22ed2d79-ae3c-4930-ac6b-65a0d9af7404,22ed2d79-ae3c-4930-ac6b-65a0d9af7404,688f6caf-3386-443d-ae8b-13711e888215,1eb56cde-7716-453a-88ec-6e3997e16218,"THE UNITED PROVINCES INDUSTRIAL DISPUTE ACT, 1947",pdf,88,NO MINISTRY,477,Labour,STATE,,,https://indiacode.gov.in/server/api/core/bitstreams/1eb56cde-7716-453a-88ec-6e3997e16218,https://indiacode.gov.in/server/api/core/bitstreams/1eb56cde-7716-453a-88ec-6e3997e16218/content,,english_28_of_1947.pdf.jpg,7269,,,2026-08-19 20:51:14.455686,IGNORED_NON_PDF
bbf0f336-9e6a-4aa5-96ff-87005a54bfce,22ed2d79-ae3c-4930-ac6b-65a0d9af7404,22ed2d79-ae3c-4930-ac6b-65a0d9af7404,22ed2d79-ae3c-4930-ac6b-65a0d9af7404,688f6caf-3386-443d-ae8b-13711e888215,ac34f807-1311-4f8b-a33c-deadf8484c11,"THE UNITED PROVINCES INDUSTRIAL DISPUTE ACT, 1947",pdf,88,NO MINISTRY,477,Labour,STATE,,,https://indiacode.gov.in/server/api/core/bitstreams/ac34f807-1311-4f8b-a33c-deadf8484c11,https://indiacode.gov.in/server/api/core/bitstreams/ac34f807-1311-4f8b-a33c-deadf8484c11/content,,hindi_28_of_1947.pdf.jpg,4314,,,2026-08-19 20:51:14.455686,IGNORED_NON_PDF
d0d979b8-e680-4ff8-a74b-db55c64987d0,2438aa95-8df3-4896-bb69-5a6d12d7d093,2438aa95-8df3-4896-bb69-5a6d12d7d093,2438aa95-8df3-4896-bb69-5a6d12d7d093,4ce3ecdf-4674-41ab-a5e8-4a9b050d81d0,7d414648-4bd1-41e0-9fb4-21536f264797,Sukhna Wildlife Sanctuary (Haryana) S.O. No. 4874(E),pdf,16,"Ministry of Environment, Forest and Climate Change",,UNKNOWN,CENTRAL,,,https://indiacode.gov.in/server/api/core/bitstreams/7d414648-4bd1-41e0-9fb4-21536f264797,https://indiacode.gov.in/server/api/core/bitstreams/7d414648-4bd1-41e0-9fb4-21536f264797/content,,sukhna_final_notification.pdf,2691040,,,2026-08-19 20:51:40.621967,FAILED
f3551b3e-7489-461b-92e5-1133125b9b94,2438aa95-8df3-4896-bb69-5a6d12d7d093,2438aa95-8df3-4896-bb69-5a6d12d7d093,2438aa95-8df3-4896-bb69-5a6d12d7d093,f8e62755-1e5b-4578-9f2f-686f63169b80,ac367206-dc9e-48be-a98f-2f4952e8a32e,Sukhna Wildlife Sanctuary (Haryana) S.O. No. 4874(E),pdf,16,"Ministry of Environment, Forest and Climate Change",,UNKNOWN,CENTRAL,,,https://indiacode.gov.in/server/api/core/bitstreams/ac367206-dc9e-48be-a98f-2f4952e8a32e,https://indiacode.gov.in/server/api/core/bitstreams/ac367206-dc9e-48be-a98f-2f4952e8a32e/content,,sukhna_final_notification.pdf.txt,151168,,,2026-08-19 20:51:40.621967,IGNORED_NON_PDF
5c893761-887a-487f-9dd4-83f9a8ee7da2,2438aa95-8df3-4896-bb69-5a6d12d7d093,2438aa95-8df3-4896-bb69-5a6d12d7d093,2438aa95-8df3-4896-bb69-5a6d12d7d093,1bb2eee4-59ac-452c-8be3-03cd0b27e296,426a1261-8422-4979-98dc-1fcd3716b7fc,Sukhna Wildlife Sanctuary (Haryana) S.O. No. 4874(E),pdf,16,"Ministry of Environment, Forest and Climate Change",,UNKNOWN,CENTRAL,,,https://indiacode.gov.in/server/api/core/bitstreams/426a1261-8422-4979-98dc-1fcd3716b7fc,https://indiacode.gov.in/server/api/core/bitstreams/426a1261-8422-4979-98dc-1fcd3716b7fc/content,,sukhna_final_notification.pdf.jpg,9339,,,2026-08-19 20:51:40.621967,IGNORED_NON_PDF
8aa32ba2-2eef-464f-9e23-88530dfcc7e2,24392cea-6d10-4628-9576-b3cde3564dd3,24392cea-6d10-4628-9576-b3cde3564dd3,24392cea-6d10-4628-9576-b3cde3564dd3,c70da9aa-97be-448a-84c9-647644824913,9ac271d1-a765-429d-9315-33d0fc01f879,"Uttar Pradesh Bhasha (Vidheyak tatha Adhiniyam), 1950",pdf,88,NO MINISTRY,479,Language,STATE,,,https://indiacode.gov.in/server/api/core/bitstreams/9ac271d1-a765-429d-9315-33d0fc01f879,https://indiacode.gov.in/server/api/core/bitstreams/9ac271d1-a765-429d-9315-33d0fc01f879/content,D:/india_code_data/raw/india_code\pdf\central\unknown\24392cea-6d10-4628-9576-b3cde3564dd3\9ac271d1-a765-429d-9315-33d0fc01f879\original.pdf,english1of1950.pdf,164392,2,fdbb158626938e91eafce0adda40e655da1152018add398403e5cddf6fd4d845,2026-08-19 20:52:26.576829,VALIDATED
59e5b167-6b54-4289-bbc2-9a1444d0152e,24392cea-6d10-4628-9576-b3cde3564dd3,24392cea-6d10-4628-9576-b3cde3564dd3,24392cea-6d10-4628-9576-b3cde3564dd3,c70da9aa-97be-448a-84c9-647644824913,95c0ba73-1003-4093-9a4d-3638b1fa8187,"Uttar Pradesh Bhasha (Vidheyak tatha Adhiniyam), 1950",pdf,88,NO MINISTRY,479,Language,STATE,,,https://indiacode.gov.in/server/api/core/bitstreams/95c0ba73-1003-4093-9a4d-3638b1fa8187,https://indiacode.gov.in/server/api/core/bitstreams/95c0ba73-1003-4093-9a4d-3638b1fa8187/content,D:/india_code_data/raw/india_code\pdf\central\unknown\24392cea-6d10-4628-9576-b3cde3564dd3\95c0ba73-1003-4093-9a4d-3638b1fa8187\original.pdf,hindi1of1950.pdf,233653,2,9ddf3413796c6367f13dae6a539d058a2fd5ba78f423bcf10d365f8f66262332,2026-08-19 20:52:26.576829,VALIDATED
644c1269-f87b-4234-801f-eb5447df4901,24392cea-6d10-4628-9576-b3cde3564dd3,24392cea-6d10-4628-9576-b3cde3564dd3,24392cea-6d10-4628-9576-b3cde3564dd3,eeb4b838-3420-4863-813d-54cd03ae0f0e,986b1de6-8bd0-4342-9a46-0c19e4ad0940,"Uttar Pradesh Bhasha (Vidheyak tatha Adhiniyam), 1950",pdf,88,NO MINISTRY,479,Language,STATE,,,https://indiacode.gov.in/server/api/core/bitstreams/986b1de6-8bd0-4342-9a46-0c19e4ad0940,https://indiacode.gov.in/server/api/core/bitstreams/986b1de6-8bd0-4342-9a46-0c19e4ad0940/content,,english1of1950.pdf.txt,1446,,,2026-08-19 20:52:26.576829,IGNORED_NON_PDF
00dd2d2f-6a72-4a12-a235-654359df08e2,24392cea-6d10-4628-9576-b3cde3564dd3,24392cea-6d10-4628-9576-b3cde3564dd3,24392cea-6d10-4628-9576-b3cde3564dd3,eeb4b838-3420-4863-813d-54cd03ae0f0e,b35059f1-d9ef-45db-9867-f2b20eafa712,"Uttar Pradesh Bhasha (Vidheyak tatha Adhiniyam), 1950",pdf,88,NO MINISTRY,479,Language,STATE,,,https://indiacode.gov.in/server/api/core/bitstreams/b35059f1-d9ef-45db-9867-f2b20eafa712,https://indiacode.gov.in/server/api/core/bitstreams/b35059f1-d9ef-45db-9867-f2b20eafa712/content,,hindi1of1950.pdf.txt,1823,,,2026-08-19 20:52:26.576829,IGNORED_NON_PDF
274e416d-5220-4077-a836-4c3be3f3d4ba,24392cea-6d10-4628-9576-b3cde3564dd3,24392cea-6d10-4628-9576-b3cde3564dd3,24392cea-6d10-4628-9576-b3cde3564dd3,3f1da4ed-e920-4d8e-bcfa-96d3c28e9b5d,89f63301-11eb-4b2b-8d42-568f5fdf1280,"Uttar Pradesh Bhasha (Vidheyak tatha Adhiniyam), 1950",pdf,88,NO MINISTRY,479,Language,STATE,,,https://indiacode.gov.in/server/api/core/bitstreams/89f63301-11eb-4b2b-8d42-568f5fdf1280,https://indiacode.gov.in/server/api/core/bitstreams/89f63301-11eb-4b2b-8d42-568f5fdf1280/content,,english1of1950.pdf.jpg,6970,,,2026-08-19 20:52:26.576829,IGNORED_NON_PDF
10503d21-fe15-4186-b959-798ff281d481,24392cea-6d10-4628-9576-b3cde3564dd3,24392cea-6d10-4628-9576-b3cde3564dd3,24392cea-6d10-4628-9576-b3cde3564dd3,3f1da4ed-e920-4d8e-bcfa-96d3c28e9b5d,877e09b1-5996-4966-a652-64ed926de355,"Uttar Pradesh Bhasha (Vidheyak tatha Adhiniyam), 1950",pdf,88,NO MINISTRY,479,Language,STATE,,,https://indiacode.gov.in/server/api/core/bitstreams/877e09b1-5996-4966-a652-64ed926de355,https://indiacode.gov.in/server/api/core/bitstreams/877e09b1-5996-4966-a652-64ed926de355/content,,hindi1of1950.pdf.jpg,4448,,,2026-08-19 20:52:26.576829,IGNORED_NON_PDF
a41e2329-967c-4485-ba72-7b6907c31d63,2439d6c5-1309-49ae-964d-8e3dc529584d,2439d6c5-1309-49ae-964d-8e3dc529584d,2439d6c5-1309-49ae-964d-8e3dc529584d,44065b5b-d994-4de8-81af-3f4320b82e4a,0d596c00-06c7-4bce-8703-6dd6614b4420,Bye laws of Milkfed,pdf,82,NO MINISTRY,1051,Registrar of Cooperative Societies,STATE,,,https://indiacode.gov.in/server/api/core/bitstreams/0d596c00-06c7-4bce-8703-6dd6614b4420,https://indiacode.gov.in/server/api/core/bitstreams/0d596c00-06c7-4bce-8703-6dd6614b4420/content,D:/india_code_data/raw/india_code\pdf\central\unknown\2439d6c5-1309-49ae-964d-8e3dc529584d\0d596c00-06c7-4bce-8703-6dd6614b4420\original.pdf,bye_laws_of_milkfed_searchable.pdf,876325,18,41d401c35dda240f7a861491d25858fa3100d6b23b2e25b9dbc6a4ab2a47063c,2026-08-19 20:52:56.506542,VALIDATED
14d1fa1f-eb7c-4eb8-9507-9f876c098c24,2439d6c5-1309-49ae-964d-8e3dc529584d,2439d6c5-1309-49ae-964d-8e3dc529584d,2439d6c5-1309-49ae-964d-8e3dc529584d,44065b5b-d994-4de8-81af-3f4320b82e4a,904f425e-f556-4bcf-af99-b6174b51166b,Bye laws of Milkfed,pdf,82,NO MINISTRY,1051,Registrar of Cooperative Societies,STATE,,,https://indiacode.gov.in/server/api/core/bitstreams/904f425e-f556-4bcf-af99-b6174b51166b,https://indiacode.gov.in/server/api/core/bitstreams/904f425e-f556-4bcf-af99-b6174b51166b/content,D:/india_code_data/raw/india_code\pdf\central\unknown\2439d6c5-1309-49ae-964d-8e3dc529584d\904f425e-f556-4bcf-af99-b6174b51166b\original.pdf,bye_laws_of_milkfed_in_punjabi.pdf,42477639,24,25d106f737c092bf9a9b78c71fc6687f8ec19a096d35a873736aaba2aa7103ad,2026-08-19 20:52:56.506542,VALIDATED
3055e811-7ea4-456e-afe1-a7abbda07853,2439d6c5-1309-49ae-964d-8e3dc529584d,2439d6c5-1309-49ae-964d-8e3dc529584d,2439d6c5-1309-49ae-964d-8e3dc529584d,8e102c9c-3887-495a-b97f-faf3c679868c,d53f2bcc-ec95-4db9-9935-27e65870811d,Bye laws of Milkfed,pdf,82,NO MINISTRY,1051,Registrar of Cooperative Societies,STATE,,,https://indiacode.gov.in/server/api/core/bitstreams/d53f2bcc-ec95-4db9-9935-27e65870811d,https://indiacode.gov.in/server/api/core/bitstreams/d53f2bcc-ec95-4db9-9935-27e65870811d/content,,bye_laws_of_milkfed_searchable.pdf.txt,41122,,,2026-08-19 20:52:56.506542,IGNORED_NON_PDF
07382e34-ea4a-4aa4-b2f9-079aba6252cd,2439d6c5-1309-49ae-964d-8e3dc529584d,2439d6c5-1309-49ae-964d-8e3dc529584d,2439d6c5-1309-49ae-964d-8e3dc529584d,8e102c9c-3887-495a-b97f-faf3c679868c,5fc6c507-065f-4a6a-8567-4c14b8d1fc16,Bye laws of Milkfed,pdf,82,NO MINISTRY,1051,Registrar of Cooperative Societies,STATE,,,https://indiacode.gov.in/server/api/core/bitstreams/5fc6c507-065f-4a6a-8567-4c14b8d1fc16,https://indiacode.gov.in/server/api/core/bitstreams/5fc6c507-065f-4a6a-8567-4c14b8d1fc16/content,,bye_laws_of_milkfed_in_punjabi.pdf.txt,22337,,,2026-08-19 20:52:56.506542,IGNORED_NON_PDF
66b392a0-e5e0-4060-9fea-14bc199aeda1,2439d6c5-1309-49ae-964d-8e3dc529584d,2439d6c5-1309-49ae-964d-8e3dc529584d,2439d6c5-1309-49ae-964d-8e3dc529584d,e4591ce0-ff18-41f2-a8ef-bb973439f8ac,ed39a062-0934-465c-bef5-848685db67e4,Bye laws of Milkfed,pdf,82,NO MINISTRY,1051,Registrar of Cooperative Societies,STATE,,,https://indiacode.gov.in/server/api/core/bitstreams/ed39a062-0934-465c-bef5-848685db67e4,https://indiacode.gov.in/server/api/core/bitstreams/ed39a062-0934-465c-bef5-848685db67e4/content,,bye_laws_of_milkfed_searchable.pdf.jpg,8474,,,2026-08-19 20:52:56.506542,IGNORED_NON_PDF
16a715f6-f4c9-4c22-9d13-bcca678509c1,2439d6c5-1309-49ae-964d-8e3dc529584d,2439d6c5-1309-49ae-964d-8e3dc529584d,2439d6c5-1309-49ae-964d-8e3dc529584d,e4591ce0-ff18-41f2-a8ef-bb973439f8ac,f321acab-2227-492f-aaac-b95670937fc5,Bye laws of Milkfed,pdf,82,NO MINISTRY,1051,Registrar of Cooperative Societies,STATE,,,https://indiacode.gov.in/server/api/core/bitstreams/f321acab-2227-492f-aaac-b95670937fc5,https://indiacode.gov.in/server/api/core/bitstreams/f321acab-2227-492f-aaac-b95670937fc5/content,,bye_laws_of_milkfed_in_punjabi.pdf.jpg,8868,,,2026-08-19 20:52:56.506542,IGNORED_NON_PDF
386a862a-9f7d-4a57-a909-301fe3bdb127,243a0bd8-67ab-4de2-ac5c-a5bfb6d87bc0,243a0bd8-67ab-4de2-ac5c-a5bfb6d87bc0,243a0bd8-67ab-4de2-ac5c-a5bfb6d87bc0,c8fa9ca1-9ae6-4f67-b845-89d0ed6d795a,29af74d6-0d78-45ad-bb6e-a75872428303,"Regarding the establishment of a separate Gram Panchayat at Ambehol from Group Gram Panchayat Lonje, Tal. Chalisgaon, Dist. Jalgaon....",pdf,166,Govt of Maharashtra,1520,Rural Development and Water conservation Department,STATE,,,https://indiacode.gov.in/server/api/core/bitstreams/29af74d6-0d78-45ad-bb6e-a75872428303,https://indiacode.gov.in/server/api/core/bitstreams/29af74d6-0d78-45ad-bb6e-a75872428303/content,D:/india_code_data/raw/india_code\pdf\central\unknown\243a0bd8-67ab-4de2-ac5c-a5bfb6d87bc0\29af74d6-0d78-45ad-bb6e-a75872428303\original.pdf,"ग्रुप_ग्रामपंचायत_लोणजे,_ता.चाळीसगाव,_जि_compressed.pdf",292141,2,83bde5d53e91fcefbb25cc24033e3a8e7be283f42bc4871900007984d1dc4faf,2026-08-19 20:53:25.405369,VALIDATED
f415db65-f07f-4637-89ea-411ff23449e0,243a0bd8-67ab-4de2-ac5c-a5bfb6d87bc0,243a0bd8-67ab-4de2-ac5c-a5bfb6d87bc0,243a0bd8-67ab-4de2-ac5c-a5bfb6d87bc0,15f03a35-35b1-4d31-a793-35f1b33ff234,1e2733b6-42bc-440e-97b9-7c1627cd44a4,"Regarding the establishment of a separate Gram Panchayat at Ambehol from Group Gram Panchayat Lonje, Tal. Chalisgaon, Dist. Jalgaon....",pdf,166,Govt of Maharashtra,1520,Rural Development and Water conservation Department,STATE,,,https://indiacode.gov.in/server/api/core/bitstreams/1e2733b6-42bc-440e-97b9-7c1627cd44a4,https://indiacode.gov.in/server/api/core/bitstreams/1e2733b6-42bc-440e-97b9-7c1627cd44a4/content,,"ग्रुप_ग्रामपंचायत_लोणजे,_ता.चाळीसगाव,_जि_compressed.pdf.txt",2065,,,2026-08-19 20:53:25.405369,IGNORED_NON_PDF
32ff97e3-7cc0-4e07-a98e-91adcde6f1f0,243a0bd8-67ab-4de2-ac5c-a5bfb6d87bc0,243a0bd8-67ab-4de2-ac5c-a5bfb6d87bc0,243a0bd8-67ab-4de2-ac5c-a5bfb6d87bc0,e7e0ae1e-9139-48c6-8fc2-1a11d2831602,883c8a46-42b3-43bc-8066-9ef9ee937875,"Regarding the establishment of a separate Gram Panchayat at Ambehol from Group Gram Panchayat Lonje, Tal. Chalisgaon, Dist. Jalgaon....",pdf,166,Govt of Maharashtra,1520,Rural Development and Water conservation Department,STATE,,,https://indiacode.gov.in/server/api/core/bitstreams/883c8a46-42b3-43bc-8066-9ef9ee937875,https://indiacode.gov.in/server/api/core/bitstreams/883c8a46-42b3-43bc-8066-9ef9ee937875/content,,"ग्रुप_ग्रामपंचायत_लोणजे,_ता.चाळीसगाव,_जि_compressed.pdf.jpg",8107,,,2026-08-19 20:53:25.405369,IGNORED_NON_PDF
3e42c704-c50e-48a0-8658-bdc34c43594e,243ae348-2690-4157-aa4e-17eb23949b99,243ae348-2690-4157-aa4e-17eb23949b99,243ae348-2690-4157-aa4e-17eb23949b99,2d342718-588c-4222-8bf6-7a85b66ec663,b9278b0c-35e0-4b0b-9f2e-319eec97b896,"The Reserve and Auxiliary Air Forces Act, 1952",pdf,28,Ministry of Defence,1408,Department of Military Affairs,CENTRAL,,,https://indiacode.gov.in/server/api/core/bitstreams/b9278b0c-35e0-4b0b-9f2e-319eec97b896,https://indiacode.gov.in/server/api/core/bitstreams/b9278b0c-35e0-4b0b-9f2e-319eec97b896/content,D:/india_code_data/raw/india_code\pdf\central\unknown\243ae348-2690-4157-aa4e-17eb23949b99\b9278b0c-35e0-4b0b-9f2e-319eec97b896\original.pdf,a1952-62.pdf,273342,13,6bc150496fcb9ca8d44ab2862c83a04c1b3bd9d9929e5a87ec4cf2a84ee0a01b,2026-08-19 20:53:39.965793,VALIDATED
421f634d-76e2-4095-a0fb-f684d3102599,243ae348-2690-4157-aa4e-17eb23949b99,243ae348-2690-4157-aa4e-17eb23949b99,243ae348-2690-4157-aa4e-17eb23949b99,27f87f58-7100-462d-b5af-36825ae20166,14f4c393-2ddd-4b7d-934b-7e550d952cbd,"The Reserve and Auxiliary Air Forces Act, 1952",pdf,28,Ministry of Defence,1408,Department of Military Affairs,CENTRAL,,,https://indiacode.gov.in/server/api/core/bitstreams/14f4c393-2ddd-4b7d-934b-7e550d952cbd,https://indiacode.gov.in/server/api/core/bitstreams/14f4c393-2ddd-4b7d-934b-7e550d952cbd/content,,a1952-62.pdf.txt,31679,,,2026-08-19 20:53:39.965793,IGNORED_NON_PDF
9e00dadb-68df-45e2-802f-8df59f69d296,243ae348-2690-4157-aa4e-17eb23949b99,243ae348-2690-4157-aa4e-17eb23949b99,243ae348-2690-4157-aa4e-17eb23949b99,33942b0d-e94c-4145-bdef-0d6031c75729,aa5e83cd-600b-48ef-92df-248152e03733,"The Reserve and Auxiliary Air Forces Act, 1952",pdf,28,Ministry of Defence,1408,Department of Military Affairs,CENTRAL,,,https://indiacode.gov.in/server/api/core/bitstreams/aa5e83cd-600b-48ef-92df-248152e03733,https://indiacode.gov.in/server/api/core/bitstreams/aa5e83cd-600b-48ef-92df-248152e03733/content,,a1952-62.pdf.jpg,3846,,,2026-08-19 20:53:39.965793,IGNORED_NON_PDF
e14cba1f-3b11-498a-984c-c7e6a5d897c1,243d6ced-ab3b-4780-8c7a-0f5f8e6175db,243d6ced-ab3b-4780-8c7a-0f5f8e6175db,243d6ced-ab3b-4780-8c7a-0f5f8e6175db,667fa7ef-f8cc-4cf8-87bb-830c6023bb25,d5c32afb-8b9a-46d1-bd4a-dcfe23d24bb9,"The Punjab Excise Act, 1914 As Applicable to Haryana",pdf,67,NO MINISTRY,104,EXCISE AND TAXTATION,STATE,,,https://indiacode.gov.in/server/api/core/bitstreams/d5c32afb-8b9a-46d1-bd4a-dcfe23d24bb9,https://indiacode.gov.in/server/api/core/bitstreams/d5c32afb-8b9a-46d1-bd4a-dcfe23d24bb9/content,D:/india_code_data/raw/india_code\pdf\central\unknown\243d6ced-ab3b-4780-8c7a-0f5f8e6175db\d5c32afb-8b9a-46d1-bd4a-dcfe23d24bb9\original.pdf,"21_the_haryana_excise_act,_1914_(1_of_1914).pdf",529348,57,9b9c07f305c659280274ea5f04c56b69b63c67d2fd38b9d90ef358097b651226,2026-08-19 20:54:02.099882,VALIDATED
35de152b-58e4-494f-925c-37a3a4bfdb6e,243d6ced-ab3b-4780-8c7a-0f5f8e6175db,243d6ced-ab3b-4780-8c7a-0f5f8e6175db,243d6ced-ab3b-4780-8c7a-0f5f8e6175db,667fa7ef-f8cc-4cf8-87bb-830c6023bb25,f671e59c-7c7b-4dd6-98e9-b5f0ede5275e,"The Punjab Excise Act, 1914 As Applicable to Haryana",pdf,67,NO MINISTRY,104,EXCISE AND TAXTATION,STATE,,,https://indiacode.gov.in/server/api/core/bitstreams/f671e59c-7c7b-4dd6-98e9-b5f0ede5275e,https://indiacode.gov.in/server/api/core/bitstreams/f671e59c-7c7b-4dd6-98e9-b5f0ede5275e/content,,"11._punjab_excise_act,_1914_(1_of_1914).pdf",438871,,,2026-08-19 20:54:02.099882,FAILED
9795eefd-8f0f-403f-97b4-681f894bc62a,243d6ced-ab3b-4780-8c7a-0f5f8e6175db,243d6ced-ab3b-4780-8c7a-0f5f8e6175db,243d6ced-ab3b-4780-8c7a-0f5f8e6175db,254f83ef-29e0-439a-ab4a-fda461ca5c40,b9ccb07d-cc8e-4abc-8d1f-c34139a575b4,"The Punjab Excise Act, 1914 As Applicable to Haryana",pdf,67,NO MINISTRY,104,EXCISE AND TAXTATION,STATE,,,https://indiacode.gov.in/server/api/core/bitstreams/b9ccb07d-cc8e-4abc-8d1f-c34139a575b4,https://indiacode.gov.in/server/api/core/bitstreams/b9ccb07d-cc8e-4abc-8d1f-c34139a575b4/content,,"21_the_haryana_excise_act,_1914_(1_of_1914).pdf.txt",136906,,,2026-08-19 20:54:02.099882,IGNORED_NON_PDF
40a518b4-58bb-46d3-a29a-fe54ca9b92da,243d6ced-ab3b-4780-8c7a-0f5f8e6175db,243d6ced-ab3b-4780-8c7a-0f5f8e6175db,243d6ced-ab3b-4780-8c7a-0f5f8e6175db,254f83ef-29e0-439a-ab4a-fda461ca5c40,325980a3-4a1f-4828-867f-b01d2f6e9faf,"The Punjab Excise Act, 1914 As Applicable to Haryana",pdf,67,NO MINISTRY,104,EXCISE AND TAXTATION,STATE,,,https://indiacode.gov.in/server/api/core/bitstreams/325980a3-4a1f-4828-867f-b01d2f6e9faf,https://indiacode.gov.in/server/api/core/bitstreams/325980a3-4a1f-4828-867f-b01d2f6e9faf/content,,"11._punjab_excise_act,_1914_(1_of_1914).pdf.txt",123508,,,2026-08-19 20:54:02.099882,IGNORED_NON_PDF
e56102eb-0c0d-4bd1-992f-0d55d904a315,243d6ced-ab3b-4780-8c7a-0f5f8e6175db,243d6ced-ab3b-4780-8c7a-0f5f8e6175db,243d6ced-ab3b-4780-8c7a-0f5f8e6175db,837274aa-f2dc-479a-82c2-9f5cc73b6359,1403e9ab-747b-457a-8ba2-9326b7a4fd16,"The Punjab Excise Act, 1914 As Applicable to Haryana",pdf,67,NO MINISTRY,104,EXCISE AND TAXTATION,STATE,,,https://indiacode.gov.in/server/api/core/bitstreams/1403e9ab-747b-457a-8ba2-9326b7a4fd16,https://indiacode.gov.in/server/api/core/bitstreams/1403e9ab-747b-457a-8ba2-9326b7a4fd16/content,,"21_the_haryana_excise_act,_1914_(1_of_1914).pdf.jpg",6788,,,2026-08-19 20:54:02.099882,IGNORED_NON_PDF
5cb44ccc-c864-408b-9206-2dee595ef9da,243d6ced-ab3b-4780-8c7a-0f5f8e6175db,243d6ced-ab3b-4780-8c7a-0f5f8e6175db,243d6ced-ab3b-4780-8c7a-0f5f8e6175db,837274aa-f2dc-479a-82c2-9f5cc73b6359,5bd0ce91-e0c5-4665-a559-78b973e2dbf9,"The Punjab Excise Act, 1914 As Applicable to Haryana",pdf,67,NO MINISTRY,104,EXCISE AND TAXTATION,STATE,,,https://indiacode.gov.in/server/api/core/bitstreams/5bd0ce91-e0c5-4665-a559-78b973e2dbf9,https://indiacode.gov.in/server/api/core/bitstreams/5bd0ce91-e0c5-4665-a559-78b973e2dbf9/content,,"11._punjab_excise_act,_1914_(1_of_1914).pdf.jpg",9335,,,2026-08-19 20:54:02.099882,IGNORED_NON_PDF
54be22bc-acfa-4b5a-99f6-5f836cc73847,243d7392-bc25-422d-8b9a-a78ba9b1cd5b,243d7392-bc25-422d-8b9a-a78ba9b1cd5b,243d7392-bc25-422d-8b9a-a78ba9b1cd5b,19639b00-1904-46d0-a2d4-a424f906db8e,40912b85-3396-4bc6-8866-4894db41e65d,Seeks to notify a special procedure for taxpayers for issuance of e-Invoices in the period 01.10.2020 - 31.10.2020.,pdf,166,Govt of Maharashtra,858,Finance Department,STATE,,,https://indiacode.gov.in/server/api/core/bitstreams/40912b85-3396-4bc6-8866-4894db41e65d,https://indiacode.gov.in/server/api/core/bitstreams/40912b85-3396-4bc6-8866-4894db41e65d/content,D:/india_code_data/raw/india_code\pdf\central\unknown\243d7392-bc25-422d-8b9a-a78ba9b1cd5b\40912b85-3396-4bc6-8866-4894db41e65d\original.pdf,notification_no.73_of_2020.pdf,211304,1,701f551a71b2c371118382a22d9157c151b82560e81f8b788247c6c04402cbad,2026-08-19 20:54:58.534345,VALIDATED
23f7e277-acc6-47a6-9b33-d1afc8747e1c,243d7392-bc25-422d-8b9a-a78ba9b1cd5b,243d7392-bc25-422d-8b9a-a78ba9b1cd5b,243d7392-bc25-422d-8b9a-a78ba9b1cd5b,10a89a4e-804e-4b24-ac3b-56add8ad4381,c4dad5e4-3db6-4f28-a30c-b936b4f847ee,Seeks to notify a special procedure for taxpayers for issuance of e-Invoices in the period 01.10.2020 - 31.10.2020.,pdf,166,Govt of Maharashtra,858,Finance Department,STATE,,,https://indiacode.gov.in/server/api/core/bitstreams/c4dad5e4-3db6-4f28-a30c-b936b4f847ee,https://indiacode.gov.in/server/api/core/bitstreams/c4dad5e4-3db6-4f28-a30c-b936b4f847ee/content,,notification_no.73_of_2020.pdf.txt,1965,,,2026-08-19 20:54:58.534345,IGNORED_NON_PDF
6e1cf972-4562-4853-b2c4-bc7caae02f9e,243d7392-bc25-422d-8b9a-a78ba9b1cd5b,243d7392-bc25-422d-8b9a-a78ba9b1cd5b,243d7392-bc25-422d-8b9a-a78ba9b1cd5b,20958268-d274-4f61-aa08-936170403ddb,2e6e2a33-8a88-4967-8147-39f488e2bd6d,Seeks to notify a special procedure for taxpayers for issuance of e-Invoices in the period 01.10.2020 - 31.10.2020.,pdf,166,Govt of Maharashtra,858,Finance Department,STATE,,,https://indiacode.gov.in/server/api/core/bitstreams/2e6e2a33-8a88-4967-8147-39f488e2bd6d,https://indiacode.gov.in/server/api/core/bitstreams/2e6e2a33-8a88-4967-8147-39f488e2bd6d/content,,notification_no.73_of_2020.pdf.jpg,9029,,,2026-08-19 20:54:58.534345,IGNORED_NON_PDF
22e5f3be-0901-47f8-a731-b4ba2b46af09,243f1e80-1813-4681-984b-f9d065af205e,243f1e80-1813-4681-984b-f9d065af205e,243f1e80-1813-4681-984b-f9d065af205e,0e534483-4517-4ee7-8b32-959fc425c715,d4b258aa-42ab-46c2-a60d-60287d9abfe1,Circular_no_1011007_00001,pdf,88,NO MINISTRY,448,State tax,STATE,,,https://indiacode.gov.in/server/api/core/bitstreams/d4b258aa-42ab-46c2-a60d-60287d9abfe1,https://indiacode.gov.in/server/api/core/bitstreams/d4b258aa-42ab-46c2-a60d-60287d9abfe1/content,D:/india_code_data/raw/india_code\pdf\central\unknown\243f1e80-1813-4681-984b-f9d065af205e\d4b258aa-42ab-46c2-a60d-60287d9abfe1\original.pdf,vat.pdf,313418,1,139c54eda746bb804e7c45b6a94f7cf926ac1355172e41816770770df2d90bf4,2026-08-19 20:55:15.886320,VALIDATED
bf8b3809-5594-4e9d-bbb4-130208a0dadc,243f1e80-1813-4681-984b-f9d065af205e,243f1e80-1813-4681-984b-f9d065af205e,243f1e80-1813-4681-984b-f9d065af205e,0e534483-4517-4ee7-8b32-959fc425c715,2b740306-60ac-46cc-8ae7-636e5fef96ef,Circular_no_1011007_00001,pdf,88,NO MINISTRY,448,State tax,STATE,,,https://indiacode.gov.in/server/api/core/bitstreams/2b740306-60ac-46cc-8ae7-636e5fef96ef,https://indiacode.gov.in/server/api/core/bitstreams/2b740306-60ac-46cc-8ae7-636e5fef96ef/content,D:/india_code_data/raw/india_code\pdf\central\unknown\243f1e80-1813-4681-984b-f9d065af205e\2b740306-60ac-46cc-8ae7-636e5fef96ef\original.pdf,circular_no_1011007_00001.pdf,5381788,7,b6126bab7b03fd5ebec0e5779499cbac7b2f2ab1d4f70c3684faa6d62aed9a31,2026-08-19 20:55:15.886320,VALIDATED
13844f7b-092f-4841-937d-974bace92792,243f1e80-1813-4681-984b-f9d065af205e,243f1e80-1813-4681-984b-f9d065af205e,243f1e80-1813-4681-984b-f9d065af205e,2e86420a-3f3e-4e2d-bd21-9df51290b1aa,2678cf7d-82a7-4787-91da-8693be009bac,Circular_no_1011007_00001,pdf,88,NO MINISTRY,448,State tax,STATE,,,https://indiacode.gov.in/server/api/core/bitstreams/2678cf7d-82a7-4787-91da-8693be009bac,https://indiacode.gov.in/server/api/core/bitstreams/2678cf7d-82a7-4787-91da-8693be009bac/content,,vat.pdf.txt,401,,,2026-08-19 20:55:15.886320,IGNORED_NON_PDF
9311b18a-1724-4210-8407-79a43ef61b71,243f1e80-1813-4681-984b-f9d065af205e,243f1e80-1813-4681-984b-f9d065af205e,243f1e80-1813-4681-984b-f9d065af205e,2e86420a-3f3e-4e2d-bd21-9df51290b1aa,b1988e71-60c8-4e17-9c0e-61166088e669,Circular_no_1011007_00001,pdf,88,NO MINISTRY,448,State tax,STATE,,,https://indiacode.gov.in/server/api/core/bitstreams/b1988e71-60c8-4e17-9c0e-61166088e669,https://indiacode.gov.in/server/api/core/bitstreams/b1988e71-60c8-4e17-9c0e-61166088e669/content,,circular_no_1011007_00001.pdf.txt,12465,,,2026-08-19 20:55:15.886320,IGNORED_NON_PDF
7c1ecc37-e257-410e-9c3b-e94ecb508c85,243f1e80-1813-4681-984b-f9d065af205e,243f1e80-1813-4681-984b-f9d065af205e,243f1e80-1813-4681-984b-f9d065af205e,b4ae0d28-91da-47c9-b4a4-51067c9e478c,bc39ed40-ac7a-4d83-9e81-aa06df710a94,Circular_no_1011007_00001,pdf,88,NO MINISTRY,448,State tax,STATE,,,https://indiacode.gov.in/server/api/core/bitstreams/bc39ed40-ac7a-4d83-9e81-aa06df710a94,https://indiacode.gov.in/server/api/core/bitstreams/bc39ed40-ac7a-4d83-9e81-aa06df710a94/content,,vat.pdf.jpg,5452,,,2026-08-19 20:55:15.886320,IGNORED_NON_PDF
d3795120-46a0-46b6-8f95-7ad12bff2e6a,243f1e80-1813-4681-984b-f9d065af205e,243f1e80-1813-4681-984b-f9d065af205e,243f1e80-1813-4681-984b-f9d065af205e,b4ae0d28-91da-47c9-b4a4-51067c9e478c,84d11721-89de-42a1-868b-42a2bc4844b6,Circular_no_1011007_00001,pdf,88,NO MINISTRY,448,State tax,STATE,,,https://indiacode.gov.in/server/api/core/bitstreams/84d11721-89de-42a1-868b-42a2bc4844b6,https://indiacode.gov.in/server/api/core/bitstreams/84d11721-89de-42a1-868b-42a2bc4844b6/content,,circular_no_1011007_00001.pdf.jpg,8959,,,2026-08-19 20:55:15.886320,IGNORED_NON_PDF
5603c662-3337-4d9b-be7b-0ffae8a752d3,2440f0e7-a77d-43e2-8e47-95450001acf2,2440f0e7-a77d-43e2-8e47-95450001acf2,2440f0e7-a77d-43e2-8e47-95450001acf2,0208a4bf-79f0-4488-8f5a-c64129d67d1e,b1903d46-2c4c-40e0-914e-5b13f974e591,"Bihar Goods and services Tax (Fourth Amendment) Rules, 2017",pdf,59,NO MINISTRY,737,COMMERCIAL TAXES DEPARTMENT,STATE,,,https://indiacode.gov.in/server/api/core/bitstreams/b1903d46-2c4c-40e0-914e-5b13f974e591,https://indiacode.gov.in/server/api/core/bitstreams/b1903d46-2c4c-40e0-914e-5b13f974e591/content,D:/india_code_data/raw/india_code\pdf\central\unknown\2440f0e7-a77d-43e2-8e47-95450001acf2\b1903d46-2c4c-40e0-914e-5b13f974e591\original.pdf,876_21.09.17_rules-_4th_amendment.pdf,216010,10,d651b3042951213e7a9b5ae66c34b336ca8cacf5a1bbac1927db5d3050edba41,2026-08-19 20:55:49.368200,VALIDATED
ee2217c6-0713-4385-a263-1abc710f7239,2440f0e7-a77d-43e2-8e47-95450001acf2,2440f0e7-a77d-43e2-8e47-95450001acf2,2440f0e7-a77d-43e2-8e47-95450001acf2,be08260b-0ab0-4dbd-a1d4-771a28427e16,bf16fef3-b06a-4603-be22-49d834ae02f3,"Bihar Goods and services Tax (Fourth Amendment) Rules, 2017",pdf,59,NO MINISTRY,737,COMMERCIAL TAXES DEPARTMENT,STATE,,,https://indiacode.gov.in/server/api/core/bitstreams/bf16fef3-b06a-4603-be22-49d834ae02f3,https://indiacode.gov.in/server/api/core/bitstreams/bf16fef3-b06a-4603-be22-49d834ae02f3/content,,876_21.09.17_rules-_4th_amendment.pdf.txt,20471,,,2026-08-19 20:55:49.368200,IGNORED_NON_PDF
b1ab3199-3145-4d62-b415-cc7697a4463a,2440f0e7-a77d-43e2-8e47-95450001acf2,2440f0e7-a77d-43e2-8e47-95450001acf2,2440f0e7-a77d-43e2-8e47-95450001acf2,ab4b6163-e796-48b0-94c3-c09d7cf723f7,ef2bba54-afcf-40f8-bb2d-523a8edb8e2d,"Bihar Goods and services Tax (Fourth Amendment) Rules, 2017",pdf,59,NO MINISTRY,737,COMMERCIAL TAXES DEPARTMENT,STATE,,,https://indiacode.gov.in/server/api/core/bitstreams/ef2bba54-afcf-40f8-bb2d-523a8edb8e2d,https://indiacode.gov.in/server/api/core/bitstreams/ef2bba54-afcf-40f8-bb2d-523a8edb8e2d/content,,876_21.09.17_rules-_4th_amendment.pdf.jpg,9231,,,2026-08-19 20:55:49.368200,IGNORED_NON_PDF
07e4cd5b-6380-4fa4-99d9-254e5cbfdbf2,24429167-5d5c-4804-8578-2009f6f19b98,24429167-5d5c-4804-8578-2009f6f19b98,24429167-5d5c-4804-8578-2009f6f19b98,01e5fe4d-796a-4c0f-bfa6-a7f3ab8a9970,fd426b83-7742-42be-a63d-fd24ff0d9316,"The Land Customs Act 1924, 19 of 1924, (Rep., by Sec 160 and Sch, Act 52 of 1962)",pdf,,UNKNOWN,,UNKNOWN,CENTRAL,,,https://indiacode.gov.in/server/api/core/bitstreams/fd426b83-7742-42be-a63d-fd24ff0d9316,https://indiacode.gov.in/server/api/core/bitstreams/fd426b83-7742-42be-a63d-fd24ff0d9316/content,D:/india_code_data/raw/india_code\pdf\central\unknown\24429167-5d5c-4804-8578-2009f6f19b98\fd426b83-7742-42be-a63d-fd24ff0d9316\original.pdf,A1924-19.pdf,333018,5,08ab42b632e18bbbff34f6206079e33eac618a44a0c8ceb7780582d2119df4be,2026-08-19 20:56:06.009610,VALIDATED
c95c3057-7d9e-461a-bc61-abbe2dd9177b,24429167-5d5c-4804-8578-2009f6f19b98,24429167-5d5c-4804-8578-2009f6f19b98,24429167-5d5c-4804-8578-2009f6f19b98,3a44af97-97a2-4de3-8847-fa7894d68c17,f6dabc4a-8176-46cc-b62a-d1a1af5bcae7,"The Land Customs Act 1924, 19 of 1924, (Rep., by Sec 160 and Sch, Act 52 of 1962)",pdf,,UNKNOWN,,UNKNOWN,CENTRAL,,,https://indiacode.gov.in/server/api/core/bitstreams/f6dabc4a-8176-46cc-b62a-d1a1af5bcae7,https://indiacode.gov.in/server/api/core/bitstreams/f6dabc4a-8176-46cc-b62a-d1a1af5bcae7/content,,A1924-19.pdf.txt,7258,,,2026-08-19 20:56:06.009610,IGNORED_NON_PDF
a2322a01-d962-47d0-bfe7-c0f67c0d3882,24429167-5d5c-4804-8578-2009f6f19b98,24429167-5d5c-4804-8578-2009f6f19b98,24429167-5d5c-4804-8578-2009f6f19b98,f5560582-d651-4c08-9990-21a1e8acd4a3,03199c73-c026-454f-8a19-860dfd9b5bce,"The Land Customs Act 1924, 19 of 1924, (Rep., by Sec 160 and Sch, Act 52 of 1962)",pdf,,UNKNOWN,,UNKNOWN,CENTRAL,,,https://indiacode.gov.in/server/api/core/bitstreams/03199c73-c026-454f-8a19-860dfd9b5bce,https://indiacode.gov.in/server/api/core/bitstreams/03199c73-c026-454f-8a19-860dfd9b5bce/content,,A1924-19.pdf.jpg,8174,,,2026-08-19 20:56:06.009610,IGNORED_NON_PDF
a01ca4d5-2b51-4603-81e3-d4f15970ab25,2443dbef-f562-4358-95ef-6601d81fd575,2443dbef-f562-4358-95ef-6601d81fd575,2443dbef-f562-4358-95ef-6601d81fd575,74d09cbf-0fbe-4142-8d94-e28a6040c945,c2dd27e8-2c1f-4b84-9abe-53cb2a13c5e9,"The Delhi Agricultural Produce Marketing (Regulation) Act, 1998",pdf,64,NO MINISTRY,801,Directorate of Agricultural Marketing,UNION_TERRITORY,,,https://indiacode.gov.in/server/api/core/bitstreams/c2dd27e8-2c1f-4b84-9abe-53cb2a13c5e9,https://indiacode.gov.in/server/api/core/bitstreams/c2dd27e8-2c1f-4b84-9abe-53cb2a13c5e9/content,D:/india_code_data/raw/india_code\pdf\central\unknown\2443dbef-f562-4358-95ef-6601d81fd575\c2dd27e8-2c1f-4b84-9abe-53cb2a13c5e9\original.pdf,"delhi_agricultural_produce_marketing_(regulation)_act,_1998.pdf",249529,62,59e5cb5e0c78f65f1762f7564c765bd50fee5e826b1123a3c43ad1da7e73b35a,2026-08-19 20:56:22.067237,VALIDATED
7b188b28-7f9d-4a79-a9fb-4297c4cfd6ed,2443dbef-f562-4358-95ef-6601d81fd575,2443dbef-f562-4358-95ef-6601d81fd575,2443dbef-f562-4358-95ef-6601d81fd575,e14b229b-4c68-4da4-889e-2accd4df2c65,66bcd1a4-104c-4167-8969-5a4b352f7a4f,"The Delhi Agricultural Produce Marketing (Regulation) Act, 1998",pdf,64,NO MINISTRY,801,Directorate of Agricultural Marketing,UNION_TERRITORY,,,https://indiacode.gov.in/server/api/core/bitstreams/66bcd1a4-104c-4167-8969-5a4b352f7a4f,https://indiacode.gov.in/server/api/core/bitstreams/66bcd1a4-104c-4167-8969-5a4b352f7a4f/content,,"delhi_agricultural_produce_marketing_(regulation)_act,_1998.pdf.txt",143547,,,2026-08-19 20:56:22.067237,IGNORED_NON_PDF
15a75176-0bab-431a-99a3-4b67435dedda,2443dbef-f562-4358-95ef-6601d81fd575,2443dbef-f562-4358-95ef-6601d81fd575,2443dbef-f562-4358-95ef-6601d81fd575,e9aa99f0-9535-4f43-a39a-b64aef95cda0,25d4b7f0-2f34-424e-8129-13f6baf33d96,"The Delhi Agricultural Produce Marketing (Regulation) Act, 1998",pdf,64,NO MINISTRY,801,Directorate of Agricultural Marketing,UNION_TERRITORY,,,https://indiacode.gov.in/server/api/core/bitstreams/25d4b7f0-2f34-424e-8129-13f6baf33d96,https://indiacode.gov.in/server/api/core/bitstreams/25d4b7f0-2f34-424e-8129-13f6baf33d96/content,,"delhi_agricultural_produce_marketing_(regulation)_act,_1998.pdf.jpg",8269,,,2026-08-19 20:56:22.067237,IGNORED_NON_PDF
7dfb37ae-2783-4890-98a8-f9c42398c5af,2444e04b-167c-4323-a0bf-09600e83b48b,2444e04b-167c-4323-a0bf-09600e83b48b,2444e04b-167c-4323-a0bf-09600e83b48b,312e25b1-d4c0-4c04-9ca6-61fa58653d15,f9bd43e1-b5fc-49ae-95cd-fcefc654d8dc,"The Delegated Legislation Provisions (Amendment) Act, 1985",pdf,,UNKNOWN,,UNKNOWN,CENTRAL,,,https://indiacode.gov.in/server/api/core/bitstreams/f9bd43e1-b5fc-49ae-95cd-fcefc654d8dc,https://indiacode.gov.in/server/api/core/bitstreams/f9bd43e1-b5fc-49ae-95cd-fcefc654d8dc/content,D:/india_code_data/raw/india_code\pdf\central\unknown\2444e04b-167c-4323-a0bf-09600e83b48b\f9bd43e1-b5fc-49ae-95cd-fcefc654d8dc\original.pdf,1986-4.pdf,1778836,48,5a1178b10d7b3027ca3ce648c0cbb80dd81a6ae9b194d080070a50ee551e0af8,2026-08-19 20:56:40.009062,VALIDATED
f3856968-0db2-4200-a409-82bfb9250eb3,2444e04b-167c-4323-a0bf-09600e83b48b,2444e04b-167c-4323-a0bf-09600e83b48b,2444e04b-167c-4323-a0bf-09600e83b48b,bc9bfce6-d0df-4e4e-a643-9b5b2ec1d3ad,d2419eef-80c1-43f4-bce0-69de00d552cc,"The Delegated Legislation Provisions (Amendment) Act, 1985",pdf,,UNKNOWN,,UNKNOWN,CENTRAL,,,https://indiacode.gov.in/server/api/core/bitstreams/d2419eef-80c1-43f4-bce0-69de00d552cc,https://indiacode.gov.in/server/api/core/bitstreams/d2419eef-80c1-43f4-bce0-69de00d552cc/content,,1986-4.pdf.txt,80032,,,2026-08-19 20:56:40.009062,IGNORED_NON_PDF
3d1bdc30-75ab-4181-950e-1a5288856820,2444e04b-167c-4323-a0bf-09600e83b48b,2444e04b-167c-4323-a0bf-09600e83b48b,2444e04b-167c-4323-a0bf-09600e83b48b,8e42fc37-4791-469a-bdce-dfd67cd81dce,d2bc74da-95c4-4e1d-a7de-339975845eee,"The Delegated Legislation Provisions (Amendment) Act, 1985",pdf,,UNKNOWN,,UNKNOWN,CENTRAL,,,https://indiacode.gov.in/server/api/core/bitstreams/d2bc74da-95c4-4e1d-a7de-339975845eee,https://indiacode.gov.in/server/api/core/bitstreams/d2bc74da-95c4-4e1d-a7de-339975845eee/content,,1986-4.pdf.jpg,10576,,,2026-08-19 20:56:40.009062,IGNORED_NON_PDF
4c4ef7a9-4b75-455e-9bfc-e7eae3116601,2444eb63-323e-498c-9a53-b4575bc86b18,2444eb63-323e-498c-9a53-b4575bc86b18,2444eb63-323e-498c-9a53-b4575bc86b18,cf134f95-f1cb-46bf-9b6d-1b8e91501727,04235c04-26aa-4f88-a380-e41016b860a6,S.O.716 dated 25-02-2005-S (basmati),pdf,11,Ministry of Commerce and Industry,12,Department of Commerce,CENTRAL,,,https://indiacode.gov.in/server/api/core/bitstreams/04235c04-26aa-4f88-a380-e41016b860a6,https://indiacode.gov.in/server/api/core/bitstreams/04235c04-26aa-4f88-a380-e41016b860a6/content,D:/india_code_data/raw/india_code\pdf\central\unknown\2444eb63-323e-498c-9a53-b4575bc86b18\04235c04-26aa-4f88-a380-e41016b860a6\original.pdf,s.o.716_dated_25-02-2005-s.pdf,44781,1,16f7bb514866d97766159794ad6c1a712e3169476bf126da75b07200c8d47827,2026-08-19 20:56:53.831287,VALIDATED
8a557271-6ae7-4fe5-a4ff-1e8b7ecf8982,2444eb63-323e-498c-9a53-b4575bc86b18,2444eb63-323e-498c-9a53-b4575bc86b18,2444eb63-323e-498c-9a53-b4575bc86b18,ff3919d1-7520-4116-822e-9bf735bb608c,a482b5ad-a228-4e92-8ea4-8742d956be0d,S.O.716 dated 25-02-2005-S (basmati),pdf,11,Ministry of Commerce and Industry,12,Department of Commerce,CENTRAL,,,https://indiacode.gov.in/server/api/core/bitstreams/a482b5ad-a228-4e92-8ea4-8742d956be0d,https://indiacode.gov.in/server/api/core/bitstreams/a482b5ad-a228-4e92-8ea4-8742d956be0d/content,,s.o.716_dated_25-02-2005-s.pdf.txt,4085,,,2026-08-19 20:56:53.831287,IGNORED_NON_PDF
823c0614-4ba1-4699-af95-1a63852c7ec8,2444eb63-323e-498c-9a53-b4575bc86b18,2444eb63-323e-498c-9a53-b4575bc86b18,2444eb63-323e-498c-9a53-b4575bc86b18,c0fd2026-6243-4737-bd8f-84e0bae16474,45c8c065-e3c5-44bb-bb62-00e0aaf43071,S.O.716 dated 25-02-2005-S (basmati),pdf,11,Ministry of Commerce and Industry,12,Department of Commerce,CENTRAL,,,https://indiacode.gov.in/server/api/core/bitstreams/45c8c065-e3c5-44bb-bb62-00e0aaf43071,https://indiacode.gov.in/server/api/core/bitstreams/45c8c065-e3c5-44bb-bb62-00e0aaf43071/content,,s.o.716_dated_25-02-2005-s.pdf.jpg,12691,,,2026-08-19 20:56:53.831287,IGNORED_NON_PDF
3de9aa29-c382-41b2-ac0a-e10182f1b1a3,244570bc-9b16-4cd6-9e3b-2f4eded1bab9,244570bc-9b16-4cd6-9e3b-2f4eded1bab9,244570bc-9b16-4cd6-9e3b-2f4eded1bab9,b95aa676-4484-49d4-850d-6fca17ca7a7a,58c808ec-6561-4dff-8594-0b02d9a86dfb,"The Foreign Exchange Conservation (Travel) Tax Abolition Act, 1992, 28 of 1992 (Rep., Act 30 of 2001)",pdf,,UNKNOWN,,UNKNOWN,CENTRAL,,,https://indiacode.gov.in/server/api/core/bitstreams/58c808ec-6561-4dff-8594-0b02d9a86dfb,https://indiacode.gov.in/server/api/core/bitstreams/58c808ec-6561-4dff-8594-0b02d9a86dfb/content,D:/india_code_data/raw/india_code\pdf\central\unknown\244570bc-9b16-4cd6-9e3b-2f4eded1bab9\58c808ec-6561-4dff-8594-0b02d9a86dfb\original.pdf,A1992-28.pdf,77773,1,f09bc3fdde5866296ef5ddf4cf5cfede3ded22cd36eb8b5e200a5189b34466f2,2026-08-19 20:57:09.957756,VALIDATED
1863b403-5f60-4773-92fc-742fa184570b,244570bc-9b16-4cd6-9e3b-2f4eded1bab9,244570bc-9b16-4cd6-9e3b-2f4eded1bab9,244570bc-9b16-4cd6-9e3b-2f4eded1bab9,b8170b77-5e79-487c-9af7-87212674b7e3,6dceb9c4-86f6-45d2-8069-5bc4f5a5f26a,"The Foreign Exchange Conservation (Travel) Tax Abolition Act, 1992, 28 of 1992 (Rep., Act 30 of 2001)",pdf,,UNKNOWN,,UNKNOWN,CENTRAL,,,https://indiacode.gov.in/server/api/core/bitstreams/6dceb9c4-86f6-45d2-8069-5bc4f5a5f26a,https://indiacode.gov.in/server/api/core/bitstreams/6dceb9c4-86f6-45d2-8069-5bc4f5a5f26a/content,,A1992-28.pdf.txt,619,,,2026-08-19 20:57:09.957756,IGNORED_NON_PDF
81e17f48-25ad-451a-b86f-bd8ca7935667,244570bc-9b16-4cd6-9e3b-2f4eded1bab9,244570bc-9b16-4cd6-9e3b-2f4eded1bab9,244570bc-9b16-4cd6-9e3b-2f4eded1bab9,e1dfeec8-8b8e-4eaa-a34b-7d4cfcbc1dee,79fe069b-0bc5-4f6d-86b5-4edef3616330,"The Foreign Exchange Conservation (Travel) Tax Abolition Act, 1992, 28 of 1992 (Rep., Act 30 of 2001)",pdf,,UNKNOWN,,UNKNOWN,CENTRAL,,,https://indiacode.gov.in/server/api/core/bitstreams/79fe069b-0bc5-4f6d-86b5-4edef3616330,https://indiacode.gov.in/server/api/core/bitstreams/79fe069b-0bc5-4f6d-86b5-4edef3616330/content,,A1992-28.pdf.jpg,7437,,,2026-08-19 20:57:09.957756,IGNORED_NON_PDF
02613f5e-a6c3-4feb-b003-1d4a420ebf3f,2445de42-c1e2-456d-8d90-d4e8805be262,2445de42-c1e2-456d-8d90-d4e8805be262,2445de42-c1e2-456d-8d90-d4e8805be262,218f5454-67c5-4d6e-9678-9704c6b5799d,e2cf185e-2b32-4e34-86ae-bb988c468714,"Maharashtra Administrative Tribunal (Salaries and allowances and conditions of service......) Amendment Rules, 2000.",pdf,26,"Ministry of Personnel, Public Grievances and Pensions",36,Department of Personnel and Training,CENTRAL,,,https://indiacode.gov.in/server/api/core/bitstreams/e2cf185e-2b32-4e34-86ae-bb988c468714,https://indiacode.gov.in/server/api/core/bitstreams/e2cf185e-2b32-4e34-86ae-bb988c468714/content,D:/india_code_data/raw/india_code\pdf\central\unknown\2445de42-c1e2-456d-8d90-d4e8805be262\e2cf185e-2b32-4e34-86ae-bb988c468714\original.pdf,8981.pdf,118155,4,1de029b7b53a1ba7b03540b1d36d1f93d5d5b5c98253ba9bc0b763d299280de7,2026-08-19 20:57:25.263508,VALIDATED
ade38353-8ad9-49b7-8dd5-0d4cdd61e50c,2445de42-c1e2-456d-8d90-d4e8805be262,2445de42-c1e2-456d-8d90-d4e8805be262,2445de42-c1e2-456d-8d90-d4e8805be262,6c661c9b-0ad7-4e38-a9f9-c6b1ce634e50,09216e12-ac55-4812-9f17-f10253d48fff,"Maharashtra Administrative Tribunal (Salaries and allowances and conditions of service......) Amendment Rules, 2000.",pdf,26,"Ministry of Personnel, Public Grievances and Pensions",36,Department of Personnel and Training,CENTRAL,,,https://indiacode.gov.in/server/api/core/bitstreams/09216e12-ac55-4812-9f17-f10253d48fff,https://indiacode.gov.in/server/api/core/bitstreams/09216e12-ac55-4812-9f17-f10253d48fff/content,,8981.pdf.txt,4313,,,2026-08-19 20:57:25.263508,IGNORED_NON_PDF
2733d062-e838-46a9-b28e-68fb0574b8a3,2445de42-c1e2-456d-8d90-d4e8805be262,2445de42-c1e2-456d-8d90-d4e8805be262,2445de42-c1e2-456d-8d90-d4e8805be262,e1c5e7fd-6c29-4cd3-a37a-f971e3669114,2cf88768-94a1-4784-b426-63db0f1676d4,"Maharashtra Administrative Tribunal (Salaries and allowances and conditions of service......) Amendment Rules, 2000.",pdf,26,"Ministry of Personnel, Public Grievances and Pensions",36,Department of Personnel and Training,CENTRAL,,,https://indiacode.gov.in/server/api/core/bitstreams/2cf88768-94a1-4784-b426-63db0f1676d4,https://indiacode.gov.in/server/api/core/bitstreams/2cf88768-94a1-4784-b426-63db0f1676d4/content,,8981.pdf.jpg,10426,,,2026-08-19 20:57:25.263508,IGNORED_NON_PDF
3d186414-19c0-48dc-85ed-23caf95f41f3,21567d69-a107-4298-afa0-6f3cf8b7d025,21567d69-a107-4298-afa0-6f3cf8b7d025,21567d69-a107-4298-afa0-6f3cf8b7d025,f59eba85-86e2-40f8-b459-e20afdfec4ae,4f69dae5-d801-4854-9474-dc2f202bc9fc,"Additional Emoluments (Compulsory Deposit) Amendment Ordinance, 1977",pdf,,UNKNOWN,,UNKNOWN,CENTRAL,,,https://indiacode.gov.in/server/api/core/bitstreams/4f69dae5-d801-4854-9474-dc2f202bc9fc,https://indiacode.gov.in/server/api/core/bitstreams/4f69dae5-d801-4854-9474-dc2f202bc9fc/content,D:/india_code_data/raw/india_code\pdf\central\unknown\21567d69-a107-4298-afa0-6f3cf8b7d025\4f69dae5-d801-4854-9474-dc2f202bc9fc\original.pdf,7.pdf,78813,2,b00a2a3fec6a64f20bad11e4303f4f477a7c8288c88f7a1860420b23d2c36767,2026-08-19 20:57:54.633622,VALIDATED
a56f755d-44b8-4744-9e93-cb3f6f8faf46,21567d69-a107-4298-afa0-6f3cf8b7d025,21567d69-a107-4298-afa0-6f3cf8b7d025,21567d69-a107-4298-afa0-6f3cf8b7d025,f97d56a8-6000-4ba0-8257-fe5199984a1a,80c424f4-aada-4b68-8ba0-bcb073d5b6fb,"Additional Emoluments (Compulsory Deposit) Amendment Ordinance, 1977",pdf,,UNKNOWN,,UNKNOWN,CENTRAL,,,https://indiacode.gov.in/server/api/core/bitstreams/80c424f4-aada-4b68-8ba0-bcb073d5b6fb,https://indiacode.gov.in/server/api/core/bitstreams/80c424f4-aada-4b68-8ba0-bcb073d5b6fb/content,,7.pdf.txt,3034,,,2026-08-19 20:57:54.633622,IGNORED_NON_PDF
2f886f66-1f48-439c-a0e6-37712c7fc493,21567d69-a107-4298-afa0-6f3cf8b7d025,21567d69-a107-4298-afa0-6f3cf8b7d025,21567d69-a107-4298-afa0-6f3cf8b7d025,7a87fce7-0426-46eb-a951-7d9c21fa24ac,42359fb4-32b6-4fe7-acc6-cbd97365edb2,"Additional Emoluments (Compulsory Deposit) Amendment Ordinance, 1977",pdf,,UNKNOWN,,UNKNOWN,CENTRAL,,,https://indiacode.gov.in/server/api/core/bitstreams/42359fb4-32b6-4fe7-acc6-cbd97365edb2,https://indiacode.gov.in/server/api/core/bitstreams/42359fb4-32b6-4fe7-acc6-cbd97365edb2/content,,7.pdf.jpg,10506,,,2026-08-19 20:57:54.633622,IGNORED_NON_PDF
b94d6504-a31b-417b-a216-05adf3a4482a,2159955a-f9e8-475e-90d3-ef447fb64e6e,2159955a-f9e8-475e-90d3-ef447fb64e6e,2159955a-f9e8-475e-90d3-ef447fb64e6e,9e72ffd4-164a-4e5b-b052-5d43d44774bd,41e42fdf-7115-4c6d-ba13-a026d2eb1e9a,"The Chhattisgarh Industrial Employment (Standing Orders) Act, 1961",pdf,61,State Government,1182,DEPARTMENT OF LABOUR,STATE,,,https://indiacode.gov.in/server/api/core/bitstreams/41e42fdf-7115-4c6d-ba13-a026d2eb1e9a,https://indiacode.gov.in/server/api/core/bitstreams/41e42fdf-7115-4c6d-ba13-a026d2eb1e9a/content,D:/india_code_data/raw/india_code\pdf\central\unknown\2159955a-f9e8-475e-90d3-ef447fb64e6e\41e42fdf-7115-4c6d-ba13-a026d2eb1e9a\original.pdf,"the_chhattisgarh_industrial_employment_(standing_orders)_act,_1961_no._26_of_1961_date_28.07.1961.pdf",2113974,18,1fe262a7d6c959cdbf28c1532061f0431bcfc4b80746a70966459b6ca5844d48,2026-08-19 20:58:13.770498,VALIDATED
faf13457-5846-4b01-b173-c3502d39a638,2159955a-f9e8-475e-90d3-ef447fb64e6e,2159955a-f9e8-475e-90d3-ef447fb64e6e,2159955a-f9e8-475e-90d3-ef447fb64e6e,abf5aec8-d5d2-4a04-ab1e-7cdcf7c9c06e,ba1adab6-532c-4cc7-9e02-c6557e981c15,"The Chhattisgarh Industrial Employment (Standing Orders) Act, 1961",pdf,61,State Government,1182,DEPARTMENT OF LABOUR,STATE,,,https://indiacode.gov.in/server/api/core/bitstreams/ba1adab6-532c-4cc7-9e02-c6557e981c15,https://indiacode.gov.in/server/api/core/bitstreams/ba1adab6-532c-4cc7-9e02-c6557e981c15/content,,"the_chhattisgarh_industrial_employment_(standing_orders)_act,_1961_no._26_of_1961_date_28.07.1961.pdf.txt",17716,,,2026-08-19 20:58:13.770498,IGNORED_NON_PDF
bd7fbf3e-e35a-4875-98be-3148c429737c,2159955a-f9e8-475e-90d3-ef447fb64e6e,2159955a-f9e8-475e-90d3-ef447fb64e6e,2159955a-f9e8-475e-90d3-ef447fb64e6e,9c190d75-8655-4cf1-96cd-71d67a478929,d242c74b-1777-447d-a091-02c52d3f676c,"The Chhattisgarh Industrial Employment (Standing Orders) Act, 1961",pdf,61,State Government,1182,DEPARTMENT OF LABOUR,STATE,,,https://indiacode.gov.in/server/api/core/bitstreams/d242c74b-1777-447d-a091-02c52d3f676c,https://indiacode.gov.in/server/api/core/bitstreams/d242c74b-1777-447d-a091-02c52d3f676c/content,,"the_chhattisgarh_industrial_employment_(standing_orders)_act,_1961_no._26_of_1961_date_28.07.1961.pdf.jpg",9636,,,2026-08-19 20:58:13.770498,IGNORED_NON_PDF
3bf4dc38-fd46-44fb-aa53-32bcb94b740f,215d69e5-bbdc-4616-bd5c-72f998f5fc17,215d69e5-bbdc-4616-bd5c-72f998f5fc17,215d69e5-bbdc-4616-bd5c-72f998f5fc17,eb585f6d-e50c-44d7-93b7-bb5fe6c807fc,03166386-b24a-4c4c-b439-ed25f7af9357,NOTIFICATION No. ED 09 VIVIDHA 2006,pdf,71,NO MINISTRY,581,Education Department,STATE,,,https://indiacode.gov.in/server/api/core/bitstreams/03166386-b24a-4c4c-b439-ed25f7af9357,https://indiacode.gov.in/server/api/core/bitstreams/03166386-b24a-4c4c-b439-ed25f7af9357/content,D:/india_code_data/raw/india_code\pdf\central\unknown\215d69e5-bbdc-4616-bd5c-72f998f5fc17\03166386-b24a-4c4c-b439-ed25f7af9357\original.pdf,42.pdf,50897,1,3a9eba3461eab7d098504b9c709c26d412f40123f5e0aa18d515ad7ee9b25fdd,2026-08-19 20:58:37.088595,VALIDATED
5968090c-b8e5-40c5-8071-a3872057082a,215d69e5-bbdc-4616-bd5c-72f998f5fc17,215d69e5-bbdc-4616-bd5c-72f998f5fc17,215d69e5-bbdc-4616-bd5c-72f998f5fc17,02923567-3646-4a2b-a66b-0ad86026c7d9,fccc7b8a-688e-4af5-a64f-bd94ad7f29ba,NOTIFICATION No. ED 09 VIVIDHA 2006,pdf,71,NO MINISTRY,581,Education Department,STATE,,,https://indiacode.gov.in/server/api/core/bitstreams/fccc7b8a-688e-4af5-a64f-bd94ad7f29ba,https://indiacode.gov.in/server/api/core/bitstreams/fccc7b8a-688e-4af5-a64f-bd94ad7f29ba/content,,42.pdf.txt,994,,,2026-08-19 20:58:37.088595,IGNORED_NON_PDF
57cd4a2e-abfe-430b-8d3e-c54a0b91ddff,215d69e5-bbdc-4616-bd5c-72f998f5fc17,215d69e5-bbdc-4616-bd5c-72f998f5fc17,215d69e5-bbdc-4616-bd5c-72f998f5fc17,814b5ef9-2b9b-4165-9ce1-3e0b6a674e34,994971af-08f7-4222-b0f7-dd53e4eeeaf7,NOTIFICATION No. ED 09 VIVIDHA 2006,pdf,71,NO MINISTRY,581,Education Department,STATE,,,https://indiacode.gov.in/server/api/core/bitstreams/994971af-08f7-4222-b0f7-dd53e4eeeaf7,https://indiacode.gov.in/server/api/core/bitstreams/994971af-08f7-4222-b0f7-dd53e4eeeaf7/content,,42.pdf.jpg,6064,,,2026-08-19 20:58:37.088595,IGNORED_NON_PDF
1d505de1-f6d4-4b47-9cf6-51644efab55e,21604946-74b8-4399-a9fb-bed7f795912f,21604946-74b8-4399-a9fb-bed7f795912f,21604946-74b8-4399-a9fb-bed7f795912f,0fa4f3e9-0247-4213-b62e-82373846d2ce,a31b7af5-d946-4f03-85fd-19f02dbcc64b,"THE ENVIRONMENT (PROTECTION) ACT, 1986",pdf,67,NO MINISTRY,1531,"Department of Environment & Climate Change, Haryana",STATE,,,https://indiacode.gov.in/server/api/core/bitstreams/a31b7af5-d946-4f03-85fd-19f02dbcc64b,https://indiacode.gov.in/server/api/core/bitstreams/a31b7af5-d946-4f03-85fd-19f02dbcc64b/content,D:/india_code_data/raw/india_code\pdf\central\unknown\21604946-74b8-4399-a9fb-bed7f795912f\a31b7af5-d946-4f03-85fd-19f02dbcc64b\original.pdf,"the_environment_(protection)_act,_1986.pdf",539200,13,551d737229d50461e84ac04018d83708206693aee90841d7e6fa8305acf10010,2026-08-19 20:59:12.557483,VALIDATED
c9c6094c-a330-4325-bfba-11467fbc1478,21604946-74b8-4399-a9fb-bed7f795912f,21604946-74b8-4399-a9fb-bed7f795912f,21604946-74b8-4399-a9fb-bed7f795912f,08106b68-1640-4a43-b641-6f819735107d,ef571e19-24d8-45ea-9339-a9e913ba9d07,"THE ENVIRONMENT (PROTECTION) ACT, 1986",pdf,67,NO MINISTRY,1531,"Department of Environment & Climate Change, Haryana",STATE,,,https://indiacode.gov.in/server/api/core/bitstreams/ef571e19-24d8-45ea-9339-a9e913ba9d07,https://indiacode.gov.in/server/api/core/bitstreams/ef571e19-24d8-45ea-9339-a9e913ba9d07/content,,"the_environment_(protection)_act,_1986.pdf.txt",37433,,,2026-08-19 20:59:12.557483,IGNORED_NON_PDF
494313a4-6f8f-436e-9054-e7b7cd787f71,21604946-74b8-4399-a9fb-bed7f795912f,21604946-74b8-4399-a9fb-bed7f795912f,21604946-74b8-4399-a9fb-bed7f795912f,e0ae68af-afdf-4b94-bcf4-ef4090d77bc0,20489579-4052-4bc5-b0ee-288e37548067,"THE ENVIRONMENT (PROTECTION) ACT, 1986",pdf,67,NO MINISTRY,1531,"Department of Environment & Climate Change, Haryana",STATE,,,https://indiacode.gov.in/server/api/core/bitstreams/20489579-4052-4bc5-b0ee-288e37548067,https://indiacode.gov.in/server/api/core/bitstreams/20489579-4052-4bc5-b0ee-288e37548067/content,,"the_environment_(protection)_act,_1986.pdf.jpg",4556,,,2026-08-19 20:59:12.557483,IGNORED_NON_PDF
31de1c8f-12ee-4f04-afce-96acfece0fe9,21613415-fa11-414a-b5e4-81a507ce0c8d,21613415-fa11-414a-b5e4-81a507ce0c8d,21613415-fa11-414a-b5e4-81a507ce0c8d,6f81bfe9-1770-4920-8889-3d66fb26c83e,726908a2-b851-483c-960e-460a89072196,"Governor's(Allowances and Privileges) Amendment Rules,1990G.S.R. 675(E)",pdf,5,Ministry of Home Affairs,40,Department of Home,CENTRAL,,,https://indiacode.gov.in/server/api/core/bitstreams/726908a2-b851-483c-960e-460a89072196,https://indiacode.gov.in/server/api/core/bitstreams/726908a2-b851-483c-960e-460a89072196/content,D:/india_code_data/raw/india_code\pdf\central\unknown\21613415-fa11-414a-b5e4-81a507ce0c8d\726908a2-b851-483c-960e-460a89072196\original.pdf,"Governor's(Allowances and Privileges) Amendment Rules,1990{G.S.R. 675(E)}.pdf",246069,5,d421d8b13dc2b2c87de99adcf0e5fe4b0bac1e8fc70786e41f46158d018d69fa,2026-08-19 20:59:47.832760,VALIDATED
d316e37d-036d-4ae1-b05a-a1bb03fa62fe,21613415-fa11-414a-b5e4-81a507ce0c8d,21613415-fa11-414a-b5e4-81a507ce0c8d,21613415-fa11-414a-b5e4-81a507ce0c8d,20e71d27-ad81-4a92-99ed-20d1cb6939f6,d57b4ad8-0b87-4915-bff3-c8ee1a91bfad,"Governor's(Allowances and Privileges) Amendment Rules,1990G.S.R. 675(E)",pdf,5,Ministry of Home Affairs,40,Department of Home,CENTRAL,,,https://indiacode.gov.in/server/api/core/bitstreams/d57b4ad8-0b87-4915-bff3-c8ee1a91bfad,https://indiacode.gov.in/server/api/core/bitstreams/d57b4ad8-0b87-4915-bff3-c8ee1a91bfad/content,,"Governor's(Allowances and Privileges) Amendment Rules,1990{G.S.R. 675(E)}.pdf.txt",12816,,,2026-08-19 20:59:47.832760,IGNORED_NON_PDF
3bfe6b69-8717-4369-8763-41b241ef1e4c,21613415-fa11-414a-b5e4-81a507ce0c8d,21613415-fa11-414a-b5e4-81a507ce0c8d,21613415-fa11-414a-b5e4-81a507ce0c8d,4afc463b-71da-4cac-be93-969243de624b,68e45e42-3928-4158-b75c-0e87ac40650c,"Governor's(Allowances and Privileges) Amendment Rules,1990G.S.R. 675(E)",pdf,5,Ministry of Home Affairs,40,Department of Home,CENTRAL,,,https://indiacode.gov.in/server/api/core/bitstreams/68e45e42-3928-4158-b75c-0e87ac40650c,https://indiacode.gov.in/server/api/core/bitstreams/68e45e42-3928-4158-b75c-0e87ac40650c/content,,"Governor's(Allowances and Privileges) Amendment Rules,1990{G.S.R. 675(E)}.pdf.jpg",10383,,,2026-08-19 20:59:47.832760,IGNORED_NON_PDF
916c9242-e122-4957-8121-b9fc2f2af9d4,2164c0b0-645c-4825-9ddb-92728dbd3815,2164c0b0-645c-4825-9ddb-92728dbd3815,2164c0b0-645c-4825-9ddb-92728dbd3815,bf34c0ad-2c9d-4bad-aed6-653355863c75,c0aa8dad-7b0f-4c18-9580-daa22736c2fa,"Maharashtra Private Skills Universities (Establishment and Regulation) Act, 2024",pdf,166,Govt of Maharashtra,1521,Skill Development Department,STATE,,,https://indiacode.gov.in/server/api/core/bitstreams/c0aa8dad-7b0f-4c18-9580-daa22736c2fa,https://indiacode.gov.in/server/api/core/bitstreams/c0aa8dad-7b0f-4c18-9580-daa22736c2fa/content,D:/india_code_data/raw/india_code\pdf\central\unknown\2164c0b0-645c-4825-9ddb-92728dbd3815\c0aa8dad-7b0f-4c18-9580-daa22736c2fa\original.pdf,"the_maharashtra_private_skills_universities_act,_2024.pdf",292429,34,4362ca456970b797fb2586bd67eadf720c9319d32ec723a40f041ea3a8bb20e1,2026-08-19 21:00:23.396183,VALIDATED
209e75c9-7b3c-43ec-a310-708f666ef693,2164c0b0-645c-4825-9ddb-92728dbd3815,2164c0b0-645c-4825-9ddb-92728dbd3815,2164c0b0-645c-4825-9ddb-92728dbd3815,bf34c0ad-2c9d-4bad-aed6-653355863c75,7fbacffd-2106-4c20-9873-ca7880b83c46,"Maharashtra Private Skills Universities (Establishment and Regulation) Act, 2024",pdf,166,Govt of Maharashtra,1521,Skill Development Department,STATE,,,https://indiacode.gov.in/server/api/core/bitstreams/7fbacffd-2106-4c20-9873-ca7880b83c46,https://indiacode.gov.in/server/api/core/bitstreams/7fbacffd-2106-4c20-9873-ca7880b83c46/content,D:/india_code_data/raw/india_code\pdf\central\unknown\2164c0b0-645c-4825-9ddb-92728dbd3815\7fbacffd-2106-4c20-9873-ca7880b83c46\original.pdf,"maharashtra_private_skills_universities_(establishment_and_regulation)_act,_2024.pdf",296842,34,a30592eaefa0cd39212d15c4a33b6cfa62dc18c9a02fd84f03f5035331c867a9,2026-08-19 21:00:23.396183,VALIDATED
581a4925-7c55-4f65-9a9f-1c106062b000,2164c0b0-645c-4825-9ddb-92728dbd3815,2164c0b0-645c-4825-9ddb-92728dbd3815,2164c0b0-645c-4825-9ddb-92728dbd3815,fa2a2097-b090-4131-83d4-321781ebcd13,da117264-d108-4260-82b8-2e7fec7309f0,"Maharashtra Private Skills Universities (Establishment and Regulation) Act, 2024",pdf,166,Govt of Maharashtra,1521,Skill Development Department,STATE,,,https://indiacode.gov.in/server/api/core/bitstreams/da117264-d108-4260-82b8-2e7fec7309f0,https://indiacode.gov.in/server/api/core/bitstreams/da117264-d108-4260-82b8-2e7fec7309f0/content,,"the_maharashtra_private_skills_universities_act,_2024.pdf.txt",99309,,,2026-08-19 21:00:23.396183,IGNORED_NON_PDF
571c95e3-9a1a-4655-a980-e32671dc290e,2164c0b0-645c-4825-9ddb-92728dbd3815,2164c0b0-645c-4825-9ddb-92728dbd3815,2164c0b0-645c-4825-9ddb-92728dbd3815,fa2a2097-b090-4131-83d4-321781ebcd13,e9c863a4-f8cf-462d-902f-c6668c24c4e1,"Maharashtra Private Skills Universities (Establishment and Regulation) Act, 2024",pdf,166,Govt of Maharashtra,1521,Skill Development Department,STATE,,,https://indiacode.gov.in/server/api/core/bitstreams/e9c863a4-f8cf-462d-902f-c6668c24c4e1,https://indiacode.gov.in/server/api/core/bitstreams/e9c863a4-f8cf-462d-902f-c6668c24c4e1/content,,"maharashtra_private_skills_universities_(establishment_and_regulation)_act,_2024.pdf.txt",203807,,,2026-08-19 21:00:23.396183,IGNORED_NON_PDF
4bc25a73-b74d-4f39-8fe6-2d98a3386bc5,2164c0b0-645c-4825-9ddb-92728dbd3815,2164c0b0-645c-4825-9ddb-92728dbd3815,2164c0b0-645c-4825-9ddb-92728dbd3815,335e6d4d-f479-4e59-8f4d-33982c43b313,4358d76e-d69d-4573-8799-9aef953d8f72,"Maharashtra Private Skills Universities (Establishment and Regulation) Act, 2024",pdf,166,Govt of Maharashtra,1521,Skill Development Department,STATE,,,https://indiacode.gov.in/server/api/core/bitstreams/4358d76e-d69d-4573-8799-9aef953d8f72,https://indiacode.gov.in/server/api/core/bitstreams/4358d76e-d69d-4573-8799-9aef953d8f72/content,,"the_maharashtra_private_skills_universities_act,_2024.pdf.jpg",8920,,,2026-08-19 21:00:23.396183,IGNORED_NON_PDF
48965028-0504-407a-b919-ce28beb6d27d,2164c0b0-645c-4825-9ddb-92728dbd3815,2164c0b0-645c-4825-9ddb-92728dbd3815,2164c0b0-645c-4825-9ddb-92728dbd3815,335e6d4d-f479-4e59-8f4d-33982c43b313,eb74ad7d-31fd-4332-8963-f3e371b84fd4,"Maharashtra Private Skills Universities (Establishment and Regulation) Act, 2024",pdf,166,Govt of Maharashtra,1521,Skill Development Department,STATE,,,https://indiacode.gov.in/server/api/core/bitstreams/eb74ad7d-31fd-4332-8963-f3e371b84fd4,https://indiacode.gov.in/server/api/core/bitstreams/eb74ad7d-31fd-4332-8963-f3e371b84fd4/content,,"maharashtra_private_skills_universities_(establishment_and_regulation)_act,_2024.pdf.jpg",9163,,,2026-08-19 21:00:23.396183,IGNORED_NON_PDF
0ff90c25-ad13-403e-b40b-b5a4e801b469,21691ff0-ec98-471a-9dab-bb5c55b0fed1,21691ff0-ec98-471a-9dab-bb5c55b0fed1,21691ff0-ec98-471a-9dab-bb5c55b0fed1,76672fa9-c7df-4f3c-925a-5af00a1858e0,e1bf95ef-ece0-4030-b2e5-b1cefe277000,"No.20/GST-2 Notification for appointing dates for bringing into effect rules of HGST (Amendment) Rules, 2024 under the HGST Act, 2017",pdf,67,NO MINISTRY,104,EXCISE AND TAXTATION,STATE,,,https://indiacode.gov.in/server/api/core/bitstreams/e1bf95ef-ece0-4030-b2e5-b1cefe277000,https://indiacode.gov.in/server/api/core/bitstreams/e1bf95ef-ece0-4030-b2e5-b1cefe277000/content,D:/india_code_data/raw/india_code\pdf\central\unknown\21691ff0-ec98-471a-9dab-bb5c55b0fed1\e1bf95ef-ece0-4030-b2e5-b1cefe277000\original.pdf,73_removed_(1).pdf,298371,1,a81b4daea696aa3d9553f07f47be0cdd202e38b597d0355280d68ccc047a2eae,2026-08-19 21:01:05.401603,VALIDATED
6a6421a2-42ef-451c-b2ee-71bb13ffddb5,21691ff0-ec98-471a-9dab-bb5c55b0fed1,21691ff0-ec98-471a-9dab-bb5c55b0fed1,21691ff0-ec98-471a-9dab-bb5c55b0fed1,76672fa9-c7df-4f3c-925a-5af00a1858e0,970cde9e-8dfc-40fe-bbe2-eccb706d2f50,"No.20/GST-2 Notification for appointing dates for bringing into effect rules of HGST (Amendment) Rules, 2024 under the HGST Act, 2017",pdf,67,NO MINISTRY,104,EXCISE AND TAXTATION,STATE,,,https://indiacode.gov.in/server/api/core/bitstreams/970cde9e-8dfc-40fe-bbe2-eccb706d2f50,https://indiacode.gov.in/server/api/core/bitstreams/970cde9e-8dfc-40fe-bbe2-eccb706d2f50/content,D:/india_code_data/raw/india_code\pdf\central\unknown\21691ff0-ec98-471a-9dab-bb5c55b0fed1\970cde9e-8dfc-40fe-bbe2-eccb706d2f50\original.pdf,73_removed.pdf,213150,1,bf8c5facb547d80fee97a82e162c69d34ac7e227cbdbd8f8f9124b0376a6a23a,2026-08-19 21:01:05.401603,VALIDATED
4494f7e4-dd6c-49f2-a9f2-c6f7844643c1,21691ff0-ec98-471a-9dab-bb5c55b0fed1,21691ff0-ec98-471a-9dab-bb5c55b0fed1,21691ff0-ec98-471a-9dab-bb5c55b0fed1,80ebec09-2278-4d8f-85b6-63dc4ba361a9,bc88f2c4-4753-4c3f-940b-fa55d0d3de96,"No.20/GST-2 Notification for appointing dates for bringing into effect rules of HGST (Amendment) Rules, 2024 under the HGST Act, 2017",pdf,67,NO MINISTRY,104,EXCISE AND TAXTATION,STATE,,,https://indiacode.gov.in/server/api/core/bitstreams/bc88f2c4-4753-4c3f-940b-fa55d0d3de96,https://indiacode.gov.in/server/api/core/bitstreams/bc88f2c4-4753-4c3f-940b-fa55d0d3de96/content,,73_removed_(1).pdf.txt,1031,,,2026-08-19 21:01:05.401603,IGNORED_NON_PDF
36ca0ea2-fca7-4a77-86e1-41dce1dfad41,21691ff0-ec98-471a-9dab-bb5c55b0fed1,21691ff0-ec98-471a-9dab-bb5c55b0fed1,21691ff0-ec98-471a-9dab-bb5c55b0fed1,80ebec09-2278-4d8f-85b6-63dc4ba361a9,7ea4effa-c3d2-455c-ac61-534d9646e1ee,"No.20/GST-2 Notification for appointing dates for bringing into effect rules of HGST (Amendment) Rules, 2024 under the HGST Act, 2017",pdf,67,NO MINISTRY,104,EXCISE AND TAXTATION,STATE,,,https://indiacode.gov.in/server/api/core/bitstreams/7ea4effa-c3d2-455c-ac61-534d9646e1ee,https://indiacode.gov.in/server/api/core/bitstreams/7ea4effa-c3d2-455c-ac61-534d9646e1ee/content,,73_removed.pdf.txt,1041,,,2026-08-19 21:01:05.401603,IGNORED_NON_PDF
9cfa5e13-9189-460d-af3e-35ddb91656fa,21691ff0-ec98-471a-9dab-bb5c55b0fed1,21691ff0-ec98-471a-9dab-bb5c55b0fed1,21691ff0-ec98-471a-9dab-bb5c55b0fed1,e5fa33e3-65f0-46d3-ae9b-f661b0ed173c,fab57d8e-5047-4232-bcfd-825a74399c0a,"No.20/GST-2 Notification for appointing dates for bringing into effect rules of HGST (Amendment) Rules, 2024 under the HGST Act, 2017",pdf,67,NO MINISTRY,104,EXCISE AND TAXTATION,STATE,,,https://indiacode.gov.in/server/api/core/bitstreams/fab57d8e-5047-4232-bcfd-825a74399c0a,https://indiacode.gov.in/server/api/core/bitstreams/fab57d8e-5047-4232-bcfd-825a74399c0a/content,,73_removed_(1).pdf.jpg,6026,,,2026-08-19 21:01:05.401603,IGNORED_NON_PDF
760dd9d9-9ff7-4edf-8e94-07918f84cbe7,21691ff0-ec98-471a-9dab-bb5c55b0fed1,21691ff0-ec98-471a-9dab-bb5c55b0fed1,21691ff0-ec98-471a-9dab-bb5c55b0fed1,e5fa33e3-65f0-46d3-ae9b-f661b0ed173c,75394bfd-811a-4617-b72c-7c2e4430ca0d,"No.20/GST-2 Notification for appointing dates for bringing into effect rules of HGST (Amendment) Rules, 2024 under the HGST Act, 2017",pdf,67,NO MINISTRY,104,EXCISE AND TAXTATION,STATE,,,https://indiacode.gov.in/server/api/core/bitstreams/75394bfd-811a-4617-b72c-7c2e4430ca0d,https://indiacode.gov.in/server/api/core/bitstreams/75394bfd-811a-4617-b72c-7c2e4430ca0d/content,,73_removed.pdf.jpg,6914,,,2026-08-19 21:01:05.401603,IGNORED_NON_PDF
39c257ee-5670-4a52-a3ba-2404b6fdef68,216ab465-bce2-4293-b1d3-b7e38e29909b,216ab465-bce2-4293-b1d3-b7e38e29909b,216ab465-bce2-4293-b1d3-b7e38e29909b,7ccbb0c3-96e5-4724-b962-85a557c63b77,8704971c-0a3e-4bf8-8667-e406e2ded1dc,"THE UTTAR PRADESH UNAUTHORISED MEDICAL EDUCATIONAL INSTITUTIONS (PREVENTION) ACT, 1973",pdf,88,NO MINISTRY,481,Medical Education,STATE,,,https://indiacode.gov.in/server/api/core/bitstreams/8704971c-0a3e-4bf8-8667-e406e2ded1dc,https://indiacode.gov.in/server/api/core/bitstreams/8704971c-0a3e-4bf8-8667-e406e2ded1dc/content,D:/india_code_data/raw/india_code\pdf\central\unknown\216ab465-bce2-4293-b1d3-b7e38e29909b\8704971c-0a3e-4bf8-8667-e406e2ded1dc\original.pdf,5of1973_english.pdf,198501,5,1f0b7c7126ee076bc3d432c450d56575bd87ea29dbb2d2e01b46c5192a90e400,2026-08-19 21:01:35.179657,VALIDATED
4f5ff02e-ec59-4ad4-b2f6-00b3668ea00f,216ab465-bce2-4293-b1d3-b7e38e29909b,216ab465-bce2-4293-b1d3-b7e38e29909b,216ab465-bce2-4293-b1d3-b7e38e29909b,7ccbb0c3-96e5-4724-b962-85a557c63b77,fc97b266-7539-4528-82f4-c778f41a7834,"THE UTTAR PRADESH UNAUTHORISED MEDICAL EDUCATIONAL INSTITUTIONS (PREVENTION) ACT, 1973",pdf,88,NO MINISTRY,481,Medical Education,STATE,,,https://indiacode.gov.in/server/api/core/bitstreams/fc97b266-7539-4528-82f4-c778f41a7834,https://indiacode.gov.in/server/api/core/bitstreams/fc97b266-7539-4528-82f4-c778f41a7834/content,D:/india_code_data/raw/india_code\pdf\central\unknown\216ab465-bce2-4293-b1d3-b7e38e29909b\fc97b266-7539-4528-82f4-c778f41a7834\original.pdf,5of1973_hindi.pdf,193671,5,14a337b469f48302369029cb5ff0c49f8853108031789145ff0442fb680ede03,2026-08-19 21:01:35.179657,VALIDATED
d2f33568-237c-4168-b81e-7468c2a08c2f,216ab465-bce2-4293-b1d3-b7e38e29909b,216ab465-bce2-4293-b1d3-b7e38e29909b,216ab465-bce2-4293-b1d3-b7e38e29909b,c87b8763-f216-4edc-a597-54e309f07d0c,cc14570d-60d5-498b-8840-78fa5c097f1e,"THE UTTAR PRADESH UNAUTHORISED MEDICAL EDUCATIONAL INSTITUTIONS (PREVENTION) ACT, 1973",pdf,88,NO MINISTRY,481,Medical Education,STATE,,,https://indiacode.gov.in/server/api/core/bitstreams/cc14570d-60d5-498b-8840-78fa5c097f1e,https://indiacode.gov.in/server/api/core/bitstreams/cc14570d-60d5-498b-8840-78fa5c097f1e/content,,5of1973_english.pdf.txt,9806,,,2026-08-19 21:01:35.179657,IGNORED_NON_PDF
dc9becb0-02b4-434b-ac9d-025573572b83,216ab465-bce2-4293-b1d3-b7e38e29909b,216ab465-bce2-4293-b1d3-b7e38e29909b,216ab465-bce2-4293-b1d3-b7e38e29909b,c87b8763-f216-4edc-a597-54e309f07d0c,fcfe5857-3b92-4f49-ae5a-f95a55f392ee,"THE UTTAR PRADESH UNAUTHORISED MEDICAL EDUCATIONAL INSTITUTIONS (PREVENTION) ACT, 1973",pdf,88,NO MINISTRY,481,Medical Education,STATE,,,https://indiacode.gov.in/server/api/core/bitstreams/fcfe5857-3b92-4f49-ae5a-f95a55f392ee,https://indiacode.gov.in/server/api/core/bitstreams/fcfe5857-3b92-4f49-ae5a-f95a55f392ee/content,,5of1973_hindi.pdf.txt,10001,,,2026-08-19 21:01:35.179657,IGNORED_NON_PDF
2d0d9247-9f08-4a5a-b4d1-611e94928458,216ab465-bce2-4293-b1d3-b7e38e29909b,216ab465-bce2-4293-b1d3-b7e38e29909b,216ab465-bce2-4293-b1d3-b7e38e29909b,e47af09b-74bc-4530-80a7-f47597fe4b7a,30ce5450-5d3e-4fe9-a3f0-773fdbdb8aad,"THE UTTAR PRADESH UNAUTHORISED MEDICAL EDUCATIONAL INSTITUTIONS (PREVENTION) ACT, 1973",pdf,88,NO MINISTRY,481,Medical Education,STATE,,,https://indiacode.gov.in/server/api/core/bitstreams/30ce5450-5d3e-4fe9-a3f0-773fdbdb8aad,https://indiacode.gov.in/server/api/core/bitstreams/30ce5450-5d3e-4fe9-a3f0-773fdbdb8aad/content,,5of1973_english.pdf.jpg,8898,,,2026-08-19 21:01:35.179657,IGNORED_NON_PDF
d26a2fdf-11db-4be7-bf4e-169fed91db4a,216ab465-bce2-4293-b1d3-b7e38e29909b,216ab465-bce2-4293-b1d3-b7e38e29909b,216ab465-bce2-4293-b1d3-b7e38e29909b,e47af09b-74bc-4530-80a7-f47597fe4b7a,82b2d97a-eeb9-4007-8748-d602e11e7a1b,"THE UTTAR PRADESH UNAUTHORISED MEDICAL EDUCATIONAL INSTITUTIONS (PREVENTION) ACT, 1973",pdf,88,NO MINISTRY,481,Medical Education,STATE,,,https://indiacode.gov.in/server/api/core/bitstreams/82b2d97a-eeb9-4007-8748-d602e11e7a1b,https://indiacode.gov.in/server/api/core/bitstreams/82b2d97a-eeb9-4007-8748-d602e11e7a1b/content,,5of1973_hindi.pdf.jpg,5091,,,2026-08-19 21:01:35.179657,IGNORED_NON_PDF
a5c73ec5-fbb2-468b-aa06-da715e4f1719,216bf2a7-0863-4f80-9594-b0f6a6adfa25,216bf2a7-0863-4f80-9594-b0f6a6adfa25,216bf2a7-0863-4f80-9594-b0f6a6adfa25,6db36569-5350-45af-8310-3ee6c69283c1,b7d29857-e2da-4eea-8d70-7fb8f475096e,No. S.O. 143/C.A.16/27/S.20/87,pdf,67,NO MINISTRY,127,FOREST DEPARTMENT,STATE,,,https://indiacode.gov.in/server/api/core/bitstreams/b7d29857-e2da-4eea-8d70-7fb8f475096e,https://indiacode.gov.in/server/api/core/bitstreams/b7d29857-e2da-4eea-8d70-7fb8f475096e/content,D:/india_code_data/raw/india_code\pdf\central\unknown\216bf2a7-0863-4f80-9594-b0f6a6adfa25\b7d29857-e2da-4eea-8d70-7fb8f475096e\original.pdf,15-12-1987_(ynr).pdf,7146,1,708e22820b23e60e437540a778ec7f2c2ebf62c5e19ee1333e9f15fdd2eb3243,2026-08-19 21:02:09.162752,VALIDATED
32c485ff-d8d1-49e3-be4b-5e06209c10df,216bf2a7-0863-4f80-9594-b0f6a6adfa25,216bf2a7-0863-4f80-9594-b0f6a6adfa25,216bf2a7-0863-4f80-9594-b0f6a6adfa25,df47fe64-28a3-41a0-ac7a-faaa5be9a988,6af94928-6a54-438f-a6f3-94aa937cf884,No. S.O. 143/C.A.16/27/S.20/87,pdf,67,NO MINISTRY,127,FOREST DEPARTMENT,STATE,,,https://indiacode.gov.in/server/api/core/bitstreams/6af94928-6a54-438f-a6f3-94aa937cf884,https://indiacode.gov.in/server/api/core/bitstreams/6af94928-6a54-438f-a6f3-94aa937cf884/content,,15-12-1987_(ynr).pdf.txt,1748,,,2026-08-19 21:02:09.162752,IGNORED_NON_PDF
15ea65f5-aaf4-4be6-a834-9482d0d636d7,216bf2a7-0863-4f80-9594-b0f6a6adfa25,216bf2a7-0863-4f80-9594-b0f6a6adfa25,216bf2a7-0863-4f80-9594-b0f6a6adfa25,a1ee96d1-13dd-4b45-a9fb-7b60acfa15e2,afadf3e9-479f-4e3f-ab6f-b775ce88fb30,No. S.O. 143/C.A.16/27/S.20/87,pdf,67,NO MINISTRY,127,FOREST DEPARTMENT,STATE,,,https://indiacode.gov.in/server/api/core/bitstreams/afadf3e9-479f-4e3f-ab6f-b775ce88fb30,https://indiacode.gov.in/server/api/core/bitstreams/afadf3e9-479f-4e3f-ab6f-b775ce88fb30/content,,15-12-1987_(ynr).pdf.jpg,7875,,,2026-08-19 21:02:09.162752,IGNORED_NON_PDF
5e098065-336d-4279-93a4-adb8339fab48,216c9a41-68d1-4a13-9e02-1283ab14b999,216c9a41-68d1-4a13-9e02-1283ab14b999,216c9a41-68d1-4a13-9e02-1283ab14b999,cfb0c9a4-164c-4367-98fa-5108d8e24b7e,30c8c095-06fe-4b8d-bfd5-3e99d73b01a8,"The Himachal Pradesh Electricity Regulatory Commission (Renewable Power Purchase Obligation and its Compliance) Regulations, 2010",pdf,112,MPP and Power,,UNKNOWN,STATE,,,https://indiacode.gov.in/server/api/core/bitstreams/30c8c095-06fe-4b8d-bfd5-3e99d73b01a8,https://indiacode.gov.in/server/api/core/bitstreams/30c8c095-06fe-4b8d-bfd5-3e99d73b01a8/content,D:/india_code_data/raw/india_code\pdf\central\unknown\216c9a41-68d1-4a13-9e02-1283ab14b999\30c8c095-06fe-4b8d-bfd5-3e99d73b01a8\original.pdf,25_-_rpo_2010.pdf,430752,15,11b3e0b6a76ef09c5fe4914f24b97ecba43435b0de4e2054fdeee972e054a521,2026-08-19 21:02:23.043389,VALIDATED
2f78518d-8192-4d0c-ac7f-875aed40f5f8,216c9a41-68d1-4a13-9e02-1283ab14b999,216c9a41-68d1-4a13-9e02-1283ab14b999,216c9a41-68d1-4a13-9e02-1283ab14b999,8621cd21-59b9-4c46-8f7e-97c3ce6c0842,b8788aaa-1c15-4f97-864e-a3cf998abc14,"The Himachal Pradesh Electricity Regulatory Commission (Renewable Power Purchase Obligation and its Compliance) Regulations, 2010",pdf,112,MPP and Power,,UNKNOWN,STATE,,,https://indiacode.gov.in/server/api/core/bitstreams/b8788aaa-1c15-4f97-864e-a3cf998abc14,https://indiacode.gov.in/server/api/core/bitstreams/b8788aaa-1c15-4f97-864e-a3cf998abc14/content,,25_-_rpo_2010.pdf.txt,46978,,,2026-08-19 21:02:23.043389,IGNORED_NON_PDF
e68c54d5-ffb3-4abd-936e-70859786ff2c,216c9a41-68d1-4a13-9e02-1283ab14b999,216c9a41-68d1-4a13-9e02-1283ab14b999,216c9a41-68d1-4a13-9e02-1283ab14b999,7903801c-4fe3-4917-97ac-e0f33ac802a7,aa875933-2ab2-4580-b1a4-56ca387d0f8c,"The Himachal Pradesh Electricity Regulatory Commission (Renewable Power Purchase Obligation and its Compliance) Regulations, 2010",pdf,112,MPP and Power,,UNKNOWN,STATE,,,https://indiacode.gov.in/server/api/core/bitstreams/aa875933-2ab2-4580-b1a4-56ca387d0f8c,https://indiacode.gov.in/server/api/core/bitstreams/aa875933-2ab2-4580-b1a4-56ca387d0f8c/content,,25_-_rpo_2010.pdf.jpg,11021,,,2026-08-19 21:02:23.043389,IGNORED_NON_PDF
0455dcf1-cc31-4dde-8f0e-d515cba44a8a,216ce10b-634d-48e2-a782-caf403ef292e,216ce10b-634d-48e2-a782-caf403ef292e,216ce10b-634d-48e2-a782-caf403ef292e,4208d66b-2d19-4a73-a8ed-8e518e58910b,ded8537a-11ff-4fa1-af12-b4ca50f1809d,"Seeks to amend notification no.F.1-11(91)-TAX/GST/2020(Part-II) dt. 20th May,2020",pdf,87,NO MINISTRY,911,Commissioner of Taxes,STATE,,,https://indiacode.gov.in/server/api/core/bitstreams/ded8537a-11ff-4fa1-af12-b4ca50f1809d,https://indiacode.gov.in/server/api/core/bitstreams/ded8537a-11ff-4fa1-af12-b4ca50f1809d/content,D:/india_code_data/raw/india_code\pdf\central\unknown\216ce10b-634d-48e2-a782-caf403ef292e\ded8537a-11ff-4fa1-af12-b4ca50f1809d\original.pdf,170_0.pdf,77461,1,500a3c93f2668193ec449dc676535fb20d91f86397d70495556fca306c017f64,2026-08-19 21:02:40.691768,VALIDATED
e5e3460f-218b-404e-9fb7-b74e8bd21ca1,216ce10b-634d-48e2-a782-caf403ef292e,216ce10b-634d-48e2-a782-caf403ef292e,216ce10b-634d-48e2-a782-caf403ef292e,02dfa67b-17b0-4e86-9b44-862558314ad0,da0c3e21-0efc-429a-941e-a44b70309e64,"Seeks to amend notification no.F.1-11(91)-TAX/GST/2020(Part-II) dt. 20th May,2020",pdf,87,NO MINISTRY,911,Commissioner of Taxes,STATE,,,https://indiacode.gov.in/server/api/core/bitstreams/da0c3e21-0efc-429a-941e-a44b70309e64,https://indiacode.gov.in/server/api/core/bitstreams/da0c3e21-0efc-429a-941e-a44b70309e64/content,,170_0.pdf.txt,1760,,,2026-08-19 21:02:40.691768,IGNORED_NON_PDF
18d20ee1-0c85-4627-a281-0b98cc77b72c,216ce10b-634d-48e2-a782-caf403ef292e,216ce10b-634d-48e2-a782-caf403ef292e,216ce10b-634d-48e2-a782-caf403ef292e,a4297c53-02ae-4d44-9f06-802896222833,387b24a4-d29c-4bae-a1a5-75f95ee8326f,"Seeks to amend notification no.F.1-11(91)-TAX/GST/2020(Part-II) dt. 20th May,2020",pdf,87,NO MINISTRY,911,Commissioner of Taxes,STATE,,,https://indiacode.gov.in/server/api/core/bitstreams/387b24a4-d29c-4bae-a1a5-75f95ee8326f,https://indiacode.gov.in/server/api/core/bitstreams/387b24a4-d29c-4bae-a1a5-75f95ee8326f/content,,170_0.pdf.jpg,8631,,,2026-08-19 21:02:40.691768,IGNORED_NON_PDF
6dc5d7e8-19ef-4b10-88b9-2debff2a959e,216e2728-8565-42f1-b8c8-915ed6552c63,216e2728-8565-42f1-b8c8-915ed6552c63,216e2728-8565-42f1-b8c8-915ed6552c63,8c2d2fd7-e48a-45d4-8aa8-a63a8db73f2f,630a7c02-2aed-4bab-842c-0946393062a0,"Seeks to bring into force clauses 2 and 13 of the TSGST (3rd Amendment) Ordinance, 2020",pdf,87,NO MINISTRY,911,Commissioner of Taxes,STATE,,,https://indiacode.gov.in/server/api/core/bitstreams/630a7c02-2aed-4bab-842c-0946393062a0,https://indiacode.gov.in/server/api/core/bitstreams/630a7c02-2aed-4bab-842c-0946393062a0/content,D:/india_code_data/raw/india_code\pdf\central\unknown\216e2728-8565-42f1-b8c8-915ed6552c63\630a7c02-2aed-4bab-842c-0946393062a0\original.pdf,157_0.pdf,91936,1,fe1bc0071181ed5f5520a47e5967488c77551d31b346d18079dd895adb38f457,2026-08-19 21:02:58.457844,VALIDATED
607f47ea-57ed-420a-a3da-b3475cb56ff0,216e2728-8565-42f1-b8c8-915ed6552c63,216e2728-8565-42f1-b8c8-915ed6552c63,216e2728-8565-42f1-b8c8-915ed6552c63,249153d9-c277-4b7e-b39a-b601b2607a7f,06385af1-c7ec-4899-9e16-9f77befda477,"Seeks to bring into force clauses 2 and 13 of the TSGST (3rd Amendment) Ordinance, 2020",pdf,87,NO MINISTRY,911,Commissioner of Taxes,STATE,,,https://indiacode.gov.in/server/api/core/bitstreams/06385af1-c7ec-4899-9e16-9f77befda477,https://indiacode.gov.in/server/api/core/bitstreams/06385af1-c7ec-4899-9e16-9f77befda477/content,,157_0.pdf.txt,2120,,,2026-08-19 21:02:58.457844,IGNORED_NON_PDF
4b07ba99-4cc4-4849-8fff-f94b59add5d0,216e2728-8565-42f1-b8c8-915ed6552c63,216e2728-8565-42f1-b8c8-915ed6552c63,216e2728-8565-42f1-b8c8-915ed6552c63,61ff1783-0075-4538-bf0d-6203fdd837ee,ddba3d3e-0403-4830-a861-7981508c4840,"Seeks to bring into force clauses 2 and 13 of the TSGST (3rd Amendment) Ordinance, 2020",pdf,87,NO MINISTRY,911,Commissioner of Taxes,STATE,,,https://indiacode.gov.in/server/api/core/bitstreams/ddba3d3e-0403-4830-a861-7981508c4840,https://indiacode.gov.in/server/api/core/bitstreams/ddba3d3e-0403-4830-a861-7981508c4840/content,,157_0.pdf.jpg,8194,,,2026-08-19 21:02:58.457844,IGNORED_NON_PDF
5b65c4fd-6295-4509-b2e2-2e72ccfa2a0b,216ee791-73c3-4053-8583-109f926fbd21,216ee791-73c3-4053-8583-109f926fbd21,216ee791-73c3-4053-8583-109f926fbd21,bb1bc086-3c2b-4047-81fa-173d2ce28ce8,54b4037e-e6ff-4069-b410-545354498e9e,"YMCA University of Science and Technology Faridabad Act, 2009 (21 of 2009)",pdf,67,NO MINISTRY,115,TECHNICAL EDUCATION,STATE,,,https://indiacode.gov.in/server/api/core/bitstreams/54b4037e-e6ff-4069-b410-545354498e9e,https://indiacode.gov.in/server/api/core/bitstreams/54b4037e-e6ff-4069-b410-545354498e9e/content,D:/india_code_data/raw/india_code\pdf\central\unknown\216ee791-73c3-4053-8583-109f926fbd21\54b4037e-e6ff-4069-b410-545354498e9e\original.pdf,ymca_university_act_searchable.pdf,25127226,36,7b44b768638bd499be029857fc4762bfc090541b734a41d0474ecb86154c5776,2026-08-19 21:03:12.240875,VALIDATED
c4554c15-43a5-4613-ac9e-23b8c29c37f4,216ee791-73c3-4053-8583-109f926fbd21,216ee791-73c3-4053-8583-109f926fbd21,216ee791-73c3-4053-8583-109f926fbd21,bb1bc086-3c2b-4047-81fa-173d2ce28ce8,2195dd74-a87f-4dc3-b2ca-7f7dacdc6ed7,"YMCA University of Science and Technology Faridabad Act, 2009 (21 of 2009)",pdf,67,NO MINISTRY,115,TECHNICAL EDUCATION,STATE,,,https://indiacode.gov.in/server/api/core/bitstreams/2195dd74-a87f-4dc3-b2ca-7f7dacdc6ed7,https://indiacode.gov.in/server/api/core/bitstreams/2195dd74-a87f-4dc3-b2ca-7f7dacdc6ed7/content,D:/india_code_data/raw/india_code\pdf\central\unknown\216ee791-73c3-4053-8583-109f926fbd21\2195dd74-a87f-4dc3-b2ca-7f7dacdc6ed7\original.pdf,ymca_university_act_hindi.pdf,39980220,36,6133eb9b4b8fc7169a276871b8b153123bb6ed936e6b5a998ef299c9fdf43c2f,2026-08-19 21:03:12.240875,VALIDATED
a5bb5f9e-46a2-4bb5-b4ae-732b7e785a7d,216ee791-73c3-4053-8583-109f926fbd21,216ee791-73c3-4053-8583-109f926fbd21,216ee791-73c3-4053-8583-109f926fbd21,44010826-973e-44ac-875f-7baebd5c0c19,2d12418b-f787-45dc-b9e2-17a0293cb20a,"YMCA University of Science and Technology Faridabad Act, 2009 (21 of 2009)",pdf,67,NO MINISTRY,115,TECHNICAL EDUCATION,STATE,,,https://indiacode.gov.in/server/api/core/bitstreams/2d12418b-f787-45dc-b9e2-17a0293cb20a,https://indiacode.gov.in/server/api/core/bitstreams/2d12418b-f787-45dc-b9e2-17a0293cb20a/content,,ymca_university_act_searchable.pdf.txt,79085,,,2026-08-19 21:03:12.240875,IGNORED_NON_PDF
79186c76-6503-4556-93ff-a0acbdc51615,216ee791-73c3-4053-8583-109f926fbd21,216ee791-73c3-4053-8583-109f926fbd21,216ee791-73c3-4053-8583-109f926fbd21,44010826-973e-44ac-875f-7baebd5c0c19,7086ffdd-67c1-4153-bf9e-caf6506d05b9,"YMCA University of Science and Technology Faridabad Act, 2009 (21 of 2009)",pdf,67,NO MINISTRY,115,TECHNICAL EDUCATION,STATE,,,https://indiacode.gov.in/server/api/core/bitstreams/7086ffdd-67c1-4153-bf9e-caf6506d05b9,https://indiacode.gov.in/server/api/core/bitstreams/7086ffdd-67c1-4153-bf9e-caf6506d05b9/content,,ymca_university_act_hindi.pdf.txt,40918,,,2026-08-19 21:03:12.240875,IGNORED_NON_PDF
3abe48a9-d282-4774-8ba2-243f14b0f99d,216ee791-73c3-4053-8583-109f926fbd21,216ee791-73c3-4053-8583-109f926fbd21,216ee791-73c3-4053-8583-109f926fbd21,948d1bb1-a3d4-4d3b-96e5-e5bd72044d91,40e2ed21-7e0b-4f11-88d2-cda16b2521c9,"YMCA University of Science and Technology Faridabad Act, 2009 (21 of 2009)",pdf,67,NO MINISTRY,115,TECHNICAL EDUCATION,STATE,,,https://indiacode.gov.in/server/api/core/bitstreams/40e2ed21-7e0b-4f11-88d2-cda16b2521c9,https://indiacode.gov.in/server/api/core/bitstreams/40e2ed21-7e0b-4f11-88d2-cda16b2521c9/content,,ymca_university_act_searchable.pdf.jpg,6034,,,2026-08-19 21:03:12.240875,IGNORED_NON_PDF
16b66794-13b4-4f74-abf2-fb64cd01215b,216ee791-73c3-4053-8583-109f926fbd21,216ee791-73c3-4053-8583-109f926fbd21,216ee791-73c3-4053-8583-109f926fbd21,948d1bb1-a3d4-4d3b-96e5-e5bd72044d91,803814c9-627b-426d-be41-4fb350088fd1,"YMCA University of Science and Technology Faridabad Act, 2009 (21 of 2009)",pdf,67,NO MINISTRY,115,TECHNICAL EDUCATION,STATE,,,https://indiacode.gov.in/server/api/core/bitstreams/803814c9-627b-426d-be41-4fb350088fd1,https://indiacode.gov.in/server/api/core/bitstreams/803814c9-627b-426d-be41-4fb350088fd1/content,,ymca_university_act_hindi.pdf.jpg,4122,,,2026-08-19 21:03:12.240875,IGNORED_NON_PDF
872fb7e6-fad7-4f14-a3ba-c93ce786ebee,2207e7c1-1e4f-4c7b-8a3d-8312d26ed8e0,2207e7c1-1e4f-4c7b-8a3d-8312d26ed8e0,2207e7c1-1e4f-4c7b-8a3d-8312d26ed8e0,6019e570-4af8-44cc-b34c-d83dbaa4480b,80b1c203-3ba1-4524-a4b0-e46b1409f26d,"PFRDA (NPS Trust) (First Amendment) Regulation, 2019",pdf,2,Ministry of Finance,33,Department of Financial Services,CENTRAL,,,https://indiacode.gov.in/server/api/core/bitstreams/80b1c203-3ba1-4524-a4b0-e46b1409f26d,https://indiacode.gov.in/server/api/core/bitstreams/80b1c203-3ba1-4524-a4b0-e46b1409f26d/content,D:/india_code_data/raw/india_code\pdf\central\unknown\2207e7c1-1e4f-4c7b-8a3d-8312d26ed8e0\80b1c203-3ba1-4524-a4b0-e46b1409f26d\original.pdf,"4.(i)_pfrda_(nps_trust)_(first_amendment)_regulations,_2019.pdf",313212,2,1e0a1c0d5e7c3b85abe53e26e1e8aead44d01c6da3d6390e9621afc6a8d2c2d5,2026-08-19 21:03:44.517909,VALIDATED
3fbaea7b-f5f9-4c29-94a2-34e5298969c4,2207e7c1-1e4f-4c7b-8a3d-8312d26ed8e0,2207e7c1-1e4f-4c7b-8a3d-8312d26ed8e0,2207e7c1-1e4f-4c7b-8a3d-8312d26ed8e0,27c6397a-db0b-4e06-92d1-2af10a6ffd82,e700cdc7-db8e-4a04-97cb-c44a5bd4a487,"PFRDA (NPS Trust) (First Amendment) Regulation, 2019",pdf,2,Ministry of Finance,33,Department of Financial Services,CENTRAL,,,https://indiacode.gov.in/server/api/core/bitstreams/e700cdc7-db8e-4a04-97cb-c44a5bd4a487,https://indiacode.gov.in/server/api/core/bitstreams/e700cdc7-db8e-4a04-97cb-c44a5bd4a487/content,,"4.(i)_pfrda_(nps_trust)_(first_amendment)_regulations,_2019.pdf.txt",7276,,,2026-08-19 21:03:44.517909,IGNORED_NON_PDF
25710330-2034-4e48-82ec-fe0537cb814c,2207e7c1-1e4f-4c7b-8a3d-8312d26ed8e0,2207e7c1-1e4f-4c7b-8a3d-8312d26ed8e0,2207e7c1-1e4f-4c7b-8a3d-8312d26ed8e0,aae9796b-ef3c-4bc0-9cd5-1f29d018f7e5,3fb567f9-e948-41b9-bed0-ff242a84e940,"PFRDA (NPS Trust) (First Amendment) Regulation, 2019",pdf,2,Ministry of Finance,33,Department of Financial Services,CENTRAL,,,https://indiacode.gov.in/server/api/core/bitstreams/3fb567f9-e948-41b9-bed0-ff242a84e940,https://indiacode.gov.in/server/api/core/bitstreams/3fb567f9-e948-41b9-bed0-ff242a84e940/content,,"4.(i)_pfrda_(nps_trust)_(first_amendment)_regulations,_2019.pdf.jpg",10138,,,2026-08-19 21:03:44.517909,IGNORED_NON_PDF
98d30d94-f0d7-4dac-a1d6-5baf869b066c,2208570a-7aeb-41fc-9577-83829bb47243,2208570a-7aeb-41fc-9577-83829bb47243,2208570a-7aeb-41fc-9577-83829bb47243,4145c275-9d95-47ce-b983-fd215a2841e2,ced0e9bf-1085-4aa4-84da-13ee68a41564,No. G.S.R.68/P.A.1/1914/S.59/Amd.(130) 2016.-,pdf,82,NO MINISTRY,952,Department of Excise and Taxation,STATE,,,https://indiacode.gov.in/server/api/core/bitstreams/ced0e9bf-1085-4aa4-84da-13ee68a41564,https://indiacode.gov.in/server/api/core/bitstreams/ced0e9bf-1085-4aa4-84da-13ee68a41564/content,D:/india_code_data/raw/india_code\pdf\central\unknown\2208570a-7aeb-41fc-9577-83829bb47243\ced0e9bf-1085-4aa4-84da-13ee68a41564\original.pdf,"rule_40_of_punjab_liquor_license_rules,_1956,_(1).pdf",852595,1,da1d180c875d3bd2817fcc5617dc1b1b9004afc435d6547f246b59ee0b8a8133,2026-08-19 21:03:58.521163,VALIDATED
bf64a64e-f582-4d75-9b85-6ff348a0ab2a,2208570a-7aeb-41fc-9577-83829bb47243,2208570a-7aeb-41fc-9577-83829bb47243,2208570a-7aeb-41fc-9577-83829bb47243,357d22f7-841c-41a7-92c6-6543706871f8,05072dfa-7de4-4272-970f-3141fa7cd96a,No. G.S.R.68/P.A.1/1914/S.59/Amd.(130) 2016.-,pdf,82,NO MINISTRY,952,Department of Excise and Taxation,STATE,,,https://indiacode.gov.in/server/api/core/bitstreams/05072dfa-7de4-4272-970f-3141fa7cd96a,https://indiacode.gov.in/server/api/core/bitstreams/05072dfa-7de4-4272-970f-3141fa7cd96a/content,,"rule_40_of_punjab_liquor_license_rules,_1956,_(1).pdf.txt",1979,,,2026-08-19 21:03:58.521163,IGNORED_NON_PDF
a412b332-48d0-4296-ba86-f60e22fcc5d0,2208570a-7aeb-41fc-9577-83829bb47243,2208570a-7aeb-41fc-9577-83829bb47243,2208570a-7aeb-41fc-9577-83829bb47243,8d812e38-46e4-4652-8caa-027eb7dd8f70,c40d983c-c63c-4a86-aec3-74bbed0cc003,No. G.S.R.68/P.A.1/1914/S.59/Amd.(130) 2016.-,pdf,82,NO MINISTRY,952,Department of Excise and Taxation,STATE,,,https://indiacode.gov.in/server/api/core/bitstreams/c40d983c-c63c-4a86-aec3-74bbed0cc003,https://indiacode.gov.in/server/api/core/bitstreams/c40d983c-c63c-4a86-aec3-74bbed0cc003/content,,"rule_40_of_punjab_liquor_license_rules,_1956,_(1).pdf.jpg",5555,,,2026-08-19 21:03:58.521163,IGNORED_NON_PDF
dae11b40-0092-46f0-95e0-7c13dfb50d48,2209abfe-5545-455b-a0ca-64b0ca3b096f,2209abfe-5545-455b-a0ca-64b0ca3b096f,2209abfe-5545-455b-a0ca-64b0ca3b096f,602e8a73-8724-45d5-bb0d-856f795aecf8,14db4512-c8c5-4295-8084-26b7acfc7765,Amendment of Shedule Y Apendix III_Animal Toxicity_Section,pdf,12,Ministry of Health and Family Welfare,13,Department of Health and Family Welfare,CENTRAL,,,https://indiacode.gov.in/server/api/core/bitstreams/14db4512-c8c5-4295-8084-26b7acfc7765,https://indiacode.gov.in/server/api/core/bitstreams/14db4512-c8c5-4295-8084-26b7acfc7765/content,,2016.11.04_GSR 1041(E).pdf,984987,,,2026-08-19 21:04:16.578691,FAILED
0010356a-b384-493b-a57c-18690eca08ee,2209abfe-5545-455b-a0ca-64b0ca3b096f,2209abfe-5545-455b-a0ca-64b0ca3b096f,2209abfe-5545-455b-a0ca-64b0ca3b096f,5c789800-0a1d-413e-ae14-1338d48fd06e,27c98d84-3971-4db7-8c25-620c5bececcf,Amendment of Shedule Y Apendix III_Animal Toxicity_Section,pdf,12,Ministry of Health and Family Welfare,13,Department of Health and Family Welfare,CENTRAL,,,https://indiacode.gov.in/server/api/core/bitstreams/27c98d84-3971-4db7-8c25-620c5bececcf,https://indiacode.gov.in/server/api/core/bitstreams/27c98d84-3971-4db7-8c25-620c5bececcf/content,,2016.11.04_GSR 1041(E).pdf.txt,9354,,,2026-08-19 21:04:16.578691,IGNORED_NON_PDF
4d81a4b8-05b2-4f7c-a6f8-f04df40b80c1,2209abfe-5545-455b-a0ca-64b0ca3b096f,2209abfe-5545-455b-a0ca-64b0ca3b096f,2209abfe-5545-455b-a0ca-64b0ca3b096f,a552ea30-f9f6-4e4d-9f08-255bd629504a,c5eec31e-4094-49b4-ae1d-b98682c70097,Amendment of Shedule Y Apendix III_Animal Toxicity_Section,pdf,12,Ministry of Health and Family Welfare,13,Department of Health and Family Welfare,CENTRAL,,,https://indiacode.gov.in/server/api/core/bitstreams/c5eec31e-4094-49b4-ae1d-b98682c70097,https://indiacode.gov.in/server/api/core/bitstreams/c5eec31e-4094-49b4-ae1d-b98682c70097/content,,2016.11.04_GSR 1041(E).pdf.jpg,10300,,,2026-08-19 21:04:16.578691,IGNORED_NON_PDF
1ef91e1f-e908-4e52-b770-233b0f38e213,220acc25-6422-4514-bdbc-aefef6c3dffd,220acc25-6422-4514-bdbc-aefef6c3dffd,220acc25-6422-4514-bdbc-aefef6c3dffd,e270f3a7-0100-453a-b035-e28fc907d5c6,57626452-79ca-4117-a278-459d8e11209a,"The Contempt of Courts Act 1926, 12 of 1926, (Rep., Act 32 of 1952)",pdf,,UNKNOWN,,UNKNOWN,CENTRAL,,,https://indiacode.gov.in/server/api/core/bitstreams/57626452-79ca-4117-a278-459d8e11209a,https://indiacode.gov.in/server/api/core/bitstreams/57626452-79ca-4117-a278-459d8e11209a/content,D:/india_code_data/raw/india_code\pdf\central\unknown\220acc25-6422-4514-bdbc-aefef6c3dffd\57626452-79ca-4117-a278-459d8e11209a\original.pdf,A1926-12.pdf,117930,2,7011224001604fdf6f868f302d624c4bd4ecddd7640fd5594eef265bf25eab49,2026-08-19 21:05:00.364305,VALIDATED
e6adf3e9-c278-4691-9509-e688db734462,220acc25-6422-4514-bdbc-aefef6c3dffd,220acc25-6422-4514-bdbc-aefef6c3dffd,220acc25-6422-4514-bdbc-aefef6c3dffd,d966541a-2872-4c59-ae36-4f32d9a691d9,444d12b9-4f09-4f34-a749-43cd9c35b117,"The Contempt of Courts Act 1926, 12 of 1926, (Rep., Act 32 of 1952)",pdf,,UNKNOWN,,UNKNOWN,CENTRAL,,,https://indiacode.gov.in/server/api/core/bitstreams/444d12b9-4f09-4f34-a749-43cd9c35b117,https://indiacode.gov.in/server/api/core/bitstreams/444d12b9-4f09-4f34-a749-43cd9c35b117/content,,A1926-12.pdf.txt,1857,,,2026-08-19 21:05:00.364305,IGNORED_NON_PDF
526840fe-6296-4bf9-afa6-26a8e90326a5,220acc25-6422-4514-bdbc-aefef6c3dffd,220acc25-6422-4514-bdbc-aefef6c3dffd,220acc25-6422-4514-bdbc-aefef6c3dffd,01168746-9a31-4c47-9d4d-5dee6b2cba89,986a80d5-41ee-42dc-9d81-026e5da97580,"The Contempt of Courts Act 1926, 12 of 1926, (Rep., Act 32 of 1952)",pdf,,UNKNOWN,,UNKNOWN,CENTRAL,,,https://indiacode.gov.in/server/api/core/bitstreams/986a80d5-41ee-42dc-9d81-026e5da97580,https://indiacode.gov.in/server/api/core/bitstreams/986a80d5-41ee-42dc-9d81-026e5da97580/content,,A1926-12.pdf.jpg,7930,,,2026-08-19 21:05:00.364305,IGNORED_NON_PDF
d689342c-81f3-45de-838a-bcc2ccd160a1,220aea48-b1bb-4038-ac36-6b3601bd381a,220aea48-b1bb-4038-ac36-6b3601bd381a,220aea48-b1bb-4038-ac36-6b3601bd381a,97b3e04d-c624-4405-8480-6264659a8af4,72d37fef-484f-4996-92e8-1106b5461770,"The Repealing and Amending Act, 2001",pdf,,UNKNOWN,,UNKNOWN,CENTRAL,,,https://indiacode.gov.in/server/api/core/bitstreams/72d37fef-484f-4996-92e8-1106b5461770,https://indiacode.gov.in/server/api/core/bitstreams/72d37fef-484f-4996-92e8-1106b5461770/content,D:/india_code_data/raw/india_code\pdf\central\unknown\220aea48-b1bb-4038-ac36-6b3601bd381a\72d37fef-484f-4996-92e8-1106b5461770\original.pdf,2001-30.pdf,654416,16,f6cd931e08dfb33be6375fec2f6bce5ed25684730ca95e4d227e615c914ba96d,2026-08-19 21:05:16.603085,VALIDATED
b9c8e48e-8300-48be-a21d-4e7ebd2a33c4,220aea48-b1bb-4038-ac36-6b3601bd381a,220aea48-b1bb-4038-ac36-6b3601bd381a,220aea48-b1bb-4038-ac36-6b3601bd381a,77b70a78-0332-44f0-97b5-5a196789ae76,e84610f1-f529-4b91-869a-1c739729cf44,"The Repealing and Amending Act, 2001",pdf,,UNKNOWN,,UNKNOWN,CENTRAL,,,https://indiacode.gov.in/server/api/core/bitstreams/e84610f1-f529-4b91-869a-1c739729cf44,https://indiacode.gov.in/server/api/core/bitstreams/e84610f1-f529-4b91-869a-1c739729cf44/content,,2001-30.pdf.txt,34096,,,2026-08-19 21:05:16.603085,IGNORED_NON_PDF
93ae8073-65e0-4b28-b217-991a245a7987,220aea48-b1bb-4038-ac36-6b3601bd381a,220aea48-b1bb-4038-ac36-6b3601bd381a,220aea48-b1bb-4038-ac36-6b3601bd381a,c10e4662-fd71-4a11-abb4-98aae3513f7b,eaa46e3d-21b3-44c1-b55c-ecbdb029d698,"The Repealing and Amending Act, 2001",pdf,,UNKNOWN,,UNKNOWN,CENTRAL,,,https://indiacode.gov.in/server/api/core/bitstreams/eaa46e3d-21b3-44c1-b55c-ecbdb029d698,https://indiacode.gov.in/server/api/core/bitstreams/eaa46e3d-21b3-44c1-b55c-ecbdb029d698/content,,2001-30.pdf.jpg,9419,,,2026-08-19 21:05:16.603085,IGNORED_NON_PDF
ff34e81d-a663-493d-bd3b-d707bd4a4501,220b4c09-0279-4e6e-91ca-634e42df7f09,220b4c09-0279-4e6e-91ca-634e42df7f09,220b4c09-0279-4e6e-91ca-634e42df7f09,5730f1f3-53ec-4396-adba-6c4928482a11,4e942856-845b-4593-84c9-f22eaba84d7d,"Court's decision, decree or order written in Devanagari script and in relation to Hindi with the international form of Indian numerals.",pdf,88,NO MINISTRY,479,Language,STATE,,,https://indiacode.gov.in/server/api/core/bitstreams/4e942856-845b-4593-84c9-f22eaba84d7d,https://indiacode.gov.in/server/api/core/bitstreams/4e942856-845b-4593-84c9-f22eaba84d7d/content,D:/india_code_data/raw/india_code\pdf\central\unknown\220b4c09-0279-4e6e-91ca-634e42df7f09\4e942856-845b-4593-84c9-f22eaba84d7d\original.pdf,828.pdf,466707,2,70e8c141517f97a02cc486363c8fc60635110697a367bb8df4ee5d275b7383ff,2026-08-19 21:05:33.184798,VALIDATED
b57b1379-37e6-4b7c-89f9-a4fc4e2f83b5,220b4c09-0279-4e6e-91ca-634e42df7f09,220b4c09-0279-4e6e-91ca-634e42df7f09,220b4c09-0279-4e6e-91ca-634e42df7f09,5730f1f3-53ec-4396-adba-6c4928482a11,41336ea0-d8ca-4758-8911-4231a6a95da8,"Court's decision, decree or order written in Devanagari script and in relation to Hindi with the international form of Indian numerals.",pdf,88,NO MINISTRY,479,Language,STATE,,,https://indiacode.gov.in/server/api/core/bitstreams/41336ea0-d8ca-4758-8911-4231a6a95da8,https://indiacode.gov.in/server/api/core/bitstreams/41336ea0-d8ca-4758-8911-4231a6a95da8/content,D:/india_code_data/raw/india_code\pdf\central\unknown\220b4c09-0279-4e6e-91ca-634e42df7f09\41336ea0-d8ca-4758-8911-4231a6a95da8\original.pdf,microsoft_word_-_828.pdf,125830,1,690bc2698bd3d0d1ac2f279bda7d2b88a3b8a782c54ce939f38ff4ec24c775e6,2026-08-19 21:05:33.184798,VALIDATED
5a26dcae-8904-4368-b8ec-2b6c6c9354be,220b4c09-0279-4e6e-91ca-634e42df7f09,220b4c09-0279-4e6e-91ca-634e42df7f09,220b4c09-0279-4e6e-91ca-634e42df7f09,63fa5646-ac9d-4e0c-b47c-f02d481e2e1b,cb2dc1e1-2840-4a4c-b887-ac6a3d7b9f38,"Court's decision, decree or order written in Devanagari script and in relation to Hindi with the international form of Indian numerals.",pdf,88,NO MINISTRY,479,Language,STATE,,,https://indiacode.gov.in/server/api/core/bitstreams/cb2dc1e1-2840-4a4c-b887-ac6a3d7b9f38,https://indiacode.gov.in/server/api/core/bitstreams/cb2dc1e1-2840-4a4c-b887-ac6a3d7b9f38/content,,828.pdf.txt,2466,,,2026-08-19 21:05:33.184798,IGNORED_NON_PDF
c6594b72-c68d-421f-98bf-cad9893fcece,220b4c09-0279-4e6e-91ca-634e42df7f09,220b4c09-0279-4e6e-91ca-634e42df7f09,220b4c09-0279-4e6e-91ca-634e42df7f09,63fa5646-ac9d-4e0c-b47c-f02d481e2e1b,33af68cd-4218-488a-972e-86ade2c444e8,"Court's decision, decree or order written in Devanagari script and in relation to Hindi with the international form of Indian numerals.",pdf,88,NO MINISTRY,479,Language,STATE,,,https://indiacode.gov.in/server/api/core/bitstreams/33af68cd-4218-488a-972e-86ade2c444e8,https://indiacode.gov.in/server/api/core/bitstreams/33af68cd-4218-488a-972e-86ade2c444e8/content,,microsoft_word_-_828.pdf.txt,1096,,,2026-08-19 21:05:33.184798,IGNORED_NON_PDF
82b7d571-f8ea-4291-a66c-50949bc650d1,220b4c09-0279-4e6e-91ca-634e42df7f09,220b4c09-0279-4e6e-91ca-634e42df7f09,220b4c09-0279-4e6e-91ca-634e42df7f09,b797d80d-4175-4db7-82d3-f9e0179295b0,6cdb0d5d-7ed1-4a07-8adc-ce82718abd26,"Court's decision, decree or order written in Devanagari script and in relation to Hindi with the international form of Indian numerals.",pdf,88,NO MINISTRY,479,Language,STATE,,,https://indiacode.gov.in/server/api/core/bitstreams/6cdb0d5d-7ed1-4a07-8adc-ce82718abd26,https://indiacode.gov.in/server/api/core/bitstreams/6cdb0d5d-7ed1-4a07-8adc-ce82718abd26/content,,828.pdf.jpg,6182,,,2026-08-19 21:05:33.184798,IGNORED_NON_PDF
e807730f-fe93-4494-b049-dd42c6601c41,220b4c09-0279-4e6e-91ca-634e42df7f09,220b4c09-0279-4e6e-91ca-634e42df7f09,220b4c09-0279-4e6e-91ca-634e42df7f09,b797d80d-4175-4db7-82d3-f9e0179295b0,715d73d9-67c3-47d3-b3be-47f11bb3f47d,"Court's decision, decree or order written in Devanagari script and in relation to Hindi with the international form of Indian numerals.",pdf,88,NO MINISTRY,479,Language,STATE,,,https://indiacode.gov.in/server/api/core/bitstreams/715d73d9-67c3-47d3-b3be-47f11bb3f47d,https://indiacode.gov.in/server/api/core/bitstreams/715d73d9-67c3-47d3-b3be-47f11bb3f47d/content,,microsoft_word_-_828.pdf.jpg,6183,,,2026-08-19 21:05:33.184798,IGNORED_NON_PDF
6b1d4327-0e4b-4006-83bf-4396965e3f5a,220f1104-c9bc-4407-b004-97756f57adbd,220f1104-c9bc-4407-b004-97756f57adbd,220f1104-c9bc-4407-b004-97756f57adbd,cef4d886-8d64-4624-bfb8-0525cc507489,0189696f-a5fb-408d-8f4d-fb79b1b96780,"Bihar Goods and Services Tax (Tenth Amendment) Rules, 2020",pdf,59,NO MINISTRY,737,COMMERCIAL TAXES DEPARTMENT,STATE,,,https://indiacode.gov.in/server/api/core/bitstreams/0189696f-a5fb-408d-8f4d-fb79b1b96780,https://indiacode.gov.in/server/api/core/bitstreams/0189696f-a5fb-408d-8f4d-fb79b1b96780/content,D:/india_code_data/raw/india_code\pdf\central\unknown\220f1104-c9bc-4407-b004-97756f57adbd\0189696f-a5fb-408d-8f4d-fb79b1b96780\original.pdf,515_28.08.2020_bgst_rules-_10th_amendment.pdf,1346419,4,066c6cb612551d92825e05f351002d868daa17f7a1003ff89626316d710a5343,2026-08-19 21:06:22.659492,VALIDATED
8826eec2-99f7-4822-afd1-cd0472a980df,220f1104-c9bc-4407-b004-97756f57adbd,220f1104-c9bc-4407-b004-97756f57adbd,220f1104-c9bc-4407-b004-97756f57adbd,64635ce6-ac6e-4c91-bf39-5077c9c85232,71764bab-1cb9-40cc-90dd-d8d1d1fd372a,"Bihar Goods and Services Tax (Tenth Amendment) Rules, 2020",pdf,59,NO MINISTRY,737,COMMERCIAL TAXES DEPARTMENT,STATE,,,https://indiacode.gov.in/server/api/core/bitstreams/71764bab-1cb9-40cc-90dd-d8d1d1fd372a,https://indiacode.gov.in/server/api/core/bitstreams/71764bab-1cb9-40cc-90dd-d8d1d1fd372a/content,,515_28.08.2020_bgst_rules-_10th_amendment.pdf.txt,14000,,,2026-08-19 21:06:22.659492,IGNORED_NON_PDF
6de24fc5-9987-407c-aa50-459328f5eac6,220f1104-c9bc-4407-b004-97756f57adbd,220f1104-c9bc-4407-b004-97756f57adbd,220f1104-c9bc-4407-b004-97756f57adbd,9f0dfa3e-4b2e-4617-9145-fced10fb379f,fccf11ec-1dfc-4bdd-a8d9-f0a0562b8d7e,"Bihar Goods and Services Tax (Tenth Amendment) Rules, 2020",pdf,59,NO MINISTRY,737,COMMERCIAL TAXES DEPARTMENT,STATE,,,https://indiacode.gov.in/server/api/core/bitstreams/fccf11ec-1dfc-4bdd-a8d9-f0a0562b8d7e,https://indiacode.gov.in/server/api/core/bitstreams/fccf11ec-1dfc-4bdd-a8d9-f0a0562b8d7e/content,,515_28.08.2020_bgst_rules-_10th_amendment.pdf.jpg,9082,,,2026-08-19 21:06:22.659492,IGNORED_NON_PDF
3c6531b8-212b-477d-9b59-9045eb55dc72,220f9435-98cd-4ab1-b5db-e9faa0c7a079,220f9435-98cd-4ab1-b5db-e9faa0c7a079,220f9435-98cd-4ab1-b5db-e9faa0c7a079,9656efb0-4523-4154-8c9b-b2b66733f1b2,86c4154e-fc8a-4a62-8538-2a20d0258db5,"The High Court and Supreme Court Judges (Conditions of Service) AmendmentOrdinance, 1998.",pdf,,UNKNOWN,,UNKNOWN,CENTRAL,,,https://indiacode.gov.in/server/api/core/bitstreams/86c4154e-fc8a-4a62-8538-2a20d0258db5,https://indiacode.gov.in/server/api/core/bitstreams/86c4154e-fc8a-4a62-8538-2a20d0258db5/content,D:/india_code_data/raw/india_code\pdf\central\unknown\220f9435-98cd-4ab1-b5db-e9faa0c7a079\86c4154e-fc8a-4a62-8538-2a20d0258db5\original.pdf,11.pdf,102453,4,fb6349e4c40a204dbe9e8eb25a7ba54e9f58fe379beacb4dbcf5e0d9f92d1274,2026-08-19 21:06:36.241431,VALIDATED
97dc5ce5-bd33-4ed2-867b-89ba55938321,220f9435-98cd-4ab1-b5db-e9faa0c7a079,220f9435-98cd-4ab1-b5db-e9faa0c7a079,220f9435-98cd-4ab1-b5db-e9faa0c7a079,6d8488d8-a05e-4d13-9951-c8da4933100e,81b9a08d-07dc-4341-9e05-c727a49e64c2,"The High Court and Supreme Court Judges (Conditions of Service) AmendmentOrdinance, 1998.",pdf,,UNKNOWN,,UNKNOWN,CENTRAL,,,https://indiacode.gov.in/server/api/core/bitstreams/81b9a08d-07dc-4341-9e05-c727a49e64c2,https://indiacode.gov.in/server/api/core/bitstreams/81b9a08d-07dc-4341-9e05-c727a49e64c2/content,,11.pdf.txt,4481,,,2026-08-19 21:06:36.241431,IGNORED_NON_PDF
2adec8d2-6e74-4011-bfbf-2eff598fca51,220f9435-98cd-4ab1-b5db-e9faa0c7a079,220f9435-98cd-4ab1-b5db-e9faa0c7a079,220f9435-98cd-4ab1-b5db-e9faa0c7a079,a578e8b4-cec6-4d5c-956a-da1efd8e2394,1f6b0a89-2eae-4577-997f-45266ccf5545,"The High Court and Supreme Court Judges (Conditions of Service) AmendmentOrdinance, 1998.",pdf,,UNKNOWN,,UNKNOWN,CENTRAL,,,https://indiacode.gov.in/server/api/core/bitstreams/1f6b0a89-2eae-4577-997f-45266ccf5545,https://indiacode.gov.in/server/api/core/bitstreams/1f6b0a89-2eae-4577-997f-45266ccf5545/content,,11.pdf.jpg,8984,,,2026-08-19 21:06:36.241431,IGNORED_NON_PDF
aca7b0ec-9b21-4aaf-8c0f-1d212cd7321a,2210665c-76ad-442e-8bd9-30186655671d,2210665c-76ad-442e-8bd9-30186655671d,2210665c-76ad-442e-8bd9-30186655671d,7e96f52f-e328-4f36-b7e4-71f933649bb7,cb556673-1e90-412f-9696-f2a34420524e,"THE STAY OF RECOVERY OF ARREARS OF JENMIKARAM ACT, 1975",pdf,72,NO MINISTRY,404,Law,STATE,,,https://indiacode.gov.in/server/api/core/bitstreams/cb556673-1e90-412f-9696-f2a34420524e,https://indiacode.gov.in/server/api/core/bitstreams/cb556673-1e90-412f-9696-f2a34420524e/content,D:/india_code_data/raw/india_code\pdf\central\unknown\2210665c-76ad-442e-8bd9-30186655671d\cb556673-1e90-412f-9696-f2a34420524e\original.pdf,stay_of_recovery_of_arrears_of_jenmikaram_act_1975_(8_of_1975)(1).pdf,85631,3,2f7ed00da0055c26bf8d49e5318f8048974a6985b5f286526bcfdc0c0dee3600,2026-08-19 21:06:54.217408,VALIDATED
bb206f02-42f1-4d3e-84b3-bcbe0600aae4,2210665c-76ad-442e-8bd9-30186655671d,2210665c-76ad-442e-8bd9-30186655671d,2210665c-76ad-442e-8bd9-30186655671d,6ca58c6e-4c44-49e7-9751-661e20f59417,d3dc30f3-8f68-438d-99a5-3f2869d81573,"THE STAY OF RECOVERY OF ARREARS OF JENMIKARAM ACT, 1975",pdf,72,NO MINISTRY,404,Law,STATE,,,https://indiacode.gov.in/server/api/core/bitstreams/d3dc30f3-8f68-438d-99a5-3f2869d81573,https://indiacode.gov.in/server/api/core/bitstreams/d3dc30f3-8f68-438d-99a5-3f2869d81573/content,,stay_of_recovery_of_arrears_of_jenmikaram_act_1975_(8_of_1975)(1).pdf.txt,4152,,,2026-08-19 21:06:54.217408,IGNORED_NON_PDF
a0616578-5bc8-4fa9-b62b-badc9987f18f,2210665c-76ad-442e-8bd9-30186655671d,2210665c-76ad-442e-8bd9-30186655671d,2210665c-76ad-442e-8bd9-30186655671d,5ec9a984-b0c4-446e-97ad-088b515e7bcb,1a3679ef-40aa-4731-be19-b416f4be9587,"THE STAY OF RECOVERY OF ARREARS OF JENMIKARAM ACT, 1975",pdf,72,NO MINISTRY,404,Law,STATE,,,https://indiacode.gov.in/server/api/core/bitstreams/1a3679ef-40aa-4731-be19-b416f4be9587,https://indiacode.gov.in/server/api/core/bitstreams/1a3679ef-40aa-4731-be19-b416f4be9587/content,,stay_of_recovery_of_arrears_of_jenmikaram_act_1975_(8_of_1975)(1).pdf.jpg,4148,,,2026-08-19 21:06:54.217408,IGNORED_NON_PDF
2b31ecb3-cfea-40db-bab4-67733e4c0a60,2210a459-db77-4908-9dcd-f89de94e7560,2210a459-db77-4908-9dcd-f89de94e7560,2210a459-db77-4908-9dcd-f89de94e7560,368842b6-576f-49ec-bbea-deaa21eedccc,71a787c9-4661-4344-8400-18282f4bb79d,"400/220 KV Substation, Loni Bagpat Road, Mandola District Ghaziabad",pdf,88,NO MINISTRY,1514,CONFIDENTIAL(GOPAN),STATE,,,https://indiacode.gov.in/server/api/core/bitstreams/71a787c9-4661-4344-8400-18282f4bb79d,https://indiacode.gov.in/server/api/core/bitstreams/71a787c9-4661-4344-8400-18282f4bb79d/content,D:/india_code_data/raw/india_code\pdf\central\unknown\2210a459-db77-4908-9dcd-f89de94e7560\71a787c9-4661-4344-8400-18282f4bb79d\original.pdf,gaziabad_eng_-_converted.pdf,887343,1,3728ba1ad25762fd01b287bba009dc7db2254f3c33ab0889b311144955066dbb,2026-08-19 21:07:07.897697,VALIDATED
5a56e999-ee84-4061-94bc-17b9256cf33d,2210a459-db77-4908-9dcd-f89de94e7560,2210a459-db77-4908-9dcd-f89de94e7560,2210a459-db77-4908-9dcd-f89de94e7560,368842b6-576f-49ec-bbea-deaa21eedccc,6d6e9914-b14e-4804-a5a9-4a9e69a37f9e,"400/220 KV Substation, Loni Bagpat Road, Mandola District Ghaziabad",pdf,88,NO MINISTRY,1514,CONFIDENTIAL(GOPAN),STATE,,,https://indiacode.gov.in/server/api/core/bitstreams/6d6e9914-b14e-4804-a5a9-4a9e69a37f9e,https://indiacode.gov.in/server/api/core/bitstreams/6d6e9914-b14e-4804-a5a9-4a9e69a37f9e/content,D:/india_code_data/raw/india_code\pdf\central\unknown\2210a459-db77-4908-9dcd-f89de94e7560\6d6e9914-b14e-4804-a5a9-4a9e69a37f9e\original.pdf,ghaziabad.pdf,515727,2,87576651815b0820c2a6f23d9d5d7d6252b0e577060dea61001f1e521b55eac9,2026-08-19 21:07:07.897697,VALIDATED
a547ae4f-77ca-4a14-9d9e-ce57fb0c2d23,2210a459-db77-4908-9dcd-f89de94e7560,2210a459-db77-4908-9dcd-f89de94e7560,2210a459-db77-4908-9dcd-f89de94e7560,a4fd980d-fb32-4a24-b252-b5c471fd8352,eb4008fa-6e35-4c90-a0b9-6e7395fd3813,"400/220 KV Substation, Loni Bagpat Road, Mandola District Ghaziabad",pdf,88,NO MINISTRY,1514,CONFIDENTIAL(GOPAN),STATE,,,https://indiacode.gov.in/server/api/core/bitstreams/eb4008fa-6e35-4c90-a0b9-6e7395fd3813,https://indiacode.gov.in/server/api/core/bitstreams/eb4008fa-6e35-4c90-a0b9-6e7395fd3813/content,,gaziabad_eng_-_converted.pdf.txt,1951,,,2026-08-19 21:07:07.897697,IGNORED_NON_PDF
3de94473-b40d-4f07-9347-a347c095cdf7,2210a459-db77-4908-9dcd-f89de94e7560,2210a459-db77-4908-9dcd-f89de94e7560,2210a459-db77-4908-9dcd-f89de94e7560,a4fd980d-fb32-4a24-b252-b5c471fd8352,5b181f67-e02f-4f10-aa43-1dfc8d79cd69,"400/220 KV Substation, Loni Bagpat Road, Mandola District Ghaziabad",pdf,88,NO MINISTRY,1514,CONFIDENTIAL(GOPAN),STATE,,,https://indiacode.gov.in/server/api/core/bitstreams/5b181f67-e02f-4f10-aa43-1dfc8d79cd69,https://indiacode.gov.in/server/api/core/bitstreams/5b181f67-e02f-4f10-aa43-1dfc8d79cd69/content,,ghaziabad.pdf.txt,752,,,2026-08-19 21:07:07.897697,IGNORED_NON_PDF
0b2ce61a-75e4-42a0-9736-ff066934c73c,2210a459-db77-4908-9dcd-f89de94e7560,2210a459-db77-4908-9dcd-f89de94e7560,2210a459-db77-4908-9dcd-f89de94e7560,1a452a91-4ebc-4d44-846f-05be57b1077d,e8ef966a-2650-4147-9958-88b1b3494f35,"400/220 KV Substation, Loni Bagpat Road, Mandola District Ghaziabad",pdf,88,NO MINISTRY,1514,CONFIDENTIAL(GOPAN),STATE,,,https://indiacode.gov.in/server/api/core/bitstreams/e8ef966a-2650-4147-9958-88b1b3494f35,https://indiacode.gov.in/server/api/core/bitstreams/e8ef966a-2650-4147-9958-88b1b3494f35/content,,gaziabad_eng_-_converted.pdf.jpg,9941,,,2026-08-19 21:07:07.897697,IGNORED_NON_PDF
4a0dad37-6b28-4723-8342-23a7bdc377e0,2210a459-db77-4908-9dcd-f89de94e7560,2210a459-db77-4908-9dcd-f89de94e7560,2210a459-db77-4908-9dcd-f89de94e7560,1a452a91-4ebc-4d44-846f-05be57b1077d,9ee78723-3e30-485b-884d-f81462bc9746,"400/220 KV Substation, Loni Bagpat Road, Mandola District Ghaziabad",pdf,88,NO MINISTRY,1514,CONFIDENTIAL(GOPAN),STATE,,,https://indiacode.gov.in/server/api/core/bitstreams/9ee78723-3e30-485b-884d-f81462bc9746,https://indiacode.gov.in/server/api/core/bitstreams/9ee78723-3e30-485b-884d-f81462bc9746/content,,ghaziabad.pdf.jpg,6635,,,2026-08-19 21:07:07.897697,IGNORED_NON_PDF
2c3368f2-06e4-463f-8954-76b51d25542d,22114bc6-7d71-42d3-acc4-bb90cd16eb2c,22114bc6-7d71-42d3-acc4-bb90cd16eb2c,22114bc6-7d71-42d3-acc4-bb90cd16eb2c,ef976448-9011-4059-914b-1207a646b52d,a0d1f762-56a0-47bc-966f-7ea6e96365b9,"The Maharashtra Restoration of name Mumbai for Bombay Act, 1996.",pdf,166,Govt of Maharashtra,856,General Administration Department,STATE,,,https://indiacode.gov.in/server/api/core/bitstreams/a0d1f762-56a0-47bc-966f-7ea6e96365b9,https://indiacode.gov.in/server/api/core/bitstreams/a0d1f762-56a0-47bc-966f-7ea6e96365b9/content,D:/india_code_data/raw/india_code\pdf\central\unknown\22114bc6-7d71-42d3-acc4-bb90cd16eb2c\a0d1f762-56a0-47bc-966f-7ea6e96365b9\original.pdf,"the_maharashtra_restoration_of_name_mumbai_for_bombay_act,_1996.pdf",534517,21,c5af58a8c20e2da7374bd625994480741b467a3222ad1e8735d512f5bc2ed4d4,2026-08-19 21:07:32.958281,VALIDATED
e784c790-aa2e-43f9-95e2-a578c4ca31ac,22114bc6-7d71-42d3-acc4-bb90cd16eb2c,22114bc6-7d71-42d3-acc4-bb90cd16eb2c,22114bc6-7d71-42d3-acc4-bb90cd16eb2c,270641b4-f2af-450d-a822-0128087246b0,c500f935-427e-4ca4-9f50-c350ff2baf64,"The Maharashtra Restoration of name Mumbai for Bombay Act, 1996.",pdf,166,Govt of Maharashtra,856,General Administration Department,STATE,,,https://indiacode.gov.in/server/api/core/bitstreams/c500f935-427e-4ca4-9f50-c350ff2baf64,https://indiacode.gov.in/server/api/core/bitstreams/c500f935-427e-4ca4-9f50-c350ff2baf64/content,,"the_maharashtra_restoration_of_name_mumbai_for_bombay_act,_1996.pdf.txt",38231,,,2026-08-19 21:07:32.958281,IGNORED_NON_PDF
3c7435db-d7ab-470a-a7a4-a7e8f138dae9,22114bc6-7d71-42d3-acc4-bb90cd16eb2c,22114bc6-7d71-42d3-acc4-bb90cd16eb2c,22114bc6-7d71-42d3-acc4-bb90cd16eb2c,ad53122a-0d62-4642-be52-f7c47f58b84e,def6a92d-b036-4b6a-acb8-d2b72e1ee302,"The Maharashtra Restoration of name Mumbai for Bombay Act, 1996.",pdf,166,Govt of Maharashtra,856,General Administration Department,STATE,,,https://indiacode.gov.in/server/api/core/bitstreams/def6a92d-b036-4b6a-acb8-d2b72e1ee302,https://indiacode.gov.in/server/api/core/bitstreams/def6a92d-b036-4b6a-acb8-d2b72e1ee302/content,,"the_maharashtra_restoration_of_name_mumbai_for_bombay_act,_1996.pdf.jpg",3944,,,2026-08-19 21:07:32.958281,IGNORED_NON_PDF
066d989b-5036-4009-91d7-d06703315daf,22119768-ff37-4c24-9cfd-105b999b6885,22119768-ff37-4c24-9cfd-105b999b6885,22119768-ff37-4c24-9cfd-105b999b6885,469679b2-e9ab-407e-81d2-ab623c1f2ab0,034b1d1b-3276-4a11-9ed6-2740837b9a39,Notification No.13/2011-CE (N.T),pdf,2,Ministry of Finance,2,Department of Revenue,CENTRAL,,,https://indiacode.gov.in/server/api/core/bitstreams/034b1d1b-3276-4a11-9ed6-2740837b9a39,https://indiacode.gov.in/server/api/core/bitstreams/034b1d1b-3276-4a11-9ed6-2740837b9a39/content,D:/india_code_data/raw/india_code\pdf\central\unknown\22119768-ff37-4c24-9cfd-105b999b6885\034b1d1b-3276-4a11-9ed6-2740837b9a39\original.pdf,download_(13).pdf,188961,1,0c6f8fedaef6dbdbeb2978860cf7b36b022b255d461826414a911e5535f1be2a,2026-08-19 21:07:49.245907,VALIDATED
6f9b843b-dc03-43b3-b691-add5815b0d8a,22119768-ff37-4c24-9cfd-105b999b6885,22119768-ff37-4c24-9cfd-105b999b6885,22119768-ff37-4c24-9cfd-105b999b6885,f6fb7944-358c-4628-9cce-b8bc251f654c,1f3525d7-5840-4164-a20e-a775e168df77,Notification No.13/2011-CE (N.T),pdf,2,Ministry of Finance,2,Department of Revenue,CENTRAL,,,https://indiacode.gov.in/server/api/core/bitstreams/1f3525d7-5840-4164-a20e-a775e168df77,https://indiacode.gov.in/server/api/core/bitstreams/1f3525d7-5840-4164-a20e-a775e168df77/content,,download_(13).pdf.txt,1236,,,2026-08-19 21:07:49.245907,IGNORED_NON_PDF
2efed6b0-1c9f-4336-bca9-18222e938836,22119768-ff37-4c24-9cfd-105b999b6885,22119768-ff37-4c24-9cfd-105b999b6885,22119768-ff37-4c24-9cfd-105b999b6885,c073fafc-7941-4e5f-b64d-30c9ab10313f,bf1494fc-385e-42af-bbd9-a1b0e0bce715,Notification No.13/2011-CE (N.T),pdf,2,Ministry of Finance,2,Department of Revenue,CENTRAL,,,https://indiacode.gov.in/server/api/core/bitstreams/bf1494fc-385e-42af-bbd9-a1b0e0bce715,https://indiacode.gov.in/server/api/core/bitstreams/bf1494fc-385e-42af-bbd9-a1b0e0bce715/content,,download_(13).pdf.jpg,7704,,,2026-08-19 21:07:49.245907,IGNORED_NON_PDF
9a82a779-3566-4150-bb4b-c477e0afd0af,2211bd3d-b0fb-4121-a1e0-7b2d220d8ed0,2211bd3d-b0fb-4121-a1e0-7b2d220d8ed0,2211bd3d-b0fb-4121-a1e0-7b2d220d8ed0,e0fd38e2-73d8-4d50-8291-6c6b8724fea2,643a3c99-b025-45bd-80f8-1e7baa318aee,"The Madras Civil Courts (Second Amendment) Act, 1926, 18 of 1926 (Rep., by Sec 2 and Sch, Act 1 of 1938)",pdf,,UNKNOWN,,UNKNOWN,CENTRAL,,,https://indiacode.gov.in/server/api/core/bitstreams/643a3c99-b025-45bd-80f8-1e7baa318aee,https://indiacode.gov.in/server/api/core/bitstreams/643a3c99-b025-45bd-80f8-1e7baa318aee/content,D:/india_code_data/raw/india_code\pdf\central\unknown\2211bd3d-b0fb-4121-a1e0-7b2d220d8ed0\643a3c99-b025-45bd-80f8-1e7baa318aee\original.pdf,A1926-18.pdf,42135,1,33e0e29ccfbf614e153080b990166d8cfc486bc863a50e021161de2b8847aedd,2026-08-19 21:08:05.344952,VALIDATED
71ade086-5019-4102-b707-81ce139c707c,2211bd3d-b0fb-4121-a1e0-7b2d220d8ed0,2211bd3d-b0fb-4121-a1e0-7b2d220d8ed0,2211bd3d-b0fb-4121-a1e0-7b2d220d8ed0,f007303f-5c4b-4120-8275-d6e909ee18da,6fc908c4-3815-4f24-8cbf-7685c52d2533,"The Madras Civil Courts (Second Amendment) Act, 1926, 18 of 1926 (Rep., by Sec 2 and Sch, Act 1 of 1938)",pdf,,UNKNOWN,,UNKNOWN,CENTRAL,,,https://indiacode.gov.in/server/api/core/bitstreams/6fc908c4-3815-4f24-8cbf-7685c52d2533,https://indiacode.gov.in/server/api/core/bitstreams/6fc908c4-3815-4f24-8cbf-7685c52d2533/content,,A1926-18.pdf.txt,810,,,2026-08-19 21:08:05.344952,IGNORED_NON_PDF
693c641e-9a95-485d-b3ed-6e4befa288df,2211bd3d-b0fb-4121-a1e0-7b2d220d8ed0,2211bd3d-b0fb-4121-a1e0-7b2d220d8ed0,2211bd3d-b0fb-4121-a1e0-7b2d220d8ed0,fb56cdbd-0d03-4578-863e-91abf21a77b4,95f230f6-9525-444d-bd83-996f5f756e80,"The Madras Civil Courts (Second Amendment) Act, 1926, 18 of 1926 (Rep., by Sec 2 and Sch, Act 1 of 1938)",pdf,,UNKNOWN,,UNKNOWN,CENTRAL,,,https://indiacode.gov.in/server/api/core/bitstreams/95f230f6-9525-444d-bd83-996f5f756e80,https://indiacode.gov.in/server/api/core/bitstreams/95f230f6-9525-444d-bd83-996f5f756e80/content,,A1926-18.pdf.jpg,5727,,,2026-08-19 21:08:05.344952,IGNORED_NON_PDF
c6f87ee7-6b6f-48cc-b8c8-e433d19ed6b7,2212c9c4-bb47-40ea-873c-003b9f92f785,2212c9c4-bb47-40ea-873c-003b9f92f785,2212c9c4-bb47-40ea-873c-003b9f92f785,f9901dd5-8121-4587-982f-2b519f35d149,64321369-4a3b-46d9-9460-843af4798a6f,"No.07/GST-2 Notification under section 3 for appointment of Joint Commissioner of State Tax (Appeals) under the HGST Act, 2017",pdf,67,NO MINISTRY,104,EXCISE AND TAXTATION,STATE,,,https://indiacode.gov.in/server/api/core/bitstreams/64321369-4a3b-46d9-9460-843af4798a6f,https://indiacode.gov.in/server/api/core/bitstreams/64321369-4a3b-46d9-9460-843af4798a6f/content,D:/india_code_data/raw/india_code\pdf\central\unknown\2212c9c4-bb47-40ea-873c-003b9f92f785\64321369-4a3b-46d9-9460-843af4798a6f\original.pdf,07-2022.pdf,128351,1,08c44038029f6e32c9fa4aea125b850dddd4d68cdc22fab7730de06a1ebba41d,2026-08-19 21:08:25.121827,VALIDATED
a837c9f3-9f80-4b8a-b7e4-584873523ec1,2212c9c4-bb47-40ea-873c-003b9f92f785,2212c9c4-bb47-40ea-873c-003b9f92f785,2212c9c4-bb47-40ea-873c-003b9f92f785,f9901dd5-8121-4587-982f-2b519f35d149,5611c765-3532-4802-9e5e-78d3d23447e2,"No.07/GST-2 Notification under section 3 for appointment of Joint Commissioner of State Tax (Appeals) under the HGST Act, 2017",pdf,67,NO MINISTRY,104,EXCISE AND TAXTATION,STATE,,,https://indiacode.gov.in/server/api/core/bitstreams/5611c765-3532-4802-9e5e-78d3d23447e2,https://indiacode.gov.in/server/api/core/bitstreams/5611c765-3532-4802-9e5e-78d3d23447e2/content,D:/india_code_data/raw/india_code\pdf\central\unknown\2212c9c4-bb47-40ea-873c-003b9f92f785\5611c765-3532-4802-9e5e-78d3d23447e2\original.pdf,251.pdf,128351,1,08c44038029f6e32c9fa4aea125b850dddd4d68cdc22fab7730de06a1ebba41d,2026-08-19 21:08:25.121827,VALIDATED
8627baa1-25b7-4133-aa79-a0a5ea859747,2212c9c4-bb47-40ea-873c-003b9f92f785,2212c9c4-bb47-40ea-873c-003b9f92f785,2212c9c4-bb47-40ea-873c-003b9f92f785,10839667-6374-4084-b748-6955fa0cc1c5,e9f69d0a-904f-4aea-a7c0-ad8f2658e477,"No.07/GST-2 Notification under section 3 for appointment of Joint Commissioner of State Tax (Appeals) under the HGST Act, 2017",pdf,67,NO MINISTRY,104,EXCISE AND TAXTATION,STATE,,,https://indiacode.gov.in/server/api/core/bitstreams/e9f69d0a-904f-4aea-a7c0-ad8f2658e477,https://indiacode.gov.in/server/api/core/bitstreams/e9f69d0a-904f-4aea-a7c0-ad8f2658e477/content,,07-2022.pdf.txt,1566,,,2026-08-19 21:08:25.121827,IGNORED_NON_PDF
6e570474-5d81-46ea-a0c7-6b143fd1b760,2212c9c4-bb47-40ea-873c-003b9f92f785,2212c9c4-bb47-40ea-873c-003b9f92f785,2212c9c4-bb47-40ea-873c-003b9f92f785,10839667-6374-4084-b748-6955fa0cc1c5,fdefc4bc-e594-4542-9fa2-ee3b6ae65ce2,"No.07/GST-2 Notification under section 3 for appointment of Joint Commissioner of State Tax (Appeals) under the HGST Act, 2017",pdf,67,NO MINISTRY,104,EXCISE AND TAXTATION,STATE,,,https://indiacode.gov.in/server/api/core/bitstreams/fdefc4bc-e594-4542-9fa2-ee3b6ae65ce2,https://indiacode.gov.in/server/api/core/bitstreams/fdefc4bc-e594-4542-9fa2-ee3b6ae65ce2/content,,251.pdf.txt,1566,,,2026-08-19 21:08:25.121827,IGNORED_NON_PDF
22c28435-355d-4d5a-baa0-afd690c93de6,2212c9c4-bb47-40ea-873c-003b9f92f785,2212c9c4-bb47-40ea-873c-003b9f92f785,2212c9c4-bb47-40ea-873c-003b9f92f785,cc4f2443-51a3-478b-b04e-926f40498df2,bee80d0a-5c38-477a-a885-678c81faa63d,"No.07/GST-2 Notification under section 3 for appointment of Joint Commissioner of State Tax (Appeals) under the HGST Act, 2017",pdf,67,NO MINISTRY,104,EXCISE AND TAXTATION,STATE,,,https://indiacode.gov.in/server/api/core/bitstreams/bee80d0a-5c38-477a-a885-678c81faa63d,https://indiacode.gov.in/server/api/core/bitstreams/bee80d0a-5c38-477a-a885-678c81faa63d/content,,07-2022.pdf.jpg,7122,,,2026-08-19 21:08:25.121827,IGNORED_NON_PDF
dad356c9-7a82-44ee-8d52-490df81afa36,2212c9c4-bb47-40ea-873c-003b9f92f785,2212c9c4-bb47-40ea-873c-003b9f92f785,2212c9c4-bb47-40ea-873c-003b9f92f785,cc4f2443-51a3-478b-b04e-926f40498df2,f4bde92b-a832-467c-adce-179a10d98efb,"No.07/GST-2 Notification under section 3 for appointment of Joint Commissioner of State Tax (Appeals) under the HGST Act, 2017",pdf,67,NO MINISTRY,104,EXCISE AND TAXTATION,STATE,,,https://indiacode.gov.in/server/api/core/bitstreams/f4bde92b-a832-467c-adce-179a10d98efb,https://indiacode.gov.in/server/api/core/bitstreams/f4bde92b-a832-467c-adce-179a10d98efb/content,,251.pdf.jpg,7122,,,2026-08-19 21:08:25.121827,IGNORED_NON_PDF
43bcae87-1058-46f4-8bdc-1c9bd532602d,2212e3be-11a3-4311-ab5b-e81ddd96348c,2212e3be-11a3-4311-ab5b-e81ddd96348c,2212e3be-11a3-4311-ab5b-e81ddd96348c,b748f54b-61b9-434a-8df3-db02eda74905,60612dd2-c386-4408-bb22-5708e03009a1,"Establishment of Civil Court Senior Division at Mangaon, District Raigad-Alibag",pdf,166,Govt of Maharashtra,855,Law and Judiciary Department,STATE,,,https://indiacode.gov.in/server/api/core/bitstreams/60612dd2-c386-4408-bb22-5708e03009a1,https://indiacode.gov.in/server/api/core/bitstreams/60612dd2-c386-4408-bb22-5708e03009a1/content,D:/india_code_data/raw/india_code\pdf\central\unknown\2212e3be-11a3-4311-ab5b-e81ddd96348c\60612dd2-c386-4408-bb22-5708e03009a1\original.pdf,"mangaon,_raigad_alibag-1,2.pdf",200210,2,8b6aab1aaee3c8f7cd3e42ce2a77298570fcde2e251b903b44167e18e20821ed,2026-08-19 21:08:49.971513,VALIDATED
fe39772b-e05b-42fd-9b95-94dc95bf5ef3,2212e3be-11a3-4311-ab5b-e81ddd96348c,2212e3be-11a3-4311-ab5b-e81ddd96348c,2212e3be-11a3-4311-ab5b-e81ddd96348c,b748f54b-61b9-434a-8df3-db02eda74905,4369a5cf-7ea3-4195-8761-714f39511890,"Establishment of Civil Court Senior Division at Mangaon, District Raigad-Alibag",pdf,166,Govt of Maharashtra,855,Law and Judiciary Department,STATE,,,https://indiacode.gov.in/server/api/core/bitstreams/4369a5cf-7ea3-4195-8761-714f39511890,https://indiacode.gov.in/server/api/core/bitstreams/4369a5cf-7ea3-4195-8761-714f39511890/content,D:/india_code_data/raw/india_code\pdf\central\unknown\2212e3be-11a3-4311-ab5b-e81ddd96348c\4369a5cf-7ea3-4195-8761-714f39511890\original.pdf,the_maharashtra_civil_courts_act_raigad-alibag.pdf,200210,2,8b6aab1aaee3c8f7cd3e42ce2a77298570fcde2e251b903b44167e18e20821ed,2026-08-19 21:08:49.971513,VALIDATED
f3b1f4c3-33ff-48a2-aff5-96f727758aa7,2212e3be-11a3-4311-ab5b-e81ddd96348c,2212e3be-11a3-4311-ab5b-e81ddd96348c,2212e3be-11a3-4311-ab5b-e81ddd96348c,4a20dca4-0fb4-4073-b2a8-2c85cf88d284,0f1ca5a3-8245-465a-a3db-695b3b08f9ef,"Establishment of Civil Court Senior Division at Mangaon, District Raigad-Alibag",pdf,166,Govt of Maharashtra,855,Law and Judiciary Department,STATE,,,https://indiacode.gov.in/server/api/core/bitstreams/0f1ca5a3-8245-465a-a3db-695b3b08f9ef,https://indiacode.gov.in/server/api/core/bitstreams/0f1ca5a3-8245-465a-a3db-695b3b08f9ef/content,,"mangaon,_raigad_alibag-1,2.pdf.txt",6157,,,2026-08-19 21:08:49.971513,IGNORED_NON_PDF
178d9732-42a6-4648-bcf0-31f5ada9db72,2212e3be-11a3-4311-ab5b-e81ddd96348c,2212e3be-11a3-4311-ab5b-e81ddd96348c,2212e3be-11a3-4311-ab5b-e81ddd96348c,4a20dca4-0fb4-4073-b2a8-2c85cf88d284,17d1fe22-cca5-4eaf-a914-8a8e1fa78529,"Establishment of Civil Court Senior Division at Mangaon, District Raigad-Alibag",pdf,166,Govt of Maharashtra,855,Law and Judiciary Department,STATE,,,https://indiacode.gov.in/server/api/core/bitstreams/17d1fe22-cca5-4eaf-a914-8a8e1fa78529,https://indiacode.gov.in/server/api/core/bitstreams/17d1fe22-cca5-4eaf-a914-8a8e1fa78529/content,,the_maharashtra_civil_courts_act_raigad-alibag.pdf.txt,6157,,,2026-08-19 21:08:49.971513,IGNORED_NON_PDF
9fe67eb5-ebbb-4d4f-806d-8244657e5bb1,2212e3be-11a3-4311-ab5b-e81ddd96348c,2212e3be-11a3-4311-ab5b-e81ddd96348c,2212e3be-11a3-4311-ab5b-e81ddd96348c,f0ced260-a47e-470e-840c-ff058bb9c98a,915a7bc3-e8e1-4c61-b40c-da5583481ebf,"Establishment of Civil Court Senior Division at Mangaon, District Raigad-Alibag",pdf,166,Govt of Maharashtra,855,Law and Judiciary Department,STATE,,,https://indiacode.gov.in/server/api/core/bitstreams/915a7bc3-e8e1-4c61-b40c-da5583481ebf,https://indiacode.gov.in/server/api/core/bitstreams/915a7bc3-e8e1-4c61-b40c-da5583481ebf/content,,"mangaon,_raigad_alibag-1,2.pdf.jpg",9073,,,2026-08-19 21:08:49.971513,IGNORED_NON_PDF
63fb34e8-86a3-4e88-966f-c097e25e8640,2212e3be-11a3-4311-ab5b-e81ddd96348c,2212e3be-11a3-4311-ab5b-e81ddd96348c,2212e3be-11a3-4311-ab5b-e81ddd96348c,f0ced260-a47e-470e-840c-ff058bb9c98a,1e149c44-ebb3-40a1-9889-d6fd01bd50d2,"Establishment of Civil Court Senior Division at Mangaon, District Raigad-Alibag",pdf,166,Govt of Maharashtra,855,Law and Judiciary Department,STATE,,,https://indiacode.gov.in/server/api/core/bitstreams/1e149c44-ebb3-40a1-9889-d6fd01bd50d2,https://indiacode.gov.in/server/api/core/bitstreams/1e149c44-ebb3-40a1-9889-d6fd01bd50d2/content,,the_maharashtra_civil_courts_act_raigad-alibag.pdf.jpg,9073,,,2026-08-19 21:08:49.971513,IGNORED_NON_PDF
7fa6dec6-bd18-4da0-9227-055e76b7ddb2,22133786-3bdd-4043-a230-e8d1b433a006,22133786-3bdd-4043-a230-e8d1b433a006,22133786-3bdd-4043-a230-e8d1b433a006,b62f1830-bda5-4a0b-b5ea-e6097063c9cb,6d91a9f6-12c5-447b-8115-eb487c52acca,"Insertion of Rule 20 A regarding defraying expenditure on internal transport and freight charges to the sugar factory on export shipment of sugar dated 7th November, 2007",pdf,21,"Ministry of Consumer Affairs, Food and Public Distribution",28,Department of Food and Public Distribution,CENTRAL,,,https://indiacode.gov.in/server/api/core/bitstreams/6d91a9f6-12c5-447b-8115-eb487c52acca,https://indiacode.gov.in/server/api/core/bitstreams/6d91a9f6-12c5-447b-8115-eb487c52acca/content,D:/india_code_data/raw/india_code\pdf\central\unknown\22133786-3bdd-4043-a230-e8d1b433a006\6d91a9f6-12c5-447b-8115-eb487c52acca\original.pdf,"gsr_697_(e)_dated_the_7th_nov,_2007.pdf",374775,13,95a61f93d9f3d79d9992926befedaf9625cbede7f07d8a8a3097925ac83e6567,2026-08-19 21:09:16.889916,VALIDATED
cd3e1575-b37d-4985-8101-9c708c51bc0f,22133786-3bdd-4043-a230-e8d1b433a006,22133786-3bdd-4043-a230-e8d1b433a006,22133786-3bdd-4043-a230-e8d1b433a006,fb9d8ac0-6692-4bd6-8e26-903842c12554,6cce8680-5513-49ac-ac31-a6f564340c7e,"Insertion of Rule 20 A regarding defraying expenditure on internal transport and freight charges to the sugar factory on export shipment of sugar dated 7th November, 2007",pdf,21,"Ministry of Consumer Affairs, Food and Public Distribution",28,Department of Food and Public Distribution,CENTRAL,,,https://indiacode.gov.in/server/api/core/bitstreams/6cce8680-5513-49ac-ac31-a6f564340c7e,https://indiacode.gov.in/server/api/core/bitstreams/6cce8680-5513-49ac-ac31-a6f564340c7e/content,,"gsr_697_(e)_dated_the_7th_nov,_2007.pdf.txt",23386,,,2026-08-19 21:09:16.889916,IGNORED_NON_PDF
b549513d-a899-4f0f-afa1-130d64a60430,22133786-3bdd-4043-a230-e8d1b433a006,22133786-3bdd-4043-a230-e8d1b433a006,22133786-3bdd-4043-a230-e8d1b433a006,97c765fe-6035-43d0-8c07-ee0488bb68a2,36ececd1-19fc-4def-b4a8-9c9f0654bb2c,"Insertion of Rule 20 A regarding defraying expenditure on internal transport and freight charges to the sugar factory on export shipment of sugar dated 7th November, 2007",pdf,21,"Ministry of Consumer Affairs, Food and Public Distribution",28,Department of Food and Public Distribution,CENTRAL,,,https://indiacode.gov.in/server/api/core/bitstreams/36ececd1-19fc-4def-b4a8-9c9f0654bb2c,https://indiacode.gov.in/server/api/core/bitstreams/36ececd1-19fc-4def-b4a8-9c9f0654bb2c/content,,"gsr_697_(e)_dated_the_7th_nov,_2007.pdf.jpg",9282,,,2026-08-19 21:09:16.889916,IGNORED_NON_PDF
aecf0d6e-019a-4221-b4ec-6e72bf14a2be,2214fb74-136a-410c-a9eb-089948d88037,2214fb74-136a-410c-a9eb-089948d88037,2214fb74-136a-410c-a9eb-089948d88037,bc639b07-835b-4cc1-a7cf-03a53f5aa180,d0c0c774-3503-4b55-83ba-3f000a144e16,"The Kerala Restriction on Transfer by and Restoration of Lands to Scheduled Tribes Act, 1999",pdf,72,NO MINISTRY,404,Law,STATE,,,https://indiacode.gov.in/server/api/core/bitstreams/d0c0c774-3503-4b55-83ba-3f000a144e16,https://indiacode.gov.in/server/api/core/bitstreams/d0c0c774-3503-4b55-83ba-3f000a144e16/content,D:/india_code_data/raw/india_code\pdf\central\unknown\2214fb74-136a-410c-a9eb-089948d88037\d0c0c774-3503-4b55-83ba-3f000a144e16\original.pdf,act_12_of_1999.finaleng.pdf,46507,9,d52c42720c57badca939f6ea45b9dc84be323439b4b696017a25a863b05daaf3,2026-08-19 21:09:34.792011,VALIDATED
983dba5d-3be2-4baa-b65c-c75933a9f6ed,2214fb74-136a-410c-a9eb-089948d88037,2214fb74-136a-410c-a9eb-089948d88037,2214fb74-136a-410c-a9eb-089948d88037,bc639b07-835b-4cc1-a7cf-03a53f5aa180,d9de9a8c-86ea-4750-af6b-5e6f48cb7204,"The Kerala Restriction on Transfer by and Restoration of Lands to Scheduled Tribes Act, 1999",pdf,72,NO MINISTRY,404,Law,STATE,,,https://indiacode.gov.in/server/api/core/bitstreams/d9de9a8c-86ea-4750-af6b-5e6f48cb7204,https://indiacode.gov.in/server/api/core/bitstreams/d9de9a8c-86ea-4750-af6b-5e6f48cb7204/content,D:/india_code_data/raw/india_code\pdf\central\unknown\2214fb74-136a-410c-a9eb-089948d88037\d9de9a8c-86ea-4750-af6b-5e6f48cb7204\original.pdf,act_12_of_1999finalmal._pdf.pdf,78200,12,560882c2282f833c42c093b30644f4b2051ea87a4d56a9a81accccce7470ad37,2026-08-19 21:09:34.792011,VALIDATED
c96ed03c-83c7-4c85-8f4b-fd93ee7d904d,2214fb74-136a-410c-a9eb-089948d88037,2214fb74-136a-410c-a9eb-089948d88037,2214fb74-136a-410c-a9eb-089948d88037,a12971bf-f713-4abf-9f25-d0871dd25392,b0058dd7-4f44-4f27-94e6-fff0e47fbf6d,"The Kerala Restriction on Transfer by and Restoration of Lands to Scheduled Tribes Act, 1999",pdf,72,NO MINISTRY,404,Law,STATE,,,https://indiacode.gov.in/server/api/core/bitstreams/b0058dd7-4f44-4f27-94e6-fff0e47fbf6d,https://indiacode.gov.in/server/api/core/bitstreams/b0058dd7-4f44-4f27-94e6-fff0e47fbf6d/content,,act_12_of_1999.finaleng.pdf.txt,19062,,,2026-08-19 21:09:34.792011,IGNORED_NON_PDF
7dbf6591-7a12-4f88-9fe5-62af88373369,2214fb74-136a-410c-a9eb-089948d88037,2214fb74-136a-410c-a9eb-089948d88037,2214fb74-136a-410c-a9eb-089948d88037,a12971bf-f713-4abf-9f25-d0871dd25392,7cc5b38b-272f-4dd5-b291-231600589b26,"The Kerala Restriction on Transfer by and Restoration of Lands to Scheduled Tribes Act, 1999",pdf,72,NO MINISTRY,404,Law,STATE,,,https://indiacode.gov.in/server/api/core/bitstreams/7cc5b38b-272f-4dd5-b291-231600589b26,https://indiacode.gov.in/server/api/core/bitstreams/7cc5b38b-272f-4dd5-b291-231600589b26/content,,act_12_of_1999finalmal._pdf.pdf.txt,69631,,,2026-08-19 21:09:34.792011,IGNORED_NON_PDF
a395c3cf-ab3b-4465-ad4e-4771962b3274,2214fb74-136a-410c-a9eb-089948d88037,2214fb74-136a-410c-a9eb-089948d88037,2214fb74-136a-410c-a9eb-089948d88037,726ce37b-cf24-4270-ad5f-cea1810c5ca3,9cedf03e-d389-4b60-875a-0d9087097022,"The Kerala Restriction on Transfer by and Restoration of Lands to Scheduled Tribes Act, 1999",pdf,72,NO MINISTRY,404,Law,STATE,,,https://indiacode.gov.in/server/api/core/bitstreams/9cedf03e-d389-4b60-875a-0d9087097022,https://indiacode.gov.in/server/api/core/bitstreams/9cedf03e-d389-4b60-875a-0d9087097022/content,,act_12_of_1999.finaleng.pdf.jpg,9562,,,2026-08-19 21:09:34.792011,IGNORED_NON_PDF
cee98c7f-ce8c-4314-b815-7aac31629df6,2214fb74-136a-410c-a9eb-089948d88037,2214fb74-136a-410c-a9eb-089948d88037,2214fb74-136a-410c-a9eb-089948d88037,726ce37b-cf24-4270-ad5f-cea1810c5ca3,65fa762d-8c52-46b2-a400-eba3dd7bfabb,"The Kerala Restriction on Transfer by and Restoration of Lands to Scheduled Tribes Act, 1999",pdf,72,NO MINISTRY,404,Law,STATE,,,https://indiacode.gov.in/server/api/core/bitstreams/65fa762d-8c52-46b2-a400-eba3dd7bfabb,https://indiacode.gov.in/server/api/core/bitstreams/65fa762d-8c52-46b2-a400-eba3dd7bfabb/content,,act_12_of_1999finalmal._pdf.pdf.jpg,8975,,,2026-08-19 21:09:34.792011,IGNORED_NON_PDF
86846ca9-3f9a-4123-bfef-e9c319165efb,2215e36b-1d81-48d6-b06f-57039e0b80a9,2215e36b-1d81-48d6-b06f-57039e0b80a9,2215e36b-1d81-48d6-b06f-57039e0b80a9,5d083869-116e-4808-91a6-4ae5fa2d8d25,bb316a41-a7f2-4d37-9596-d75a8adabee1,"The Jadavpur University ( Amendment ) Act, 2000",pdf,90,NO MINISTRY,1409,Law Department,STATE,,,https://indiacode.gov.in/server/api/core/bitstreams/bb316a41-a7f2-4d37-9596-d75a8adabee1,https://indiacode.gov.in/server/api/core/bitstreams/bb316a41-a7f2-4d37-9596-d75a8adabee1/content,D:/india_code_data/raw/india_code\pdf\central\unknown\2215e36b-1d81-48d6-b06f-57039e0b80a9\bb316a41-a7f2-4d37-9596-d75a8adabee1\original.pdf,138.pdf,36271,4,3401201df3649681eff96da6b2350bd25bb0f2503c3f7a50a7030b9fa650643e,2026-08-19 21:09:59.617440,VALIDATED
d7583ef9-2d55-4b87-b804-7090f46e58e0,2215e36b-1d81-48d6-b06f-57039e0b80a9,2215e36b-1d81-48d6-b06f-57039e0b80a9,2215e36b-1d81-48d6-b06f-57039e0b80a9,d2866644-ae0e-4777-b041-36ed71a51544,84f2cdcc-77be-43e4-b506-7041d2574d69,"The Jadavpur University ( Amendment ) Act, 2000",pdf,90,NO MINISTRY,1409,Law Department,STATE,,,https://indiacode.gov.in/server/api/core/bitstreams/84f2cdcc-77be-43e4-b506-7041d2574d69,https://indiacode.gov.in/server/api/core/bitstreams/84f2cdcc-77be-43e4-b506-7041d2574d69/content,,138.pdf.txt,7127,,,2026-08-19 21:09:59.617440,IGNORED_NON_PDF
584915fe-2d98-4b89-9d3d-a17ec07bfb3f,2215e36b-1d81-48d6-b06f-57039e0b80a9,2215e36b-1d81-48d6-b06f-57039e0b80a9,2215e36b-1d81-48d6-b06f-57039e0b80a9,cdf4cc5e-cc23-476a-ad56-6f1616a8ceb8,38c48ce9-0407-40cf-9fef-4a0530723d14,"The Jadavpur University ( Amendment ) Act, 2000",pdf,90,NO MINISTRY,1409,Law Department,STATE,,,https://indiacode.gov.in/server/api/core/bitstreams/38c48ce9-0407-40cf-9fef-4a0530723d14,https://indiacode.gov.in/server/api/core/bitstreams/38c48ce9-0407-40cf-9fef-4a0530723d14/content,,138.pdf.jpg,8646,,,2026-08-19 21:09:59.617440,IGNORED_NON_PDF
e948d102-2fcb-445d-a2b3-fca6d31550eb,2215f68f-b7e4-4344-a66a-66276a655ae7,2215f68f-b7e4-4344-a66a-66276a655ae7,2215f68f-b7e4-4344-a66a-66276a655ae7,92c7b35a-2a1f-4870-8308-98dd05ff72cd,2e965a2f-38cc-4120-a5a3-5809d6d31e5e,"Notification No. F. 1 (7) (22)/L & E/65, dated 24-12-1965, published in Rajasthan Gazette part IV C, dated 17-2-1966, page 558",pdf,83,NO MINISTRY,1123,Labour Skill Employment & Entrepreneurship Department,STATE,,,https://indiacode.gov.in/server/api/core/bitstreams/2e965a2f-38cc-4120-a5a3-5809d6d31e5e,https://indiacode.gov.in/server/api/core/bitstreams/2e965a2f-38cc-4120-a5a3-5809d6d31e5e/content,D:/india_code_data/raw/india_code\pdf\central\unknown\2215f68f-b7e4-4344-a66a-66276a655ae7\2e965a2f-38cc-4120-a5a3-5809d6d31e5e\original.pdf,notif_2.pdf,6395,1,6009b44061be4eeb52e917f89de94011c391af9c26fd411ba41d24a965c81e38,2026-08-19 21:10:12.982386,VALIDATED
03359c4d-609e-498e-992a-1e8726ea7099,2215f68f-b7e4-4344-a66a-66276a655ae7,2215f68f-b7e4-4344-a66a-66276a655ae7,2215f68f-b7e4-4344-a66a-66276a655ae7,729288fe-e4a3-483c-b58c-723b27285b85,7127dc29-dc06-4ea1-b15b-388999623566,"Notification No. F. 1 (7) (22)/L & E/65, dated 24-12-1965, published in Rajasthan Gazette part IV C, dated 17-2-1966, page 558",pdf,83,NO MINISTRY,1123,Labour Skill Employment & Entrepreneurship Department,STATE,,,https://indiacode.gov.in/server/api/core/bitstreams/7127dc29-dc06-4ea1-b15b-388999623566,https://indiacode.gov.in/server/api/core/bitstreams/7127dc29-dc06-4ea1-b15b-388999623566/content,,notif_2.pdf.txt,794,,,2026-08-19 21:10:12.982386,IGNORED_NON_PDF
0f84d8e3-62ae-414c-b716-889b48457800,2215f68f-b7e4-4344-a66a-66276a655ae7,2215f68f-b7e4-4344-a66a-66276a655ae7,2215f68f-b7e4-4344-a66a-66276a655ae7,9de2fd1c-ced6-44fd-b2d1-ba5b3e4acca0,e3e53310-7baa-455f-a19b-5b32f0871c53,"Notification No. F. 1 (7) (22)/L & E/65, dated 24-12-1965, published in Rajasthan Gazette part IV C, dated 17-2-1966, page 558",pdf,83,NO MINISTRY,1123,Labour Skill Employment & Entrepreneurship Department,STATE,,,https://indiacode.gov.in/server/api/core/bitstreams/e3e53310-7baa-455f-a19b-5b32f0871c53,https://indiacode.gov.in/server/api/core/bitstreams/e3e53310-7baa-455f-a19b-5b32f0871c53/content,,notif_2.pdf.jpg,4160,,,2026-08-19 21:10:12.982386,IGNORED_NON_PDF
6b4f6cad-1971-4ed5-8879-5b46258a41d5,2219ab5b-ac1e-4ece-9fe1-cd19d03c5126,2219ab5b-ac1e-4ece-9fe1-cd19d03c5126,2219ab5b-ac1e-4ece-9fe1-cd19d03c5126,6accc908-c87f-46d5-8c67-2968f2454167,1a511aad-98be-487d-8be4-6cd528c7a63d,"Central RTE (Amendment) Rules , 2017",pdf,9,Ministry of Education,9,Department of School Education and Literacy,CENTRAL,,,https://indiacode.gov.in/server/api/core/bitstreams/1a511aad-98be-487d-8be4-6cd528c7a63d,https://indiacode.gov.in/server/api/core/bitstreams/1a511aad-98be-487d-8be4-6cd528c7a63d/content,,rte_amendment_2017.pdf,1156031,,,2026-08-19 21:10:34.704639,FAILED
dadcb0af-76ae-40f1-b625-a2082775c89a,2219ab5b-ac1e-4ece-9fe1-cd19d03c5126,2219ab5b-ac1e-4ece-9fe1-cd19d03c5126,2219ab5b-ac1e-4ece-9fe1-cd19d03c5126,fc516cd2-c99a-49c4-a39d-9ec50a2961c1,5137f94e-1284-44d7-8ecf-ec93acf1c006,"Central RTE (Amendment) Rules , 2017",pdf,9,Ministry of Education,9,Department of School Education and Literacy,CENTRAL,,,https://indiacode.gov.in/server/api/core/bitstreams/5137f94e-1284-44d7-8ecf-ec93acf1c006,https://indiacode.gov.in/server/api/core/bitstreams/5137f94e-1284-44d7-8ecf-ec93acf1c006/content,,rte_amendment_2017.pdf.txt,4760,,,2026-08-19 21:10:34.704639,IGNORED_NON_PDF
818893cf-7070-47ab-a277-e7f983ec2ecf,2219ab5b-ac1e-4ece-9fe1-cd19d03c5126,2219ab5b-ac1e-4ece-9fe1-cd19d03c5126,2219ab5b-ac1e-4ece-9fe1-cd19d03c5126,b52c8c74-6a3f-4098-a280-dd604b5cc969,e8c92fc8-32eb-4212-a62e-f5aeb82b2ece,"Central RTE (Amendment) Rules , 2017",pdf,9,Ministry of Education,9,Department of School Education and Literacy,CENTRAL,,,https://indiacode.gov.in/server/api/core/bitstreams/e8c92fc8-32eb-4212-a62e-f5aeb82b2ece,https://indiacode.gov.in/server/api/core/bitstreams/e8c92fc8-32eb-4212-a62e-f5aeb82b2ece/content,,rte_amendment_2017.pdf.jpg,10477,,,2026-08-19 21:10:34.704639,IGNORED_NON_PDF
bbb1f1d9-ff25-4af2-8110-56820577478d,2219e917-251f-4dcf-9836-3159523f05a1,2219e917-251f-4dcf-9836-3159523f05a1,2219e917-251f-4dcf-9836-3159523f05a1,32876888-4329-4758-b3b1-960ff946ee0e,f1314b9d-df7a-48f0-9c87-bf3f497e8f55,"Regarding the division of Gram Panchayat Tandulwadi, Taluka Rahuri, District Ahmednagar and establishment of a separate Gram Panchayat at Waghcha Akhara.",pdf,166,Govt of Maharashtra,1520,Rural Development and Water conservation Department,STATE,,,https://indiacode.gov.in/server/api/core/bitstreams/f1314b9d-df7a-48f0-9c87-bf3f497e8f55,https://indiacode.gov.in/server/api/core/bitstreams/f1314b9d-df7a-48f0-9c87-bf3f497e8f55/content,D:/india_code_data/raw/india_code\pdf\central\unknown\2219e917-251f-4dcf-9836-3159523f05a1\f1314b9d-df7a-48f0-9c87-bf3f497e8f55\original.pdf,वाघाचा_आखाडा_ग्रापं_अधिसूचना.pdf,87374,2,79818d4b658b15c5ab347958124c30822c1349279715f425d62283b711f523c4,2026-08-19 21:11:13.509853,VALIDATED
0935f8b5-25df-4535-a017-f22674ccdc8c,2219e917-251f-4dcf-9836-3159523f05a1,2219e917-251f-4dcf-9836-3159523f05a1,2219e917-251f-4dcf-9836-3159523f05a1,6651987a-db12-488f-b54a-d8de674d10eb,a01d92bc-6750-429d-aa0c-e1cce27cf72f,"Regarding the division of Gram Panchayat Tandulwadi, Taluka Rahuri, District Ahmednagar and establishment of a separate Gram Panchayat at Waghcha Akhara.",pdf,166,Govt of Maharashtra,1520,Rural Development and Water conservation Department,STATE,,,https://indiacode.gov.in/server/api/core/bitstreams/a01d92bc-6750-429d-aa0c-e1cce27cf72f,https://indiacode.gov.in/server/api/core/bitstreams/a01d92bc-6750-429d-aa0c-e1cce27cf72f/content,,वाघाचा_आखाडा_ग्रापं_अधिसूचना.pdf.txt,2808,,,2026-08-19 21:11:13.509853,IGNORED_NON_PDF
75051650-b837-4320-a310-9d15dc5b203f,2219e917-251f-4dcf-9836-3159523f05a1,2219e917-251f-4dcf-9836-3159523f05a1,2219e917-251f-4dcf-9836-3159523f05a1,de0e83e1-b6b2-41db-9470-74e5a57126e2,164b1c7d-0e77-4a01-b247-e68be266e300,"Regarding the division of Gram Panchayat Tandulwadi, Taluka Rahuri, District Ahmednagar and establishment of a separate Gram Panchayat at Waghcha Akhara.",pdf,166,Govt of Maharashtra,1520,Rural Development and Water conservation Department,STATE,,,https://indiacode.gov.in/server/api/core/bitstreams/164b1c7d-0e77-4a01-b247-e68be266e300,https://indiacode.gov.in/server/api/core/bitstreams/164b1c7d-0e77-4a01-b247-e68be266e300/content,,वाघाचा_आखाडा_ग्रापं_अधिसूचना.pdf.jpg,8857,,,2026-08-19 21:11:13.509853,IGNORED_NON_PDF
6e96f735-b156-4e26-ab17-ec3331638fab,221ae57b-b835-4c66-a891-4c8419872b84,221ae57b-b835-4c66-a891-4c8419872b84,221ae57b-b835-4c66-a891-4c8419872b84,6174105b-bc30-4143-a169-3fb82aa8b88f,49243273-11c9-42f4-81b0-0aa3698d11b2,"The Maintenance and Welfare of Parents and Senior Citizens Act, 2007",pdf,63,NO MINISTRY,883,Department of Social Welfare & Women & Child Development,UNION_TERRITORY,,,https://indiacode.gov.in/server/api/core/bitstreams/49243273-11c9-42f4-81b0-0aa3698d11b2,https://indiacode.gov.in/server/api/core/bitstreams/49243273-11c9-42f4-81b0-0aa3698d11b2/content,D:/india_code_data/raw/india_code\pdf\central\unknown\221ae57b-b835-4c66-a891-4c8419872b84\49243273-11c9-42f4-81b0-0aa3698d11b2\original.pdf,"the_maintenance_and_welfare_of_parents_and_senior_citizens_act,_2007.pdf",217974,9,b30f82af416e928e49ce0aa99009d947441bd40d5591fe6cbf56091885f98083,2026-08-19 21:11:29.761635,VALIDATED
1f49c8d3-f21a-466d-a0a0-78c77a9391f0,221ae57b-b835-4c66-a891-4c8419872b84,221ae57b-b835-4c66-a891-4c8419872b84,221ae57b-b835-4c66-a891-4c8419872b84,dc16bb49-e98f-417c-aabd-6f59c65916a8,36c31660-530b-4896-9a8f-822cd2e7f273,"The Maintenance and Welfare of Parents and Senior Citizens Act, 2007",pdf,63,NO MINISTRY,883,Department of Social Welfare & Women & Child Development,UNION_TERRITORY,,,https://indiacode.gov.in/server/api/core/bitstreams/36c31660-530b-4896-9a8f-822cd2e7f273,https://indiacode.gov.in/server/api/core/bitstreams/36c31660-530b-4896-9a8f-822cd2e7f273/content,,"the_maintenance_and_welfare_of_parents_and_senior_citizens_act,_2007.pdf.txt",27199,,,2026-08-19 21:11:29.761635,IGNORED_NON_PDF
7e329dd0-70c5-4731-a2b9-5fe23306fa61,221ae57b-b835-4c66-a891-4c8419872b84,221ae57b-b835-4c66-a891-4c8419872b84,221ae57b-b835-4c66-a891-4c8419872b84,59ac3e4c-ad55-4ebc-95c1-cb5b605890fc,f9202f58-efcd-44d6-9546-971ebcd336f3,"The Maintenance and Welfare of Parents and Senior Citizens Act, 2007",pdf,63,NO MINISTRY,883,Department of Social Welfare & Women & Child Development,UNION_TERRITORY,,,https://indiacode.gov.in/server/api/core/bitstreams/f9202f58-efcd-44d6-9546-971ebcd336f3,https://indiacode.gov.in/server/api/core/bitstreams/f9202f58-efcd-44d6-9546-971ebcd336f3/content,,"the_maintenance_and_welfare_of_parents_and_senior_citizens_act,_2007.pdf.jpg",6470,,,2026-08-19 21:11:29.761635,IGNORED_NON_PDF
4852b139-a4df-4d48-8e55-5a7680117dc3,221dfeaa-161e-47b9-bf56-bd832d56754e,221dfeaa-161e-47b9-bf56-bd832d56754e,221dfeaa-161e-47b9-bf56-bd832d56754e,713fa162-f62d-4fbc-977a-f3bab5d834fc,16f28113-fb5f-4abc-a990-3b5cd04035a1,Amendment schemes - TAMIL NADU COOKING AND CATERING WORKERS’ WELFARE BOARD SCHEME 2015,pdf,85,NO MINISTRY,372,"Labour and Employment Department, Government of Tamil Nadu",STATE,,,https://indiacode.gov.in/server/api/core/bitstreams/16f28113-fb5f-4abc-a990-3b5cd04035a1,https://indiacode.gov.in/server/api/core/bitstreams/16f28113-fb5f-4abc-a990-3b5cd04035a1/content,D:/india_code_data/raw/india_code\pdf\central\unknown\221dfeaa-161e-47b9-bf56-bd832d56754e\16f28113-fb5f-4abc-a990-3b5cd04035a1\original.pdf,cooking_and_catering_board_scheme_2015_updated_schemes_amendment.pdf,357331,17,b11b1c24f2fc92a99e547e7843baf38e868be9c439069454f38a47a2b2adae93,2026-08-19 21:11:49.585619,VALIDATED
b64e29bd-5575-44bd-b577-87833e64c645,221dfeaa-161e-47b9-bf56-bd832d56754e,221dfeaa-161e-47b9-bf56-bd832d56754e,221dfeaa-161e-47b9-bf56-bd832d56754e,a20a980b-0a7b-45bd-94f4-c716d6bc6aa6,73fbcf8e-509d-466b-ba20-dfd14edfacfc,Amendment schemes - TAMIL NADU COOKING AND CATERING WORKERS’ WELFARE BOARD SCHEME 2015,pdf,85,NO MINISTRY,372,"Labour and Employment Department, Government of Tamil Nadu",STATE,,,https://indiacode.gov.in/server/api/core/bitstreams/73fbcf8e-509d-466b-ba20-dfd14edfacfc,https://indiacode.gov.in/server/api/core/bitstreams/73fbcf8e-509d-466b-ba20-dfd14edfacfc/content,,cooking_and_catering_board_scheme_2015_updated_schemes_amendment.pdf.txt,36017,,,2026-08-19 21:11:49.585619,IGNORED_NON_PDF
2ab290b4-4b02-49c7-9633-a23d43ddd5cc,221dfeaa-161e-47b9-bf56-bd832d56754e,221dfeaa-161e-47b9-bf56-bd832d56754e,221dfeaa-161e-47b9-bf56-bd832d56754e,77c7093a-ab7b-47f3-a0aa-dfa9876e34b5,169fd951-e4b5-4fef-ace6-20cde555a98c,Amendment schemes - TAMIL NADU COOKING AND CATERING WORKERS’ WELFARE BOARD SCHEME 2015,pdf,85,NO MINISTRY,372,"Labour and Employment Department, Government of Tamil Nadu",STATE,,,https://indiacode.gov.in/server/api/core/bitstreams/169fd951-e4b5-4fef-ace6-20cde555a98c,https://indiacode.gov.in/server/api/core/bitstreams/169fd951-e4b5-4fef-ace6-20cde555a98c/content,,cooking_and_catering_board_scheme_2015_updated_schemes_amendment.pdf.jpg,9577,,,2026-08-19 21:11:49.585619,IGNORED_NON_PDF
2fceddcc-efa3-40d3-be24-2b4407bfa521,221e8550-ecae-4eeb-b53c-04ae7ba36403,221e8550-ecae-4eeb-b53c-04ae7ba36403,221e8550-ecae-4eeb-b53c-04ae7ba36403,c53ac4b9-71d3-430e-8cc0-50804b20b489,c87d8f02-13ca-4723-baf1-6661e3755146,"The Madras Uncovenanted Officers&apos; Act 1857, 7 of 1857, (Rep., Act 4 of 2018)",pdf,,UNKNOWN,,UNKNOWN,CENTRAL,,,https://indiacode.gov.in/server/api/core/bitstreams/c87d8f02-13ca-4723-baf1-6661e3755146,https://indiacode.gov.in/server/api/core/bitstreams/c87d8f02-13ca-4723-baf1-6661e3755146/content,D:/india_code_data/raw/india_code\pdf\central\unknown\221e8550-ecae-4eeb-b53c-04ae7ba36403\c87d8f02-13ca-4723-baf1-6661e3755146\original.pdf,A1857-7.pdf,114144,2,3369a5ce1c4ff97dc2c30f6dd228b565e75d9780867d7a02af9881832ab643e0,2026-08-19 21:12:05.224134,VALIDATED
c82a570e-7b07-4623-b053-4a06271f06fa,221e8550-ecae-4eeb-b53c-04ae7ba36403,221e8550-ecae-4eeb-b53c-04ae7ba36403,221e8550-ecae-4eeb-b53c-04ae7ba36403,47e7a5c0-f0af-41a6-a2dd-bd15b42e657c,d034d820-9328-4ff1-90d8-e177121c1129,"The Madras Uncovenanted Officers&apos; Act 1857, 7 of 1857, (Rep., Act 4 of 2018)",pdf,,UNKNOWN,,UNKNOWN,CENTRAL,,,https://indiacode.gov.in/server/api/core/bitstreams/d034d820-9328-4ff1-90d8-e177121c1129,https://indiacode.gov.in/server/api/core/bitstreams/d034d820-9328-4ff1-90d8-e177121c1129/content,,A1857-7.pdf.txt,2640,,,2026-08-19 21:12:05.224134,IGNORED_NON_PDF
38376339-2194-4688-b575-ba0104eb6158,221e8550-ecae-4eeb-b53c-04ae7ba36403,221e8550-ecae-4eeb-b53c-04ae7ba36403,221e8550-ecae-4eeb-b53c-04ae7ba36403,92c5e558-038a-42da-a594-aa99edaee45a,c1304e99-5940-4b59-97d6-f11e54079a03,"The Madras Uncovenanted Officers&apos; Act 1857, 7 of 1857, (Rep., Act 4 of 2018)",pdf,,UNKNOWN,,UNKNOWN,CENTRAL,,,https://indiacode.gov.in/server/api/core/bitstreams/c1304e99-5940-4b59-97d6-f11e54079a03,https://indiacode.gov.in/server/api/core/bitstreams/c1304e99-5940-4b59-97d6-f11e54079a03/content,,A1857-7.pdf.jpg,8272,,,2026-08-19 21:12:05.224134,IGNORED_NON_PDF
67a3ee49-7962-4c70-9aef-6794ad1c038a,221eb46a-77a4-4649-bf84-a7e1e812de4d,221eb46a-77a4-4649-bf84-a7e1e812de4d,221eb46a-77a4-4649-bf84-a7e1e812de4d,1787d8f6-6267-4923-a137-4a531c6461de,97314987-b3af-466b-b4ac-97e5785ff3a0,"Prasar Bharati (Broadcasting Corporation of India) Junior Administrative Posts Recruitment Regulations, 2021",pdf,29,Ministry of Information and Broadcasting,,UNKNOWN,CENTRAL,,,https://indiacode.gov.in/server/api/core/bitstreams/97314987-b3af-466b-b4ac-97e5785ff3a0,https://indiacode.gov.in/server/api/core/bitstreams/97314987-b3af-466b-b4ac-97e5785ff3a0/content,D:/india_code_data/raw/india_code\pdf\central\unknown\221eb46a-77a4-4649-bf84-a7e1e812de4d\97314987-b3af-466b-b4ac-97e5785ff3a0\original.pdf,rrs_for_jr_admin_posts10-9-2021.pdf,1423443,10,e0e4635322f19ea3a1b34c31f2f2cff73f77e8727ce4606a79d0505d7e2f3810,2026-08-19 21:12:18.663915,VALIDATED
9b0434e0-e044-422d-b218-5a2d2b62ef9e,221eb46a-77a4-4649-bf84-a7e1e812de4d,221eb46a-77a4-4649-bf84-a7e1e812de4d,221eb46a-77a4-4649-bf84-a7e1e812de4d,e296c01c-dfaa-4fe1-910d-4511fba239c0,c6d04d5f-ef84-40d5-b0f6-8289627e0be0,"Prasar Bharati (Broadcasting Corporation of India) Junior Administrative Posts Recruitment Regulations, 2021",pdf,29,Ministry of Information and Broadcasting,,UNKNOWN,CENTRAL,,,https://indiacode.gov.in/server/api/core/bitstreams/c6d04d5f-ef84-40d5-b0f6-8289627e0be0,https://indiacode.gov.in/server/api/core/bitstreams/c6d04d5f-ef84-40d5-b0f6-8289627e0be0/content,,rrs_for_jr_admin_posts10-9-2021.pdf.txt,45257,,,2026-08-19 21:12:18.663915,IGNORED_NON_PDF
718aeeb4-094d-4e0b-9e46-f47110381df9,221eb46a-77a4-4649-bf84-a7e1e812de4d,221eb46a-77a4-4649-bf84-a7e1e812de4d,221eb46a-77a4-4649-bf84-a7e1e812de4d,ff377633-07db-467b-b669-bdd8b865438b,694968a4-ce18-4654-9197-7c35dfc304c9,"Prasar Bharati (Broadcasting Corporation of India) Junior Administrative Posts Recruitment Regulations, 2021",pdf,29,Ministry of Information and Broadcasting,,UNKNOWN,CENTRAL,,,https://indiacode.gov.in/server/api/core/bitstreams/694968a4-ce18-4654-9197-7c35dfc304c9,https://indiacode.gov.in/server/api/core/bitstreams/694968a4-ce18-4654-9197-7c35dfc304c9/content,,rrs_for_jr_admin_posts10-9-2021.pdf.jpg,10067,,,2026-08-19 21:12:18.663915,IGNORED_NON_PDF
4308dc33-1d02-4818-bbed-b5be7068d8e9,221ed7fa-12c1-496f-82f1-f19229de83c5,221ed7fa-12c1-496f-82f1-f19229de83c5,221ed7fa-12c1-496f-82f1-f19229de83c5,af74fbef-b229-49a2-b327-b6ad7f8ff661,94ff29b8-aa56-47a3-ac5f-a93d68418465,"Amendments to earlier GST rate notifications, after 52'nd GST Council Meeting dt. 07.10.2023",pdf,166,Govt of Maharashtra,858,Finance Department,STATE,,,https://indiacode.gov.in/server/api/core/bitstreams/94ff29b8-aa56-47a3-ac5f-a93d68418465,https://indiacode.gov.in/server/api/core/bitstreams/94ff29b8-aa56-47a3-ac5f-a93d68418465/content,D:/india_code_data/raw/india_code\pdf\central\unknown\221ed7fa-12c1-496f-82f1-f19229de83c5\94ff29b8-aa56-47a3-ac5f-a93d68418465\original.pdf,15_of_2023-_state_tax_(rate).pdf,287504,2,0f54b2753a9ca0b03433e916069bb36e195001220fcfb4b358ca8569b4e106ef,2026-08-19 21:12:32.251714,VALIDATED
6bf34700-56b6-4e3a-a017-66901072a7d1,221ed7fa-12c1-496f-82f1-f19229de83c5,221ed7fa-12c1-496f-82f1-f19229de83c5,221ed7fa-12c1-496f-82f1-f19229de83c5,7884a189-1cc7-4a17-a09e-962f3bbc4fcc,7cbfaa75-d976-4983-9e7a-ef2d88bbd1c9,"Amendments to earlier GST rate notifications, after 52'nd GST Council Meeting dt. 07.10.2023",pdf,166,Govt of Maharashtra,858,Finance Department,STATE,,,https://indiacode.gov.in/server/api/core/bitstreams/7cbfaa75-d976-4983-9e7a-ef2d88bbd1c9,https://indiacode.gov.in/server/api/core/bitstreams/7cbfaa75-d976-4983-9e7a-ef2d88bbd1c9/content,,15_of_2023-_state_tax_(rate).pdf.txt,2741,,,2026-08-19 21:12:32.251714,IGNORED_NON_PDF
d268a5dc-6425-4248-b214-f53780b4b6d7,221ed7fa-12c1-496f-82f1-f19229de83c5,221ed7fa-12c1-496f-82f1-f19229de83c5,221ed7fa-12c1-496f-82f1-f19229de83c5,1f6eb387-b8a2-4869-842b-4a88b569506a,a26c52b5-8b6e-44d3-85ac-115e626aa612,"Amendments to earlier GST rate notifications, after 52'nd GST Council Meeting dt. 07.10.2023",pdf,166,Govt of Maharashtra,858,Finance Department,STATE,,,https://indiacode.gov.in/server/api/core/bitstreams/a26c52b5-8b6e-44d3-85ac-115e626aa612,https://indiacode.gov.in/server/api/core/bitstreams/a26c52b5-8b6e-44d3-85ac-115e626aa612/content,,15_of_2023-_state_tax_(rate).pdf.jpg,8455,,,2026-08-19 21:12:32.251714,IGNORED_NON_PDF
62b348c5-8fd0-4c1f-bc26-03b08b5663f1,221f2462-074b-40d1-937a-ce2da99927ba,221f2462-074b-40d1-937a-ce2da99927ba,221f2462-074b-40d1-937a-ce2da99927ba,13aa1866-49c0-4da3-923d-0357628095c5,ae1b3282-4233-4ffd-bb43-27082120e3d7,One time settlement scheme 20.11.2019,pdf,67,NO MINISTRY,111,ANIMAL HUSBANDRY & DAIRYING DEPARTMENT,STATE,,,https://indiacode.gov.in/server/api/core/bitstreams/ae1b3282-4233-4ffd-bb43-27082120e3d7,https://indiacode.gov.in/server/api/core/bitstreams/ae1b3282-4233-4ffd-bb43-27082120e3d7/content,D:/india_code_data/raw/india_code\pdf\central\unknown\221f2462-074b-40d1-937a-ce2da99927ba\ae1b3282-4233-4ffd-bb43-27082120e3d7\original.pdf,gazette_195-2019_ext_9188_removed_(1).pdf,81095,1,61f30a1fd632082b2a45d682ea056907b64242bfd6f44c3c36fb8e6d335aa0d9,2026-08-19 21:12:48.159916,VALIDATED
1139a9e5-5732-4ad3-84a1-17b016c88ae2,221f2462-074b-40d1-937a-ce2da99927ba,221f2462-074b-40d1-937a-ce2da99927ba,221f2462-074b-40d1-937a-ce2da99927ba,13aa1866-49c0-4da3-923d-0357628095c5,cf62a080-00cb-4805-bee1-ddba47f9c443,One time settlement scheme 20.11.2019,pdf,67,NO MINISTRY,111,ANIMAL HUSBANDRY & DAIRYING DEPARTMENT,STATE,,,https://indiacode.gov.in/server/api/core/bitstreams/cf62a080-00cb-4805-bee1-ddba47f9c443,https://indiacode.gov.in/server/api/core/bitstreams/cf62a080-00cb-4805-bee1-ddba47f9c443/content,D:/india_code_data/raw/india_code\pdf\central\unknown\221f2462-074b-40d1-937a-ce2da99927ba\cf62a080-00cb-4805-bee1-ddba47f9c443\original.pdf,gazette_195-2019_ext_9188_removed.pdf,156598,1,11842c7c29a048b304ef35640aaa5a78ca35f66a5835316ac0989b1e38afb127,2026-08-19 21:12:48.159916,VALIDATED
92c50748-f2cd-49a6-ba0e-3e93aa0e50c3,221f2462-074b-40d1-937a-ce2da99927ba,221f2462-074b-40d1-937a-ce2da99927ba,221f2462-074b-40d1-937a-ce2da99927ba,af501c4f-6202-46b4-b668-e2764cc5afe4,f42dd50c-213e-44aa-8ceb-d01e67e80a52,One time settlement scheme 20.11.2019,pdf,67,NO MINISTRY,111,ANIMAL HUSBANDRY & DAIRYING DEPARTMENT,STATE,,,https://indiacode.gov.in/server/api/core/bitstreams/f42dd50c-213e-44aa-8ceb-d01e67e80a52,https://indiacode.gov.in/server/api/core/bitstreams/f42dd50c-213e-44aa-8ceb-d01e67e80a52/content,,gazette_195-2019_ext_9188_removed_(1).pdf.txt,1611,,,2026-08-19 21:12:48.159916,IGNORED_NON_PDF
82c6ef85-cb44-42a0-87d3-458ad5606ae1,221f2462-074b-40d1-937a-ce2da99927ba,221f2462-074b-40d1-937a-ce2da99927ba,221f2462-074b-40d1-937a-ce2da99927ba,af501c4f-6202-46b4-b668-e2764cc5afe4,95a53f96-84c8-403e-ac20-0de2164baacc,One time settlement scheme 20.11.2019,pdf,67,NO MINISTRY,111,ANIMAL HUSBANDRY & DAIRYING DEPARTMENT,STATE,,,https://indiacode.gov.in/server/api/core/bitstreams/95a53f96-84c8-403e-ac20-0de2164baacc,https://indiacode.gov.in/server/api/core/bitstreams/95a53f96-84c8-403e-ac20-0de2164baacc/content,,gazette_195-2019_ext_9188_removed.pdf.txt,1636,,,2026-08-19 21:12:48.159916,IGNORED_NON_PDF
139e86d2-0a22-4b43-be79-ecb333525d8b,221f2462-074b-40d1-937a-ce2da99927ba,221f2462-074b-40d1-937a-ce2da99927ba,221f2462-074b-40d1-937a-ce2da99927ba,7e3256ba-3a28-4e65-8698-f730f4012c0d,39db0953-5248-4a28-982a-5e1e0b72d42a,One time settlement scheme 20.11.2019,pdf,67,NO MINISTRY,111,ANIMAL HUSBANDRY & DAIRYING DEPARTMENT,STATE,,,https://indiacode.gov.in/server/api/core/bitstreams/39db0953-5248-4a28-982a-5e1e0b72d42a,https://indiacode.gov.in/server/api/core/bitstreams/39db0953-5248-4a28-982a-5e1e0b72d42a/content,,gazette_195-2019_ext_9188_removed_(1).pdf.jpg,6053,,,2026-08-19 21:12:48.159916,IGNORED_NON_PDF
2cec0bad-ce2b-47e8-ae22-ba5e488ec81e,221f2462-074b-40d1-937a-ce2da99927ba,221f2462-074b-40d1-937a-ce2da99927ba,221f2462-074b-40d1-937a-ce2da99927ba,7e3256ba-3a28-4e65-8698-f730f4012c0d,f54c7461-e2c6-4661-a665-79069d4baa4c,One time settlement scheme 20.11.2019,pdf,67,NO MINISTRY,111,ANIMAL HUSBANDRY & DAIRYING DEPARTMENT,STATE,,,https://indiacode.gov.in/server/api/core/bitstreams/f54c7461-e2c6-4661-a665-79069d4baa4c,https://indiacode.gov.in/server/api/core/bitstreams/f54c7461-e2c6-4661-a665-79069d4baa4c/content,,gazette_195-2019_ext_9188_removed.pdf.jpg,7529,,,2026-08-19 21:12:48.159916,IGNORED_NON_PDF
3ae673f0-4b0a-4f43-8626-a97801ec9e36,221f5e0c-a627-450d-a658-b430ad7b74a1,221f5e0c-a627-450d-a658-b430ad7b74a1,221f5e0c-a627-450d-a658-b430ad7b74a1,623dc4cd-02f9-43b6-b11c-1a9e63c048c7,172b2912-b3f8-4d8d-8183-79bebc12b158,"Karnataka Gram Swaraj and Panchayat Raj (Motion of No Confidence against the President and Vice-President of Taluk Panchayat) (Amendment) Rules, 2021.",pdf,71,NO MINISTRY,597,Rural Development and Panchayat Raj Department,STATE,,,https://indiacode.gov.in/server/api/core/bitstreams/172b2912-b3f8-4d8d-8183-79bebc12b158,https://indiacode.gov.in/server/api/core/bitstreams/172b2912-b3f8-4d8d-8183-79bebc12b158/content,D:/india_code_data/raw/india_code\pdf\central\unknown\221f5e0c-a627-450d-a658-b430ad7b74a1\172b2912-b3f8-4d8d-8183-79bebc12b158\original.pdf,rdpr_ತಾಲ್ಲೂಕು_ಪಂಚಾಯಿತಿಯ_ಅಧ್ಯಕ್ಷರ_ಉಪಾಧ್ಯಕ್ಷರ_ವಿರುದ್ದ_ಅವಿಶ್ವಾಸ_ಮಂಡನೆ_ನಿಯಮ_2021.pdf,1052570,2,849304096c074932f87e7eff64e1a68b611529e368443829b064cdbd074b7022,2026-08-19 21:13:13.078125,VALIDATED
0d86324d-408d-45b6-ae90-da8638d02701,221f5e0c-a627-450d-a658-b430ad7b74a1,221f5e0c-a627-450d-a658-b430ad7b74a1,221f5e0c-a627-450d-a658-b430ad7b74a1,9c488ade-7e7e-4958-b812-40f20a7f3fa2,88793443-3bbd-400d-aed3-decfdd74eb6e,"Karnataka Gram Swaraj and Panchayat Raj (Motion of No Confidence against the President and Vice-President of Taluk Panchayat) (Amendment) Rules, 2021.",pdf,71,NO MINISTRY,597,Rural Development and Panchayat Raj Department,STATE,,,https://indiacode.gov.in/server/api/core/bitstreams/88793443-3bbd-400d-aed3-decfdd74eb6e,https://indiacode.gov.in/server/api/core/bitstreams/88793443-3bbd-400d-aed3-decfdd74eb6e/content,,rdpr_ತಾಲ್ಲೂಕು_ಪಂಚಾಯಿತಿಯ_ಅಧ್ಯಕ್ಷರ_ಉಪಾಧ್ಯಕ್ಷರ_ವಿರುದ್ದ_ಅವಿಶ್ವಾಸ_ಮಂಡನೆ_ನಿಯಮ_2021.pdf.txt,5342,,,2026-08-19 21:13:13.078125,IGNORED_NON_PDF
72fbc8ac-1492-4556-abdd-c0b39eadffcc,221f5e0c-a627-450d-a658-b430ad7b74a1,221f5e0c-a627-450d-a658-b430ad7b74a1,221f5e0c-a627-450d-a658-b430ad7b74a1,d7a53440-2a68-4b40-9490-9d979b220bb1,5f270d3c-a162-4faa-8362-3a3e4421c374,"Karnataka Gram Swaraj and Panchayat Raj (Motion of No Confidence against the President and Vice-President of Taluk Panchayat) (Amendment) Rules, 2021.",pdf,71,NO MINISTRY,597,Rural Development and Panchayat Raj Department,STATE,,,https://indiacode.gov.in/server/api/core/bitstreams/5f270d3c-a162-4faa-8362-3a3e4421c374,https://indiacode.gov.in/server/api/core/bitstreams/5f270d3c-a162-4faa-8362-3a3e4421c374/content,,rdpr_ತಾಲ್ಲೂಕು_ಪಂಚಾಯಿತಿಯ_ಅಧ್ಯಕ್ಷರ_ಉಪಾಧ್ಯಕ್ಷರ_ವಿರುದ್ದ_ಅವಿಶ್ವಾಸ_ಮಂಡನೆ_ನಿಯಮ_2021.pdf.jpg,8598,,,2026-08-19 21:13:13.078125,IGNORED_NON_PDF
5a912d4a-4268-4acb-8899-06131ece1ba6,2221d3ef-ebd3-43f7-8845-15d1755dec97,2221d3ef-ebd3-43f7-8845-15d1755dec97,2221d3ef-ebd3-43f7-8845-15d1755dec97,fa75132f-b3d2-4e6a-baf7-a58463c624c2,086c0c10-b450-447d-833d-f289d9a557b0,"S.O. 239, dated the 13th October 2017",pdf,59,NO MINISTRY,737,COMMERCIAL TAXES DEPARTMENT,STATE,,,https://indiacode.gov.in/server/api/core/bitstreams/086c0c10-b450-447d-833d-f289d9a557b0,https://indiacode.gov.in/server/api/core/bitstreams/086c0c10-b450-447d-833d-f289d9a557b0/content,D:/india_code_data/raw/india_code\pdf\central\unknown\2221d3ef-ebd3-43f7-8845-15d1755dec97\086c0c10-b450-447d-833d-f289d9a557b0\original.pdf,975_13.10.17_date_of_itc_01_extended_by_31_oct..pdf,151320,2,377017b40d085be54b9c4077697a1fbd3c95f14b4ba2a9620d2bb61ff144dab1,2026-08-19 21:13:26.827586,VALIDATED
4ab47ae7-5d66-4cad-9c05-a71a93ec161d,2221d3ef-ebd3-43f7-8845-15d1755dec97,2221d3ef-ebd3-43f7-8845-15d1755dec97,2221d3ef-ebd3-43f7-8845-15d1755dec97,f018880e-4c6d-48b8-a532-2e30d23cb51f,ca5de33a-79f3-44e1-ba72-4efbedc559da,"S.O. 239, dated the 13th October 2017",pdf,59,NO MINISTRY,737,COMMERCIAL TAXES DEPARTMENT,STATE,,,https://indiacode.gov.in/server/api/core/bitstreams/ca5de33a-79f3-44e1-ba72-4efbedc559da,https://indiacode.gov.in/server/api/core/bitstreams/ca5de33a-79f3-44e1-ba72-4efbedc559da/content,,975_13.10.17_date_of_itc_01_extended_by_31_oct..pdf.txt,5722,,,2026-08-19 21:13:26.827586,IGNORED_NON_PDF
16fb6de6-768f-4113-905b-612956616b2f,2221d3ef-ebd3-43f7-8845-15d1755dec97,2221d3ef-ebd3-43f7-8845-15d1755dec97,2221d3ef-ebd3-43f7-8845-15d1755dec97,8bff9150-991a-490e-8b8d-9b69a264c061,303d7dee-37e1-4aa4-becf-45a3a73e4a22,"S.O. 239, dated the 13th October 2017",pdf,59,NO MINISTRY,737,COMMERCIAL TAXES DEPARTMENT,STATE,,,https://indiacode.gov.in/server/api/core/bitstreams/303d7dee-37e1-4aa4-becf-45a3a73e4a22,https://indiacode.gov.in/server/api/core/bitstreams/303d7dee-37e1-4aa4-becf-45a3a73e4a22/content,,975_13.10.17_date_of_itc_01_extended_by_31_oct..pdf.jpg,9024,,,2026-08-19 21:13:26.827586,IGNORED_NON_PDF
af82d3e9-8d75-40c6-b73b-109bff750700,222275ed-3d55-4e49-a98d-834d36523fc2,222275ed-3d55-4e49-a98d-834d36523fc2,222275ed-3d55-4e49-a98d-834d36523fc2,ed6c7ad9-91a1-4cd5-87d0-668f13a48ade,637c8a3b-7ebc-41b7-b338-40e6e1ef3608,Chhattisgarh Krishi evam Khadya Prasanshkaran Udyog Niti 2012 ke antargart Mandi Shulk Me Chhut Niyam 2014,pdf,61,State Government,1230,DEPARTMENT OF AGRICULTURE DEVELOPMENT AND FARMER WELFARE AND BIO-TECHNOLOGY,STATE,,,https://indiacode.gov.in/server/api/core/bitstreams/637c8a3b-7ebc-41b7-b338-40e6e1ef3608,https://indiacode.gov.in/server/api/core/bitstreams/637c8a3b-7ebc-41b7-b338-40e6e1ef3608/content,D:/india_code_data/raw/india_code\pdf\central\unknown\222275ed-3d55-4e49-a98d-834d36523fc2\637c8a3b-7ebc-41b7-b338-40e6e1ef3608\original.pdf,"chhattisgarh_krishi_evam_khadya_prasanshkaran_udyog_niti_2012_ke_antargart_mandi_shulk_me_chhut_niyam_2014,_27_june_2014.pdf",9609499,26,3fab5ad3df6f1f833cedafe16542bdcfc66117acb6a2507cb21faff27820b182,2026-08-19 21:13:44.635066,VALIDATED
ef2cc85c-b2fa-4afa-82ef-cb77e0f89be3,222275ed-3d55-4e49-a98d-834d36523fc2,222275ed-3d55-4e49-a98d-834d36523fc2,222275ed-3d55-4e49-a98d-834d36523fc2,221a5d2a-cfd4-4834-acd8-b4afb124091f,5d8d6510-efad-414c-80f7-33a055a00ffd,Chhattisgarh Krishi evam Khadya Prasanshkaran Udyog Niti 2012 ke antargart Mandi Shulk Me Chhut Niyam 2014,pdf,61,State Government,1230,DEPARTMENT OF AGRICULTURE DEVELOPMENT AND FARMER WELFARE AND BIO-TECHNOLOGY,STATE,,,https://indiacode.gov.in/server/api/core/bitstreams/5d8d6510-efad-414c-80f7-33a055a00ffd,https://indiacode.gov.in/server/api/core/bitstreams/5d8d6510-efad-414c-80f7-33a055a00ffd/content,,"chhattisgarh_krishi_evam_khadya_prasanshkaran_udyog_niti_2012_ke_antargart_mandi_shulk_me_chhut_niyam_2014,_27_june_2014.pdf.txt",16434,,,2026-08-19 21:13:44.635066,IGNORED_NON_PDF
4c7831a0-ea1a-4a37-b1f0-21457472ae79,222275ed-3d55-4e49-a98d-834d36523fc2,222275ed-3d55-4e49-a98d-834d36523fc2,222275ed-3d55-4e49-a98d-834d36523fc2,55bf92a1-24c1-490e-90eb-e04c22b28f10,31290262-29f5-46a2-a168-f0bffdf81c5c,Chhattisgarh Krishi evam Khadya Prasanshkaran Udyog Niti 2012 ke antargart Mandi Shulk Me Chhut Niyam 2014,pdf,61,State Government,1230,DEPARTMENT OF AGRICULTURE DEVELOPMENT AND FARMER WELFARE AND BIO-TECHNOLOGY,STATE,,,https://indiacode.gov.in/server/api/core/bitstreams/31290262-29f5-46a2-a168-f0bffdf81c5c,https://indiacode.gov.in/server/api/core/bitstreams/31290262-29f5-46a2-a168-f0bffdf81c5c/content,,"chhattisgarh_krishi_evam_khadya_prasanshkaran_udyog_niti_2012_ke_antargart_mandi_shulk_me_chhut_niyam_2014,_27_june_2014.pdf.jpg",9950,,,2026-08-19 21:13:44.635066,IGNORED_NON_PDF
8556d725-99a9-4072-a222-d4d320d226a8,2225ee3a-d3d4-493a-8179-095ba30e1c2f,2225ee3a-d3d4-493a-8179-095ba30e1c2f,2225ee3a-d3d4-493a-8179-095ba30e1c2f,3fd98c29-1198-4b98-b7c5-5d3a74a1b788,48ed5489-205c-44ba-a9a6-b135e8f3dbdf,statutory notification,pdf,83,NO MINISTRY,1125,Local Self Government,STATE,,,https://indiacode.gov.in/server/api/core/bitstreams/48ed5489-205c-44ba-a9a6-b135e8f3dbdf,https://indiacode.gov.in/server/api/core/bitstreams/48ed5489-205c-44ba-a9a6-b135e8f3dbdf/content,,notification_177.pdf,603136,,,2026-08-19 21:14:02.251947,FAILED
63cab9bc-b0b4-41a9-962b-75392208d2ae,2225ee3a-d3d4-493a-8179-095ba30e1c2f,2225ee3a-d3d4-493a-8179-095ba30e1c2f,2225ee3a-d3d4-493a-8179-095ba30e1c2f,06b5afc7-5aed-4c80-9eb4-f0d32f9cd80c,602c1119-028d-45a5-ba2f-f3b475d2889f,statutory notification,pdf,83,NO MINISTRY,1125,Local Self Government,STATE,,,https://indiacode.gov.in/server/api/core/bitstreams/602c1119-028d-45a5-ba2f-f3b475d2889f,https://indiacode.gov.in/server/api/core/bitstreams/602c1119-028d-45a5-ba2f-f3b475d2889f/content,,notification_177.pdf.txt,103776,,,2026-08-19 21:14:02.251947,IGNORED_NON_PDF
0bd43cc2-72f8-4eeb-bd4e-8ef7f1debfee,2225ee3a-d3d4-493a-8179-095ba30e1c2f,2225ee3a-d3d4-493a-8179-095ba30e1c2f,2225ee3a-d3d4-493a-8179-095ba30e1c2f,28bb8a46-3ccc-44f3-a3cf-a71a98a6e6cc,a19b8d9a-1f98-4b25-877b-f2330f03e1b7,statutory notification,pdf,83,NO MINISTRY,1125,Local Self Government,STATE,,,https://indiacode.gov.in/server/api/core/bitstreams/a19b8d9a-1f98-4b25-877b-f2330f03e1b7,https://indiacode.gov.in/server/api/core/bitstreams/a19b8d9a-1f98-4b25-877b-f2330f03e1b7/content,,notification_177.pdf.jpg,10381,,,2026-08-19 21:14:02.251947,IGNORED_NON_PDF
3938641d-a3d5-4e81-9d8f-2acc53a34fc9,2013b93d-2d33-4091-8790-b4bb1535910f,2013b93d-2d33-4091-8790-b4bb1535910f,2013b93d-2d33-4091-8790-b4bb1535910f,fa0dd179-48e1-478c-b351-78d8afbdc2a7,1a242555-d4f0-4da0-a68d-2ae865f502eb,"Appellate Tribunal for Energy Conservation (Procedure , Form, Fee and Record of Proceeding ) Rules, 2012",pdf,19,Ministry of Power,,UNKNOWN,CENTRAL,,,https://indiacode.gov.in/server/api/core/bitstreams/1a242555-d4f0-4da0-a68d-2ae865f502eb,https://indiacode.gov.in/server/api/core/bitstreams/1a242555-d4f0-4da0-a68d-2ae865f502eb/content,D:/india_code_data/raw/india_code\pdf\central\unknown\2013b93d-2d33-4091-8790-b4bb1535910f\1a242555-d4f0-4da0-a68d-2ae865f502eb\original.pdf,13. GSR 510E.pdf,15164533,73,bc657f12715f1fd27238088445c294c9d6509002e1c99deaeeef9bb6e55d5cdb,2026-08-19 21:14:42.011564,VALIDATED
bbfbdb8e-73e9-421e-9c72-45f6c2f8b2a3,2013b93d-2d33-4091-8790-b4bb1535910f,2013b93d-2d33-4091-8790-b4bb1535910f,2013b93d-2d33-4091-8790-b4bb1535910f,df4ad7b0-0660-4bdd-9892-814da4a52777,11732816-7176-4603-9844-5cfdab022add,"Appellate Tribunal for Energy Conservation (Procedure , Form, Fee and Record of Proceeding ) Rules, 2012",pdf,19,Ministry of Power,,UNKNOWN,CENTRAL,,,https://indiacode.gov.in/server/api/core/bitstreams/11732816-7176-4603-9844-5cfdab022add,https://indiacode.gov.in/server/api/core/bitstreams/11732816-7176-4603-9844-5cfdab022add/content,,13. GSR 510E.pdf.txt,137888,,,2026-08-19 21:14:42.011564,IGNORED_NON_PDF
e3a7a4bf-d0da-4a16-b0cb-a5897c3848ce,2013b93d-2d33-4091-8790-b4bb1535910f,2013b93d-2d33-4091-8790-b4bb1535910f,2013b93d-2d33-4091-8790-b4bb1535910f,9ee8ecaa-9ef2-4432-973c-ce7ee2c04baf,9c7e42b9-7c09-48fa-a2e2-7eda79593bd5,"Appellate Tribunal for Energy Conservation (Procedure , Form, Fee and Record of Proceeding ) Rules, 2012",pdf,19,Ministry of Power,,UNKNOWN,CENTRAL,,,https://indiacode.gov.in/server/api/core/bitstreams/9c7e42b9-7c09-48fa-a2e2-7eda79593bd5,https://indiacode.gov.in/server/api/core/bitstreams/9c7e42b9-7c09-48fa-a2e2-7eda79593bd5/content,,13. GSR 510E.pdf.jpg,12076,,,2026-08-19 21:14:42.011564,IGNORED_NON_PDF
34b5bb7a-e13c-44da-87c4-b3076e0d06f9,20155853-1c84-4d5d-a086-319fe269e4a2,20155853-1c84-4d5d-a086-319fe269e4a2,20155853-1c84-4d5d-a086-319fe269e4a2,03431e69-9b71-449c-923a-f386c1cc83ef,19f2eaaf-8466-4da8-8e10-78740d011330,"S.O. No.(E) 2632 Final Notification declaring Eco Sensitive Zone around Krishna Wildlife Sanctuary, Andhra Pradesh",pdf,16,"Ministry of Environment, Forest and Climate Change",,UNKNOWN,CENTRAL,,,https://indiacode.gov.in/server/api/core/bitstreams/19f2eaaf-8466-4da8-8e10-78740d011330,https://indiacode.gov.in/server/api/core/bitstreams/19f2eaaf-8466-4da8-8e10-78740d011330/content,,7_2632.pdf,2296869,,,2026-08-19 21:15:14.718839,FAILED
fc3cc1a3-283b-4c6f-b388-964f40d0212f,20155853-1c84-4d5d-a086-319fe269e4a2,20155853-1c84-4d5d-a086-319fe269e4a2,20155853-1c84-4d5d-a086-319fe269e4a2,139748ae-1ab1-4bb1-894c-e1726b893234,1ca126c9-d1e4-46dd-940a-fa36b9e6f821,"S.O. No.(E) 2632 Final Notification declaring Eco Sensitive Zone around Krishna Wildlife Sanctuary, Andhra Pradesh",pdf,16,"Ministry of Environment, Forest and Climate Change",,UNKNOWN,CENTRAL,,,https://indiacode.gov.in/server/api/core/bitstreams/1ca126c9-d1e4-46dd-940a-fa36b9e6f821,https://indiacode.gov.in/server/api/core/bitstreams/1ca126c9-d1e4-46dd-940a-fa36b9e6f821/content,,7_2632.pdf.txt,143648,,,2026-08-19 21:15:14.718839,IGNORED_NON_PDF
77aa26d2-390a-4035-aa8d-e2289750340b,20155853-1c84-4d5d-a086-319fe269e4a2,20155853-1c84-4d5d-a086-319fe269e4a2,20155853-1c84-4d5d-a086-319fe269e4a2,176ca9a8-a2da-4c3f-8f69-5727860da57e,dc1e13d0-5ff2-4537-b60e-5772968e9b06,"S.O. No.(E) 2632 Final Notification declaring Eco Sensitive Zone around Krishna Wildlife Sanctuary, Andhra Pradesh",pdf,16,"Ministry of Environment, Forest and Climate Change",,UNKNOWN,CENTRAL,,,https://indiacode.gov.in/server/api/core/bitstreams/dc1e13d0-5ff2-4537-b60e-5772968e9b06,https://indiacode.gov.in/server/api/core/bitstreams/dc1e13d0-5ff2-4537-b60e-5772968e9b06/content,,7_2632.pdf.jpg,9099,,,2026-08-19 21:15:14.718839,IGNORED_NON_PDF
0023ec0d-b17e-4c51-934c-e1d283d96ce3,201597fc-0081-4aaf-abd7-101fe7dbee77,201597fc-0081-4aaf-abd7-101fe7dbee77,201597fc-0081-4aaf-abd7-101fe7dbee77,7a6a1255-7890-4e3f-abf2-013d776b2249,7ecb2f31-2c19-49ae-a9a9-25c34dfad15d,NOTIFICATION 613 dt 20-03-1965,pdf,88,NO MINISTRY,477,Labour,STATE,,,https://indiacode.gov.in/server/api/core/bitstreams/7ecb2f31-2c19-49ae-a9a9-25c34dfad15d,https://indiacode.gov.in/server/api/core/bitstreams/7ecb2f31-2c19-49ae-a9a9-25c34dfad15d/content,D:/india_code_data/raw/india_code\pdf\central\unknown\201597fc-0081-4aaf-abd7-101fe7dbee77\7ecb2f31-2c19-49ae-a9a9-25c34dfad15d\original.pdf,41-613_dt_20-03-1965.pdf,1026371,1,31d0f4aafdc156cd1f645aa53af7c8c7842fa34f304e21e32c4f31301b1e40f1,2026-08-19 21:15:53.655127,VALIDATED
22dd7454-f7f6-4edb-b97a-7cb7c42db69e,201597fc-0081-4aaf-abd7-101fe7dbee77,201597fc-0081-4aaf-abd7-101fe7dbee77,201597fc-0081-4aaf-abd7-101fe7dbee77,7a6a1255-7890-4e3f-abf2-013d776b2249,20e61651-e775-43bb-a8d0-42b7fa993f17,NOTIFICATION 613 dt 20-03-1965,pdf,88,NO MINISTRY,477,Labour,STATE,,,https://indiacode.gov.in/server/api/core/bitstreams/20e61651-e775-43bb-a8d0-42b7fa993f17,https://indiacode.gov.in/server/api/core/bitstreams/20e61651-e775-43bb-a8d0-42b7fa993f17/content,D:/india_code_data/raw/india_code\pdf\central\unknown\201597fc-0081-4aaf-abd7-101fe7dbee77\20e61651-e775-43bb-a8d0-42b7fa993f17\original.pdf,hindi_notification_march1965.pdf,306410,1,7a19d42052178535006fd4c19765a9f2a4dc2d025afd2eae27301ad557656c57,2026-08-19 21:15:53.655127,VALIDATED
e68d1836-694a-4897-bd72-5ba450cb6af2,201597fc-0081-4aaf-abd7-101fe7dbee77,201597fc-0081-4aaf-abd7-101fe7dbee77,201597fc-0081-4aaf-abd7-101fe7dbee77,3f7e5c12-5c0b-4c78-86c2-04ee20e45eba,a931a951-6649-4974-8a22-43deb1cb12e1,NOTIFICATION 613 dt 20-03-1965,pdf,88,NO MINISTRY,477,Labour,STATE,,,https://indiacode.gov.in/server/api/core/bitstreams/a931a951-6649-4974-8a22-43deb1cb12e1,https://indiacode.gov.in/server/api/core/bitstreams/a931a951-6649-4974-8a22-43deb1cb12e1/content,,41-613_dt_20-03-1965.pdf.txt,1210,,,2026-08-19 21:15:53.655127,IGNORED_NON_PDF
4da8e6bd-1a11-414f-9795-fb40c0553180,201597fc-0081-4aaf-abd7-101fe7dbee77,201597fc-0081-4aaf-abd7-101fe7dbee77,201597fc-0081-4aaf-abd7-101fe7dbee77,3f7e5c12-5c0b-4c78-86c2-04ee20e45eba,89c1f85c-7140-45e6-a1c3-af2d64aea3ae,NOTIFICATION 613 dt 20-03-1965,pdf,88,NO MINISTRY,477,Labour,STATE,,,https://indiacode.gov.in/server/api/core/bitstreams/89c1f85c-7140-45e6-a1c3-af2d64aea3ae,https://indiacode.gov.in/server/api/core/bitstreams/89c1f85c-7140-45e6-a1c3-af2d64aea3ae/content,,hindi_notification_march1965.pdf.txt,3067,,,2026-08-19 21:15:53.655127,IGNORED_NON_PDF
29153472-8039-4a89-8db2-1b29d9cb65b8,201597fc-0081-4aaf-abd7-101fe7dbee77,201597fc-0081-4aaf-abd7-101fe7dbee77,201597fc-0081-4aaf-abd7-101fe7dbee77,c00f0a21-e477-4d03-bcdd-73eadb0bfafe,4b8efc14-d91e-4ac8-b85b-27d439dcd187,NOTIFICATION 613 dt 20-03-1965,pdf,88,NO MINISTRY,477,Labour,STATE,,,https://indiacode.gov.in/server/api/core/bitstreams/4b8efc14-d91e-4ac8-b85b-27d439dcd187,https://indiacode.gov.in/server/api/core/bitstreams/4b8efc14-d91e-4ac8-b85b-27d439dcd187/content,,41-613_dt_20-03-1965.pdf.jpg,15373,,,2026-08-19 21:15:53.655127,IGNORED_NON_PDF
3accc412-a325-4742-bf80-e18d9b5e0690,201597fc-0081-4aaf-abd7-101fe7dbee77,201597fc-0081-4aaf-abd7-101fe7dbee77,201597fc-0081-4aaf-abd7-101fe7dbee77,c00f0a21-e477-4d03-bcdd-73eadb0bfafe,e0964801-bb9f-4881-b57e-7409e2f06a47,NOTIFICATION 613 dt 20-03-1965,pdf,88,NO MINISTRY,477,Labour,STATE,,,https://indiacode.gov.in/server/api/core/bitstreams/e0964801-bb9f-4881-b57e-7409e2f06a47,https://indiacode.gov.in/server/api/core/bitstreams/e0964801-bb9f-4881-b57e-7409e2f06a47/content,,hindi_notification_march1965.pdf.jpg,7834,,,2026-08-19 21:15:53.655127,IGNORED_NON_PDF
52ebecd9-aac3-45f5-9d9a-c7f44ed8c6cf,2015e0ec-f008-424f-a546-a569fc3d8d98,2015e0ec-f008-424f-a546-a569fc3d8d98,2015e0ec-f008-424f-a546-a569fc3d8d98,9b085608-f9d8-417e-9b25-99f6b4b075c1,022d0f32-6f34-47e2-b643-e9884e944997,"Printing of One Rupee Currency Notes Rules, 2020 GSR 95E dated 7.2.2020",pdf,2,Ministry of Finance,11,Department of Economic Affairs,CENTRAL,,,https://indiacode.gov.in/server/api/core/bitstreams/022d0f32-6f34-47e2-b643-e9884e944997,https://indiacode.gov.in/server/api/core/bitstreams/022d0f32-6f34-47e2-b643-e9884e944997/content,D:/india_code_data/raw/india_code\pdf\central\unknown\2015e0ec-f008-424f-a546-a569fc3d8d98\022d0f32-6f34-47e2-b643-e9884e944997\original.pdf,gsr95e.pdf,1209746,4,abcc6685ebd0451885cc9003a074c4e9c8aea7e379583697a6f32a49bad761ed,2026-08-19 21:16:21.189648,VALIDATED
751de502-14cb-4204-914b-dfc2c73c4ccb,2015e0ec-f008-424f-a546-a569fc3d8d98,2015e0ec-f008-424f-a546-a569fc3d8d98,2015e0ec-f008-424f-a546-a569fc3d8d98,024211aa-3dba-403d-a5da-f7069d6a4802,b3bca308-b6a4-4789-b4e8-610c2136e644,"Printing of One Rupee Currency Notes Rules, 2020 GSR 95E dated 7.2.2020",pdf,2,Ministry of Finance,11,Department of Economic Affairs,CENTRAL,,,https://indiacode.gov.in/server/api/core/bitstreams/b3bca308-b6a4-4789-b4e8-610c2136e644,https://indiacode.gov.in/server/api/core/bitstreams/b3bca308-b6a4-4789-b4e8-610c2136e644/content,,gsr95e.pdf.txt,11294,,,2026-08-19 21:16:21.189648,IGNORED_NON_PDF
fdb8ba51-1f36-4627-abba-9e84b469e8cc,2015e0ec-f008-424f-a546-a569fc3d8d98,2015e0ec-f008-424f-a546-a569fc3d8d98,2015e0ec-f008-424f-a546-a569fc3d8d98,ac121e04-847c-4653-b851-4ab3f0b8c055,514f231d-02a0-4be6-99e3-75a0d14460c2,"Printing of One Rupee Currency Notes Rules, 2020 GSR 95E dated 7.2.2020",pdf,2,Ministry of Finance,11,Department of Economic Affairs,CENTRAL,,,https://indiacode.gov.in/server/api/core/bitstreams/514f231d-02a0-4be6-99e3-75a0d14460c2,https://indiacode.gov.in/server/api/core/bitstreams/514f231d-02a0-4be6-99e3-75a0d14460c2/content,,gsr95e.pdf.jpg,9123,,,2026-08-19 21:16:21.189648,IGNORED_NON_PDF
4fb9f922-b42d-4341-8add-17227d27361c,20178ed4-809e-47eb-8679-c3275e29c48b,20178ed4-809e-47eb-8679-c3275e29c48b,20178ed4-809e-47eb-8679-c3275e29c48b,88dd53cd-9ce3-4e15-9020-6101aed55514,cd583a63-166f-4c25-ba20-835eafe52cc1,Notification No. 40/2019 – Central Tax dated 31.08.2019,pdf,2,Ministry of Finance,2,Department of Revenue,CENTRAL,,,https://indiacode.gov.in/server/api/core/bitstreams/cd583a63-166f-4c25-ba20-835eafe52cc1,https://indiacode.gov.in/server/api/core/bitstreams/cd583a63-166f-4c25-ba20-835eafe52cc1/content,D:/india_code_data/raw/india_code\pdf\central\unknown\20178ed4-809e-47eb-8679-c3275e29c48b\cd583a63-166f-4c25-ba20-835eafe52cc1\original.pdf,notfctn-40-central-tax-english-2019.pdf,120883,2,99e884b2beabd05de1f7f6b0851232fcda8191f5dad965f22b2dc59117ed8df4,2026-08-19 21:16:37.546369,VALIDATED
0ec65f1f-8e17-479a-8e8e-d9b3248f7bfc,20178ed4-809e-47eb-8679-c3275e29c48b,20178ed4-809e-47eb-8679-c3275e29c48b,20178ed4-809e-47eb-8679-c3275e29c48b,a8861ae8-799b-494e-8ed8-e72078093850,562bbdff-e2ae-4335-b937-4ea17040a55a,Notification No. 40/2019 – Central Tax dated 31.08.2019,pdf,2,Ministry of Finance,2,Department of Revenue,CENTRAL,,,https://indiacode.gov.in/server/api/core/bitstreams/562bbdff-e2ae-4335-b937-4ea17040a55a,https://indiacode.gov.in/server/api/core/bitstreams/562bbdff-e2ae-4335-b937-4ea17040a55a/content,,notfctn-40-central-tax-english-2019.pdf.txt,3518,,,2026-08-19 21:16:37.546369,IGNORED_NON_PDF
0b3fffe5-8d23-4074-b6d1-15b6a439c6cd,20178ed4-809e-47eb-8679-c3275e29c48b,20178ed4-809e-47eb-8679-c3275e29c48b,20178ed4-809e-47eb-8679-c3275e29c48b,094ad940-e793-4ab2-b8cb-0e702bbeac9d,6e5dac83-d6d3-49f6-9af0-10df392ad2cb,Notification No. 40/2019 – Central Tax dated 31.08.2019,pdf,2,Ministry of Finance,2,Department of Revenue,CENTRAL,,,https://indiacode.gov.in/server/api/core/bitstreams/6e5dac83-d6d3-49f6-9af0-10df392ad2cb,https://indiacode.gov.in/server/api/core/bitstreams/6e5dac83-d6d3-49f6-9af0-10df392ad2cb/content,,notfctn-40-central-tax-english-2019.pdf.jpg,9250,,,2026-08-19 21:16:37.546369,IGNORED_NON_PDF
303e50cf-fa11-49da-9ccd-0931a06266c4,201cf408-56f4-417b-b261-cde15afd2316,201cf408-56f4-417b-b261-cde15afd2316,201cf408-56f4-417b-b261-cde15afd2316,cb3e57da-b6f9-41ac-b5bf-d361500758e2,a40f7857-ae3a-430a-8d58-f6a713e79f35,Gazette Notification for State appropriate authority for organ transplantation,pdf,74,NO MINISTRY,299,Medical Education Department,STATE,,,https://indiacode.gov.in/server/api/core/bitstreams/a40f7857-ae3a-430a-8d58-f6a713e79f35,https://indiacode.gov.in/server/api/core/bitstreams/a40f7857-ae3a-430a-8d58-f6a713e79f35/content,D:/india_code_data/raw/india_code\pdf\central\unknown\201cf408-56f4-417b-b261-cde15afd2316\a40f7857-ae3a-430a-8d58-f6a713e79f35\original.pdf,gazette_notification_for_state_appropriate_authority_for_organ_transplantation.pdf,145586,1,7dd078e8b34878f3b31f4fe73c93a2e876ba4bc7f61be48916cbc9b79c56bdd2,2026-08-19 21:17:13.792056,VALIDATED
8efa546d-e086-4269-92fa-2b33dafebab0,201cf408-56f4-417b-b261-cde15afd2316,201cf408-56f4-417b-b261-cde15afd2316,201cf408-56f4-417b-b261-cde15afd2316,17819965-f4b0-46b1-9273-2b0b63642cd2,4f11dc3f-bbfb-458c-938d-db31c665c912,Gazette Notification for State appropriate authority for organ transplantation,pdf,74,NO MINISTRY,299,Medical Education Department,STATE,,,https://indiacode.gov.in/server/api/core/bitstreams/4f11dc3f-bbfb-458c-938d-db31c665c912,https://indiacode.gov.in/server/api/core/bitstreams/4f11dc3f-bbfb-458c-938d-db31c665c912/content,,gazette_notification_for_state_appropriate_authority_for_organ_transplantation.pdf.txt,1593,,,2026-08-19 21:17:13.792056,IGNORED_NON_PDF
27ae0e5d-e8ef-468a-a5ed-8797246e54d7,201cf408-56f4-417b-b261-cde15afd2316,201cf408-56f4-417b-b261-cde15afd2316,201cf408-56f4-417b-b261-cde15afd2316,8c15b965-d60f-4508-9290-401400057eb0,4affffe5-d45c-43bd-9571-63f1b06e2b23,Gazette Notification for State appropriate authority for organ transplantation,pdf,74,NO MINISTRY,299,Medical Education Department,STATE,,,https://indiacode.gov.in/server/api/core/bitstreams/4affffe5-d45c-43bd-9571-63f1b06e2b23,https://indiacode.gov.in/server/api/core/bitstreams/4affffe5-d45c-43bd-9571-63f1b06e2b23/content,,gazette_notification_for_state_appropriate_authority_for_organ_transplantation.pdf.jpg,8881,,,2026-08-19 21:17:13.792056,IGNORED_NON_PDF
6ceb7d39-9716-4504-9171-d5781eca12b8,201cf4b4-b062-4fd1-bd36-303dbc424172,201cf4b4-b062-4fd1-bd36-303dbc424172,201cf4b4-b062-4fd1-bd36-303dbc424172,457f8a6c-b2a2-4838-9ff5-c31fca02596d,8cbaa1f4-2a7a-45de-97b9-450c6d8b1f82,"Extension of the East Punjab War Awards (Amendment) Act, 2006 to Chandigarh Dt. 29.09.2008",pdf,5,Ministry of Home Affairs,5,Department of States,CENTRAL,,,https://indiacode.gov.in/server/api/core/bitstreams/8cbaa1f4-2a7a-45de-97b9-450c6d8b1f82,https://indiacode.gov.in/server/api/core/bitstreams/8cbaa1f4-2a7a-45de-97b9-450c6d8b1f82/content,D:/india_code_data/raw/india_code\pdf\central\unknown\201cf4b4-b062-4fd1-bd36-303dbc424172\8cbaa1f4-2a7a-45de-97b9-450c6d8b1f82\original.pdf,"Extension of the East Punjab War Awards (Amendment) Act, 2006 to Chandigarh Dt. 29.09.2008.pdf",227925,1,2ca73a45995f13f271b93a3a54460594277bb31884c95424c3557718c46bb578,2026-08-19 21:17:27.399929,VALIDATED
1df7f5fe-4d2b-4b83-a1d5-0815227ab7b5,201cf4b4-b062-4fd1-bd36-303dbc424172,201cf4b4-b062-4fd1-bd36-303dbc424172,201cf4b4-b062-4fd1-bd36-303dbc424172,557cbebb-1d49-424b-9ad2-1cab7e39b5aa,4fb952b8-22f7-469a-8ee3-67f72d505628,"Extension of the East Punjab War Awards (Amendment) Act, 2006 to Chandigarh Dt. 29.09.2008",pdf,5,Ministry of Home Affairs,5,Department of States,CENTRAL,,,https://indiacode.gov.in/server/api/core/bitstreams/4fb952b8-22f7-469a-8ee3-67f72d505628,https://indiacode.gov.in/server/api/core/bitstreams/4fb952b8-22f7-469a-8ee3-67f72d505628/content,,"Extension of the East Punjab War Awards (Amendment) Act, 2006 to Chandigarh Dt. 29.09.2008.pdf.txt",2038,,,2026-08-19 21:17:27.399929,IGNORED_NON_PDF
5825adbf-2a06-4a1d-b12e-900d14fc8fa8,201cf4b4-b062-4fd1-bd36-303dbc424172,201cf4b4-b062-4fd1-bd36-303dbc424172,201cf4b4-b062-4fd1-bd36-303dbc424172,0bc0ad99-e875-4340-a105-6b636db096c3,fea40d98-9658-4388-b27b-223ed78983e9,"Extension of the East Punjab War Awards (Amendment) Act, 2006 to Chandigarh Dt. 29.09.2008",pdf,5,Ministry of Home Affairs,5,Department of States,CENTRAL,,,https://indiacode.gov.in/server/api/core/bitstreams/fea40d98-9658-4388-b27b-223ed78983e9,https://indiacode.gov.in/server/api/core/bitstreams/fea40d98-9658-4388-b27b-223ed78983e9/content,,"Extension of the East Punjab War Awards (Amendment) Act, 2006 to Chandigarh Dt. 29.09.2008.pdf.jpg",11406,,,2026-08-19 21:17:27.399929,IGNORED_NON_PDF
58d4292c-9312-4788-86a7-262693182178,201d427f-1855-4aac-9520-8c4bbbaf15c7,201d427f-1855-4aac-9520-8c4bbbaf15c7,201d427f-1855-4aac-9520-8c4bbbaf15c7,27727a83-c431-4fdb-9a19-1c000fc6f4a6,ec94a98e-5662-43ba-9634-f6e23b7389fb,Amendment 2017,pdf,83,NO MINISTRY,1119,Home Department,STATE,,,https://indiacode.gov.in/server/api/core/bitstreams/ec94a98e-5662-43ba-9634-f6e23b7389fb,https://indiacode.gov.in/server/api/core/bitstreams/ec94a98e-5662-43ba-9634-f6e23b7389fb/content,D:/india_code_data/raw/india_code\pdf\central\unknown\201d427f-1855-4aac-9520-8c4bbbaf15c7\ec94a98e-5662-43ba-9634-f6e23b7389fb\original.pdf,crpc_2019.pdf,1206067,5,3f4c0574689460e2edb9a97628d0e9ef0bc3973557fd9bcc6d6074f0cbc5680c,2026-08-19 21:17:40.937174,VALIDATED
05d51fe8-86e0-4637-bf5f-c10b9ace6175,201d427f-1855-4aac-9520-8c4bbbaf15c7,201d427f-1855-4aac-9520-8c4bbbaf15c7,201d427f-1855-4aac-9520-8c4bbbaf15c7,a4c03bfb-f9d6-4141-a345-1bdacb696e4f,8c0f16a1-6d9c-4d01-b819-e8528f052722,Amendment 2017,pdf,83,NO MINISTRY,1119,Home Department,STATE,,,https://indiacode.gov.in/server/api/core/bitstreams/8c0f16a1-6d9c-4d01-b819-e8528f052722,https://indiacode.gov.in/server/api/core/bitstreams/8c0f16a1-6d9c-4d01-b819-e8528f052722/content,,crpc_2019.pdf.txt,7045,,,2026-08-19 21:17:40.937174,IGNORED_NON_PDF
9724efb1-5c4b-40db-95b3-74f62b14028b,201d427f-1855-4aac-9520-8c4bbbaf15c7,201d427f-1855-4aac-9520-8c4bbbaf15c7,201d427f-1855-4aac-9520-8c4bbbaf15c7,5e04ee23-e695-46e8-ac00-a4c91b877cf9,1e49e017-d210-46a6-ac3c-4da5d81a0bcf,Amendment 2017,pdf,83,NO MINISTRY,1119,Home Department,STATE,,,https://indiacode.gov.in/server/api/core/bitstreams/1e49e017-d210-46a6-ac3c-4da5d81a0bcf,https://indiacode.gov.in/server/api/core/bitstreams/1e49e017-d210-46a6-ac3c-4da5d81a0bcf/content,,crpc_2019.pdf.jpg,7081,,,2026-08-19 21:17:40.937174,IGNORED_NON_PDF
12276cf7-a8f4-40e0-b36b-c0e20762b6af,201e585e-2c05-4e1f-bf14-9c971321394a,201e585e-2c05-4e1f-bf14-9c971321394a,201e585e-2c05-4e1f-bf14-9c971321394a,d58141f5-edea-40b5-affa-697cae033de0,cdefa194-e41f-4743-a601-3cf3e19bd9cd,"CHHATTISGARH Lok Seva (ST, SC and OBC vargon ke liye Arakshan) Rules, 1998",pdf,61,State Government,1082,DEPARTMENT OF GENERAL ADMINISTRATION,STATE,,,https://indiacode.gov.in/server/api/core/bitstreams/cdefa194-e41f-4743-a601-3cf3e19bd9cd,https://indiacode.gov.in/server/api/core/bitstreams/cdefa194-e41f-4743-a601-3cf3e19bd9cd/content,D:/india_code_data/raw/india_code\pdf\central\unknown\201e585e-2c05-4e1f-bf14-9c971321394a\cdefa194-e41f-4743-a601-3cf3e19bd9cd\original.pdf,"chhattisgarh_lok_seva_(st,_sc_and_obc_vargon_ke_liye_arakshan)_rules,_1998_date_23.04.1998.pdf",543393,25,5a7fe7be5dd46819a6fb7a58725581e16c7478eaad250bbb9e46a1a1b3696cfd,2026-08-19 21:17:54.685086,VALIDATED
7752f85a-fcfd-4918-9a9e-a1cdd6605094,201e585e-2c05-4e1f-bf14-9c971321394a,201e585e-2c05-4e1f-bf14-9c971321394a,201e585e-2c05-4e1f-bf14-9c971321394a,0f3494df-4d08-4e85-96ea-73ce730325cc,86440041-d34b-4dc6-b7c6-a98f8aa92098,"CHHATTISGARH Lok Seva (ST, SC and OBC vargon ke liye Arakshan) Rules, 1998",pdf,61,State Government,1082,DEPARTMENT OF GENERAL ADMINISTRATION,STATE,,,https://indiacode.gov.in/server/api/core/bitstreams/86440041-d34b-4dc6-b7c6-a98f8aa92098,https://indiacode.gov.in/server/api/core/bitstreams/86440041-d34b-4dc6-b7c6-a98f8aa92098/content,,"chhattisgarh_lok_seva_(st,_sc_and_obc_vargon_ke_liye_arakshan)_rules,_1998_date_23.04.1998.pdf.txt",43088,,,2026-08-19 21:17:54.685086,IGNORED_NON_PDF
1400c743-db6e-4c0c-bde1-034459917c22,201e585e-2c05-4e1f-bf14-9c971321394a,201e585e-2c05-4e1f-bf14-9c971321394a,201e585e-2c05-4e1f-bf14-9c971321394a,f1f33c36-2e5b-4ec6-b5de-b1c019df230e,fa46e8ce-7363-4fe5-99c8-8cc899f416ee,"CHHATTISGARH Lok Seva (ST, SC and OBC vargon ke liye Arakshan) Rules, 1998",pdf,61,State Government,1082,DEPARTMENT OF GENERAL ADMINISTRATION,STATE,,,https://indiacode.gov.in/server/api/core/bitstreams/fa46e8ce-7363-4fe5-99c8-8cc899f416ee,https://indiacode.gov.in/server/api/core/bitstreams/fa46e8ce-7363-4fe5-99c8-8cc899f416ee/content,,"chhattisgarh_lok_seva_(st,_sc_and_obc_vargon_ke_liye_arakshan)_rules,_1998_date_23.04.1998.pdf.jpg",10444,,,2026-08-19 21:17:54.685086,IGNORED_NON_PDF
b6d9d73b-3b9c-4024-89c1-e1aeb91c6912,201ec7d2-9c5c-4105-bb23-8209cd555fa1,201ec7d2-9c5c-4105-bb23-8209cd555fa1,201ec7d2-9c5c-4105-bb23-8209cd555fa1,8f6e04bb-5148-40f0-ba9e-74377e1c9839,f36e656e-c315-4fb9-ba32-756fc142f497,"The Indian Evidence Act (1872) Amendment Act, 1887, 3 of 1887 (Rep., Act 1 of 1938)",pdf,,UNKNOWN,,UNKNOWN,CENTRAL,,,https://indiacode.gov.in/server/api/core/bitstreams/f36e656e-c315-4fb9-ba32-756fc142f497,https://indiacode.gov.in/server/api/core/bitstreams/f36e656e-c315-4fb9-ba32-756fc142f497/content,D:/india_code_data/raw/india_code\pdf\central\unknown\201ec7d2-9c5c-4105-bb23-8209cd555fa1\f36e656e-c315-4fb9-ba32-756fc142f497\original.pdf,A1887-3.pdf,104927,1,f47ac984d4f2f46023e965b36577e889899f3a001126a93c5c943bfe7f596ec8,2026-08-19 21:18:09.105304,VALIDATED
ad42ed76-2b47-4955-8de1-2e9e532e1e2e,201ec7d2-9c5c-4105-bb23-8209cd555fa1,201ec7d2-9c5c-4105-bb23-8209cd555fa1,201ec7d2-9c5c-4105-bb23-8209cd555fa1,8dbb2077-b407-453c-8a16-a68231002805,d745deea-6842-4097-bcc3-b1a9bfe5a702,"The Indian Evidence Act (1872) Amendment Act, 1887, 3 of 1887 (Rep., Act 1 of 1938)",pdf,,UNKNOWN,,UNKNOWN,CENTRAL,,,https://indiacode.gov.in/server/api/core/bitstreams/d745deea-6842-4097-bcc3-b1a9bfe5a702,https://indiacode.gov.in/server/api/core/bitstreams/d745deea-6842-4097-bcc3-b1a9bfe5a702/content,,A1887-3.pdf.txt,1073,,,2026-08-19 21:18:09.105304,IGNORED_NON_PDF
7c94bffb-d752-4da7-a2ac-a43fda7a640e,201ec7d2-9c5c-4105-bb23-8209cd555fa1,201ec7d2-9c5c-4105-bb23-8209cd555fa1,201ec7d2-9c5c-4105-bb23-8209cd555fa1,b19bc6d4-5fab-4993-9e23-1ca0d236c80c,1a4eff07-7dbf-48e3-a4de-03bfc53fd2d8,"The Indian Evidence Act (1872) Amendment Act, 1887, 3 of 1887 (Rep., Act 1 of 1938)",pdf,,UNKNOWN,,UNKNOWN,CENTRAL,,,https://indiacode.gov.in/server/api/core/bitstreams/1a4eff07-7dbf-48e3-a4de-03bfc53fd2d8,https://indiacode.gov.in/server/api/core/bitstreams/1a4eff07-7dbf-48e3-a4de-03bfc53fd2d8/content,,A1887-3.pdf.jpg,7432,,,2026-08-19 21:18:09.105304,IGNORED_NON_PDF
67e7748e-bf45-45b2-90f9-43b74dd80f3a,20211c36-21bb-473a-975a-159de2345644,20211c36-21bb-473a-975a-159de2345644,20211c36-21bb-473a-975a-159de2345644,128798f7-cb9b-4df2-8183-5bbd7aca859e,c7abda78-ef2c-4b45-86f0-09309bba3641,"The Export-Import Bank Of India (Amendment) Act, 1998, 1 of 1999, (Rep., Act 19 of 2015)",pdf,,UNKNOWN,,UNKNOWN,CENTRAL,,,https://indiacode.gov.in/server/api/core/bitstreams/c7abda78-ef2c-4b45-86f0-09309bba3641,https://indiacode.gov.in/server/api/core/bitstreams/c7abda78-ef2c-4b45-86f0-09309bba3641/content,D:/india_code_data/raw/india_code\pdf\central\unknown\20211c36-21bb-473a-975a-159de2345644\c7abda78-ef2c-4b45-86f0-09309bba3641\original.pdf,A1999-1.pdf,19942,1,cd8402a9ee1ef6f5f4182c93d3ace70884b82b7ee900993fc78a2d9eb3f1e3bf,2026-08-19 21:18:40.172398,VALIDATED
dac16494-3d08-4702-8a71-1a34854e604e,20211c36-21bb-473a-975a-159de2345644,20211c36-21bb-473a-975a-159de2345644,20211c36-21bb-473a-975a-159de2345644,9c775308-3466-4f3b-87f5-19f560c0d2aa,fb15e888-ec17-4283-9d65-b1dde2da2d72,"The Export-Import Bank Of India (Amendment) Act, 1998, 1 of 1999, (Rep., Act 19 of 2015)",pdf,,UNKNOWN,,UNKNOWN,CENTRAL,,,https://indiacode.gov.in/server/api/core/bitstreams/fb15e888-ec17-4283-9d65-b1dde2da2d72,https://indiacode.gov.in/server/api/core/bitstreams/fb15e888-ec17-4283-9d65-b1dde2da2d72/content,,A1999-1.pdf.txt,2,,,2026-08-19 21:18:40.172398,IGNORED_NON_PDF
7488bb5d-0168-4cad-ac53-8da92ed4c04d,20211c36-21bb-473a-975a-159de2345644,20211c36-21bb-473a-975a-159de2345644,20211c36-21bb-473a-975a-159de2345644,671e4721-884e-4b55-b84e-2ce9c9faa96b,720d8c34-32a8-4d23-9e43-73e6108f8a7f,"The Export-Import Bank Of India (Amendment) Act, 1998, 1 of 1999, (Rep., Act 19 of 2015)",pdf,,UNKNOWN,,UNKNOWN,CENTRAL,,,https://indiacode.gov.in/server/api/core/bitstreams/720d8c34-32a8-4d23-9e43-73e6108f8a7f,https://indiacode.gov.in/server/api/core/bitstreams/720d8c34-32a8-4d23-9e43-73e6108f8a7f/content,,A1999-1.pdf.jpg,5965,,,2026-08-19 21:18:40.172398,IGNORED_NON_PDF
d5013f7e-0d93-4ea0-a702-c189c24dfcb0,20b73dfd-7f1a-47c9-b11b-d0ea8f828df2,20b73dfd-7f1a-47c9-b11b-d0ea8f828df2,20b73dfd-7f1a-47c9-b11b-d0ea8f828df2,c1c8c686-ec0a-4385-91d3-c696e5a45a41,cdb1c9f7-6870-480e-b011-028dfdca0e31,Mahua seed Grading and Marking Rules 1982,pdf,23,Ministry of Agriculture and Farmers Welfare,31,"Department of Agriculture, Cooperation and Farmers Welfare",CENTRAL,,,https://indiacode.gov.in/server/api/core/bitstreams/cdb1c9f7-6870-480e-b011-028dfdca0e31,https://indiacode.gov.in/server/api/core/bitstreams/cdb1c9f7-6870-480e-b011-028dfdca0e31/content,D:/india_code_data/raw/india_code\pdf\central\unknown\20b73dfd-7f1a-47c9-b11b-d0ea8f828df2\cdb1c9f7-6870-480e-b011-028dfdca0e31\original.pdf,mahua_seed_grading_and_marking_rules_1982.pdf,1273302,3,9215e40ddf23b2445246b3bb8e2d04210e5b7f06038882f81b0e7d92c63ca643,2026-08-19 21:19:21.934138,VALIDATED
9d9e816c-2b09-4fae-8269-a1abf9c2db63,20b73dfd-7f1a-47c9-b11b-d0ea8f828df2,20b73dfd-7f1a-47c9-b11b-d0ea8f828df2,20b73dfd-7f1a-47c9-b11b-d0ea8f828df2,dfa02c6b-dcb8-4f12-b084-018aeb663c37,1f4d3824-7185-4bd9-a790-c31199414adf,Mahua seed Grading and Marking Rules 1982,pdf,23,Ministry of Agriculture and Farmers Welfare,31,"Department of Agriculture, Cooperation and Farmers Welfare",CENTRAL,,,https://indiacode.gov.in/server/api/core/bitstreams/1f4d3824-7185-4bd9-a790-c31199414adf,https://indiacode.gov.in/server/api/core/bitstreams/1f4d3824-7185-4bd9-a790-c31199414adf/content,,mahua_seed_grading_and_marking_rules_1982.pdf.txt,4961,,,2026-08-19 21:19:21.934138,IGNORED_NON_PDF
d5484598-d7ee-44fa-b67a-31443eb4a890,20b73dfd-7f1a-47c9-b11b-d0ea8f828df2,20b73dfd-7f1a-47c9-b11b-d0ea8f828df2,20b73dfd-7f1a-47c9-b11b-d0ea8f828df2,dc72c7d9-00d1-45f8-b36e-e42348975e02,636e5169-ab2d-4106-a946-40695f3a658f,Mahua seed Grading and Marking Rules 1982,pdf,23,Ministry of Agriculture and Farmers Welfare,31,"Department of Agriculture, Cooperation and Farmers Welfare",CENTRAL,,,https://indiacode.gov.in/server/api/core/bitstreams/636e5169-ab2d-4106-a946-40695f3a658f,https://indiacode.gov.in/server/api/core/bitstreams/636e5169-ab2d-4106-a946-40695f3a658f/content,,mahua_seed_grading_and_marking_rules_1982.pdf.jpg,10746,,,2026-08-19 21:19:21.934138,IGNORED_NON_PDF
de2c889e-8988-4b3b-bd01-57b6a206a0d3,20b7ecb1-f194-465a-918f-e81916f8a054,20b7ecb1-f194-465a-918f-e81916f8a054,20b7ecb1-f194-465a-918f-e81916f8a054,1a03cec0-198f-48a2-a6d0-4d3e878bc468,b6bb481c-87c4-43d1-8f53-d3124f617357,"Notification under the Maharashtra Value Added Tax Act, 2002 Section 8(3B)",pdf,166,Govt of Maharashtra,858,Finance Department,STATE,,,https://indiacode.gov.in/server/api/core/bitstreams/b6bb481c-87c4-43d1-8f53-d3124f617357,https://indiacode.gov.in/server/api/core/bitstreams/b6bb481c-87c4-43d1-8f53-d3124f617357/content,D:/india_code_data/raw/india_code\pdf\central\unknown\20b7ecb1-f194-465a-918f-e81916f8a054\b6bb481c-87c4-43d1-8f53-d3124f617357\original.pdf,dt.30.06.2017_97(9)notification_under_mvat_section_8(3b).pdf,315643,2,cb2917ef46f57834502b3892784bc9e7bd89be38bb3a79d9c28300ba7db67fa5,2026-08-19 21:19:38.362672,VALIDATED
888e0205-435f-42a4-be5e-764b5bb071ea,20b7ecb1-f194-465a-918f-e81916f8a054,20b7ecb1-f194-465a-918f-e81916f8a054,20b7ecb1-f194-465a-918f-e81916f8a054,7854647c-a4d1-461e-9e3c-ed5c4d0004d7,16eb7561-c84b-45eb-987d-7359b24b1a32,"Notification under the Maharashtra Value Added Tax Act, 2002 Section 8(3B)",pdf,166,Govt of Maharashtra,858,Finance Department,STATE,,,https://indiacode.gov.in/server/api/core/bitstreams/16eb7561-c84b-45eb-987d-7359b24b1a32,https://indiacode.gov.in/server/api/core/bitstreams/16eb7561-c84b-45eb-987d-7359b24b1a32/content,,dt.30.06.2017_97(9)notification_under_mvat_section_8(3b).pdf.txt,1537,,,2026-08-19 21:19:38.362672,IGNORED_NON_PDF
a23781cb-228d-4af8-90d6-fbdbd9d189b5,20b7ecb1-f194-465a-918f-e81916f8a054,20b7ecb1-f194-465a-918f-e81916f8a054,20b7ecb1-f194-465a-918f-e81916f8a054,86b8d09e-78a7-42f7-8b35-9baf210245c7,48306ce3-e147-47b0-b682-3642644ee8b5,"Notification under the Maharashtra Value Added Tax Act, 2002 Section 8(3B)",pdf,166,Govt of Maharashtra,858,Finance Department,STATE,,,https://indiacode.gov.in/server/api/core/bitstreams/48306ce3-e147-47b0-b682-3642644ee8b5,https://indiacode.gov.in/server/api/core/bitstreams/48306ce3-e147-47b0-b682-3642644ee8b5/content,,dt.30.06.2017_97(9)notification_under_mvat_section_8(3b).pdf.jpg,5244,,,2026-08-19 21:19:38.362672,IGNORED_NON_PDF
0eb9de60-4f71-4b01-99c8-e032d16d7496,20b860d2-1191-4174-9f2d-5a04779c6f64,20b860d2-1191-4174-9f2d-5a04779c6f64,20b860d2-1191-4174-9f2d-5a04779c6f64,ef75d6f7-cb67-4f8b-ab66-f2d21d6a8c1e,7957ff84-d085-448c-bcc5-e7eae9ca30fd,"The Kalyani University ( Second Amendment ) Act, 1985",pdf,90,NO MINISTRY,1409,Law Department,STATE,,,https://indiacode.gov.in/server/api/core/bitstreams/7957ff84-d085-448c-bcc5-e7eae9ca30fd,https://indiacode.gov.in/server/api/core/bitstreams/7957ff84-d085-448c-bcc5-e7eae9ca30fd/content,D:/india_code_data/raw/india_code\pdf\central\unknown\20b860d2-1191-4174-9f2d-5a04779c6f64\7957ff84-d085-448c-bcc5-e7eae9ca30fd\original.pdf,23.pdf,11473,1,036f08a434a2752717f08279aa035678beb051e727f6942c337c32abc39207dc,2026-08-19 21:19:52.338169,VALIDATED
cc811485-ba8d-4f9a-b3c4-54eb11c45747,20b860d2-1191-4174-9f2d-5a04779c6f64,20b860d2-1191-4174-9f2d-5a04779c6f64,20b860d2-1191-4174-9f2d-5a04779c6f64,fcaa9350-8e73-409a-8daf-d1f9b9fd5309,cad879d5-0b6a-4163-b0d8-1a6e5f34ca55,"The Kalyani University ( Second Amendment ) Act, 1985",pdf,90,NO MINISTRY,1409,Law Department,STATE,,,https://indiacode.gov.in/server/api/core/bitstreams/cad879d5-0b6a-4163-b0d8-1a6e5f34ca55,https://indiacode.gov.in/server/api/core/bitstreams/cad879d5-0b6a-4163-b0d8-1a6e5f34ca55/content,,23.pdf.txt,1814,,,2026-08-19 21:19:52.338169,IGNORED_NON_PDF
0008a119-3656-4c3d-a804-ff49c0667248,20b860d2-1191-4174-9f2d-5a04779c6f64,20b860d2-1191-4174-9f2d-5a04779c6f64,20b860d2-1191-4174-9f2d-5a04779c6f64,52b79ded-e974-40dc-be55-a7bccb1035d7,001b736a-16c7-45c3-9bc7-22f9527b1e89,"The Kalyani University ( Second Amendment ) Act, 1985",pdf,90,NO MINISTRY,1409,Law Department,STATE,,,https://indiacode.gov.in/server/api/core/bitstreams/001b736a-16c7-45c3-9bc7-22f9527b1e89,https://indiacode.gov.in/server/api/core/bitstreams/001b736a-16c7-45c3-9bc7-22f9527b1e89/content,,23.pdf.jpg,8836,,,2026-08-19 21:19:52.338169,IGNORED_NON_PDF
557d0277-d395-4eae-ba0f-85ecacc2568a,20b9c03b-662f-4df1-b6bd-766f04fb0b42,20b9c03b-662f-4df1-b6bd-766f04fb0b42,20b9c03b-662f-4df1-b6bd-766f04fb0b42,69a79339-81f2-4883-bce9-ddc2b88839be,225a6cda-473a-4306-a151-b07721b15205,"The Aligarh Muslim University (Amendment) Act, 1935, 6 of 1935 (Rep., Act 1 of 1938)",pdf,,UNKNOWN,,UNKNOWN,CENTRAL,,,https://indiacode.gov.in/server/api/core/bitstreams/225a6cda-473a-4306-a151-b07721b15205,https://indiacode.gov.in/server/api/core/bitstreams/225a6cda-473a-4306-a151-b07721b15205/content,D:/india_code_data/raw/india_code\pdf\central\unknown\20b9c03b-662f-4df1-b6bd-766f04fb0b42\225a6cda-473a-4306-a151-b07721b15205\original.pdf,A1935-6.pdf,100621,1,e9a3828f1a0ff23b9c77c52f35dc253ab101bd65f1d7bfaa9f78b9e5a815d3b1,2026-08-19 21:20:37.969653,VALIDATED
11042e4c-5476-450f-931a-4445b223e15f,20b9c03b-662f-4df1-b6bd-766f04fb0b42,20b9c03b-662f-4df1-b6bd-766f04fb0b42,20b9c03b-662f-4df1-b6bd-766f04fb0b42,eddcc81e-25e2-44a2-aed2-d266fe2e2466,10455fd0-6cc1-4009-8021-b8c4d1d2943f,"The Aligarh Muslim University (Amendment) Act, 1935, 6 of 1935 (Rep., Act 1 of 1938)",pdf,,UNKNOWN,,UNKNOWN,CENTRAL,,,https://indiacode.gov.in/server/api/core/bitstreams/10455fd0-6cc1-4009-8021-b8c4d1d2943f,https://indiacode.gov.in/server/api/core/bitstreams/10455fd0-6cc1-4009-8021-b8c4d1d2943f/content,,A1935-6.pdf.txt,877,,,2026-08-19 21:20:37.969653,IGNORED_NON_PDF
87f3564e-0269-4b95-ae7e-866ef2a3a7ff,20b9c03b-662f-4df1-b6bd-766f04fb0b42,20b9c03b-662f-4df1-b6bd-766f04fb0b42,20b9c03b-662f-4df1-b6bd-766f04fb0b42,6ae1b7ab-266a-4cd6-abc6-cf86d0f9f958,413f8a52-fed0-4305-bbdc-3a480908a52f,"The Aligarh Muslim University (Amendment) Act, 1935, 6 of 1935 (Rep., Act 1 of 1938)",pdf,,UNKNOWN,,UNKNOWN,CENTRAL,,,https://indiacode.gov.in/server/api/core/bitstreams/413f8a52-fed0-4305-bbdc-3a480908a52f,https://indiacode.gov.in/server/api/core/bitstreams/413f8a52-fed0-4305-bbdc-3a480908a52f/content,,A1935-6.pdf.jpg,8428,,,2026-08-19 21:20:37.969653,IGNORED_NON_PDF
530f4fb5-bb5a-49ac-a814-28b307087659,20ba0077-7f13-4a10-9592-3c03cc0717a9,20ba0077-7f13-4a10-9592-3c03cc0717a9,20ba0077-7f13-4a10-9592-3c03cc0717a9,93185c2f-99e3-4afd-8c4f-07777bef332e,1fa0ee9d-fd72-44bf-abb8-87748c7c5a74,"Corrigendum to erstwhile Ministry of Shipping, Road Transport and Highways (Department of Road Transport and Highways) number S.O. 1291 (E) dated 11.05.2003",pdf,30,Ministry of Road Transport and Highways,,UNKNOWN,CENTRAL,,,https://indiacode.gov.in/server/api/core/bitstreams/1fa0ee9d-fd72-44bf-abb8-87748c7c5a74,https://indiacode.gov.in/server/api/core/bitstreams/1fa0ee9d-fd72-44bf-abb8-87748c7c5a74/content,D:/india_code_data/raw/india_code\pdf\central\unknown\20ba0077-7f13-4a10-9592-3c03cc0717a9\1fa0ee9d-fd72-44bf-abb8-87748c7c5a74\original.pdf,"1354, dt. 24.05.2013.pdf",140081,5,547d7ebf116ecb33a51f25a51c6756a0c1bc3982034ade9dfeb064f0ef6de680,2026-08-19 21:20:52.787854,VALIDATED
6634615d-4d64-4609-b920-c992274e1b33,20ba0077-7f13-4a10-9592-3c03cc0717a9,20ba0077-7f13-4a10-9592-3c03cc0717a9,20ba0077-7f13-4a10-9592-3c03cc0717a9,cac4e3c1-df2d-489f-b7bc-65a42c93ac52,4ed1327e-f514-417f-8ccf-b4aefada5343,"Corrigendum to erstwhile Ministry of Shipping, Road Transport and Highways (Department of Road Transport and Highways) number S.O. 1291 (E) dated 11.05.2003",pdf,30,Ministry of Road Transport and Highways,,UNKNOWN,CENTRAL,,,https://indiacode.gov.in/server/api/core/bitstreams/4ed1327e-f514-417f-8ccf-b4aefada5343,https://indiacode.gov.in/server/api/core/bitstreams/4ed1327e-f514-417f-8ccf-b4aefada5343/content,,"1354, dt. 24.05.2013.pdf.txt",20853,,,2026-08-19 21:20:52.787854,IGNORED_NON_PDF
94ff55b7-47d0-4725-8824-5a06146326e2,20ba0077-7f13-4a10-9592-3c03cc0717a9,20ba0077-7f13-4a10-9592-3c03cc0717a9,20ba0077-7f13-4a10-9592-3c03cc0717a9,05a13b3a-0393-493d-81c8-98723f0ecf84,a145dce8-0713-47ea-b12a-ee36232c887e,"Corrigendum to erstwhile Ministry of Shipping, Road Transport and Highways (Department of Road Transport and Highways) number S.O. 1291 (E) dated 11.05.2003",pdf,30,Ministry of Road Transport and Highways,,UNKNOWN,CENTRAL,,,https://indiacode.gov.in/server/api/core/bitstreams/a145dce8-0713-47ea-b12a-ee36232c887e,https://indiacode.gov.in/server/api/core/bitstreams/a145dce8-0713-47ea-b12a-ee36232c887e/content,,"1354, dt. 24.05.2013.pdf.jpg",11200,,,2026-08-19 21:20:52.787854,IGNORED_NON_PDF
c407f4a8-8603-447a-9b62-1a9cc88f3fbf,20bb063c-1af1-41d8-981f-404d7baabeba,20bb063c-1af1-41d8-981f-404d7baabeba,20bb063c-1af1-41d8-981f-404d7baabeba,651d4369-0781-4e30-828a-3137852b2486,cc8f37ec-2f7c-48f2-99bd-4a1ed0a22291,"The Goa Compulsory Elementary Education Act, 1995",pdf,65,NO MINISTRY,1331,"Education Department, Government of Goa",STATE,,,https://indiacode.gov.in/server/api/core/bitstreams/cc8f37ec-2f7c-48f2-99bd-4a1ed0a22291,https://indiacode.gov.in/server/api/core/bitstreams/cc8f37ec-2f7c-48f2-99bd-4a1ed0a22291/content,D:/india_code_data/raw/india_code\pdf\central\unknown\20bb063c-1af1-41d8-981f-404d7baabeba\cc8f37ec-2f7c-48f2-99bd-4a1ed0a22291\original.pdf,"compulsory_elementary_education_act,_1995.pdf",104607,3,5f83f9cf5eb903b96a5d59cce0c5dfe4545adeb37de5c267042864fb48da8e45,2026-08-19 21:21:11.150934,VALIDATED
a4cf6f49-0fb3-4770-9ab6-76d7ba373827,20bb063c-1af1-41d8-981f-404d7baabeba,20bb063c-1af1-41d8-981f-404d7baabeba,20bb063c-1af1-41d8-981f-404d7baabeba,ac9c863b-5490-4e25-99e1-717763189956,d26ce460-5ba8-496b-a9b3-60eb49e77269,"The Goa Compulsory Elementary Education Act, 1995",pdf,65,NO MINISTRY,1331,"Education Department, Government of Goa",STATE,,,https://indiacode.gov.in/server/api/core/bitstreams/d26ce460-5ba8-496b-a9b3-60eb49e77269,https://indiacode.gov.in/server/api/core/bitstreams/d26ce460-5ba8-496b-a9b3-60eb49e77269/content,,"compulsory_elementary_education_act,_1995.pdf.txt",4917,,,2026-08-19 21:21:11.150934,IGNORED_NON_PDF
aba5b951-f934-4b20-abec-7a1abecf9692,20bb063c-1af1-41d8-981f-404d7baabeba,20bb063c-1af1-41d8-981f-404d7baabeba,20bb063c-1af1-41d8-981f-404d7baabeba,dbdb4ef9-9ba3-4981-8f59-7d2a6a7edba4,867fcd86-1b26-488d-aa82-617229d7dbdf,"The Goa Compulsory Elementary Education Act, 1995",pdf,65,NO MINISTRY,1331,"Education Department, Government of Goa",STATE,,,https://indiacode.gov.in/server/api/core/bitstreams/867fcd86-1b26-488d-aa82-617229d7dbdf,https://indiacode.gov.in/server/api/core/bitstreams/867fcd86-1b26-488d-aa82-617229d7dbdf/content,,"compulsory_elementary_education_act,_1995.pdf.jpg",6415,,,2026-08-19 21:21:11.150934,IGNORED_NON_PDF
80037841-65f7-4d36-b27c-c68161ea4986,20bb507a-a71d-4009-813b-c7e1ac787d7e,20bb507a-a71d-4009-813b-c7e1ac787d7e,20bb507a-a71d-4009-813b-c7e1ac787d7e,a2595500-c97c-4267-88e7-79f46084e058,bd8551e9-8a40-46cf-951b-b9efeaf6fe3a,"The Rajasthan Land Revenue (Allotment of Tank-Bed Lands for Cultivation) Rules, 1961",pdf,83,NO MINISTRY,1139,Revenue Department,STATE,,,https://indiacode.gov.in/server/api/core/bitstreams/bd8551e9-8a40-46cf-951b-b9efeaf6fe3a,https://indiacode.gov.in/server/api/core/bitstreams/bd8551e9-8a40-46cf-951b-b9efeaf6fe3a/content,D:/india_code_data/raw/india_code\pdf\central\unknown\20bb507a-a71d-4009-813b-c7e1ac787d7e\bd8551e9-8a40-46cf-951b-b9efeaf6fe3a\original.pdf,the_rajasthan_land_revenue_allotment_of_tank_bed_lands_for_cultivation_1961.pdf,122664,6,76966e695d961f9a8e5554cf1f0925f7d3c03070a049c6d001fec1e89f9afa30,2026-08-19 21:21:28.853472,VALIDATED
ac92ce03-cdfe-4c58-b003-a6f915c5fa96,20bb507a-a71d-4009-813b-c7e1ac787d7e,20bb507a-a71d-4009-813b-c7e1ac787d7e,20bb507a-a71d-4009-813b-c7e1ac787d7e,644782af-6b49-47a9-b979-370c45adf28c,066c6596-1031-406b-9483-ff912e9e2106,"The Rajasthan Land Revenue (Allotment of Tank-Bed Lands for Cultivation) Rules, 1961",pdf,83,NO MINISTRY,1139,Revenue Department,STATE,,,https://indiacode.gov.in/server/api/core/bitstreams/066c6596-1031-406b-9483-ff912e9e2106,https://indiacode.gov.in/server/api/core/bitstreams/066c6596-1031-406b-9483-ff912e9e2106/content,,the_rajasthan_land_revenue_allotment_of_tank_bed_lands_for_cultivation_1961.pdf.txt,12518,,,2026-08-19 21:21:28.853472,IGNORED_NON_PDF
5bb3aa61-c689-480d-9e92-9efda5fa3d7d,20bb507a-a71d-4009-813b-c7e1ac787d7e,20bb507a-a71d-4009-813b-c7e1ac787d7e,20bb507a-a71d-4009-813b-c7e1ac787d7e,5daf6de6-74df-4aaa-8744-bfcf619bad08,02067e9b-4617-438a-ace9-01dab50c2f93,"The Rajasthan Land Revenue (Allotment of Tank-Bed Lands for Cultivation) Rules, 1961",pdf,83,NO MINISTRY,1139,Revenue Department,STATE,,,https://indiacode.gov.in/server/api/core/bitstreams/02067e9b-4617-438a-ace9-01dab50c2f93,https://indiacode.gov.in/server/api/core/bitstreams/02067e9b-4617-438a-ace9-01dab50c2f93/content,,the_rajasthan_land_revenue_allotment_of_tank_bed_lands_for_cultivation_1961.pdf.jpg,10590,,,2026-08-19 21:21:28.853472,IGNORED_NON_PDF
f4596168-0c41-41ae-8893-6256f44fba5c,20bd1361-70b6-421b-9827-cb037da36d7f,20bd1361-70b6-421b-9827-cb037da36d7f,20bd1361-70b6-421b-9827-cb037da36d7f,0215eedc-9923-4086-81a3-5b3795ec4a82,cb3e2bc2-b996-4150-8f1a-37395b2382dc,"The Telangana Factories and Establishments (National Festival and Other Holidays) Rules, 1974",pdf,86,NO MINISTRY,759,"Labour Employment, Training and Factories",STATE,,,https://indiacode.gov.in/server/api/core/bitstreams/cb3e2bc2-b996-4150-8f1a-37395b2382dc,https://indiacode.gov.in/server/api/core/bitstreams/cb3e2bc2-b996-4150-8f1a-37395b2382dc/content,D:/india_code_data/raw/india_code\pdf\central\unknown\20bd1361-70b6-421b-9827-cb037da36d7f\cb3e2bc2-b996-4150-8f1a-37395b2382dc\original.pdf,"nfoh_rules,_1974_updated_on_20.07.2019_to.pdf",71811,3,85d7ec89da12597a7f8abcd3add0f482d7bf01820d21f6e1898fb8fb8c47e5a2,2026-08-19 21:21:42.499645,VALIDATED
76b85511-8bad-4653-a5f9-aa2dc0bea714,20bd1361-70b6-421b-9827-cb037da36d7f,20bd1361-70b6-421b-9827-cb037da36d7f,20bd1361-70b6-421b-9827-cb037da36d7f,1e7f97e8-4df4-4bb3-ae8e-bfdad47d0f97,b054fca1-fd9d-46df-a64d-82773fe356f8,"The Telangana Factories and Establishments (National Festival and Other Holidays) Rules, 1974",pdf,86,NO MINISTRY,759,"Labour Employment, Training and Factories",STATE,,,https://indiacode.gov.in/server/api/core/bitstreams/b054fca1-fd9d-46df-a64d-82773fe356f8,https://indiacode.gov.in/server/api/core/bitstreams/b054fca1-fd9d-46df-a64d-82773fe356f8/content,,"nfoh_rules,_1974_updated_on_20.07.2019_to.pdf.txt",5575,,,2026-08-19 21:21:42.499645,IGNORED_NON_PDF
5c257cf9-8d20-4108-b1be-3fdc19500fc7,20bd1361-70b6-421b-9827-cb037da36d7f,20bd1361-70b6-421b-9827-cb037da36d7f,20bd1361-70b6-421b-9827-cb037da36d7f,c36c95e4-989d-43cf-abab-40d15d1d4967,e93c5e30-6411-43ec-acea-fd4c7f42d019,"The Telangana Factories and Establishments (National Festival and Other Holidays) Rules, 1974",pdf,86,NO MINISTRY,759,"Labour Employment, Training and Factories",STATE,,,https://indiacode.gov.in/server/api/core/bitstreams/e93c5e30-6411-43ec-acea-fd4c7f42d019,https://indiacode.gov.in/server/api/core/bitstreams/e93c5e30-6411-43ec-acea-fd4c7f42d019/content,,"nfoh_rules,_1974_updated_on_20.07.2019_to.pdf.jpg",5374,,,2026-08-19 21:21:42.499645,IGNORED_NON_PDF
cfc40b55-bb8f-408f-bb3a-4d31addf2e6c,20bdecac-fbd5-45db-9559-e83b0dc48b63,20bdecac-fbd5-45db-9559-e83b0dc48b63,20bdecac-fbd5-45db-9559-e83b0dc48b63,4b7ba4cf-fc88-4d4d-9a8e-a82a39c1c09e,83fa8b2a-1e41-449b-a3b7-46724c414912,"THE PUNJAB LAND REVENUE (SPECIAL ASSESSMENT) ACT, 1955",pdf,60,NO MINISTRY,1229,Municipal Corporation,UNION_TERRITORY,,,https://indiacode.gov.in/server/api/core/bitstreams/83fa8b2a-1e41-449b-a3b7-46724c414912,https://indiacode.gov.in/server/api/core/bitstreams/83fa8b2a-1e41-449b-a3b7-46724c414912/content,D:/india_code_data/raw/india_code\pdf\central\unknown\20bdecac-fbd5-45db-9559-e83b0dc48b63\83fa8b2a-1e41-449b-a3b7-46724c414912\original.pdf,mc-punjab_land_revenue_(special_assessment)1956[1].pdf,3064363,5,0f573ba48a6396ac6964130713ae92b0d1139c0419dfd55cc624815517e97b19,2026-08-19 21:21:59.105286,VALIDATED
a6027199-8808-4265-a040-39a72494c256,20bdecac-fbd5-45db-9559-e83b0dc48b63,20bdecac-fbd5-45db-9559-e83b0dc48b63,20bdecac-fbd5-45db-9559-e83b0dc48b63,76ca9447-74ca-44f8-afbf-4c3aaabd2ee7,fee6f336-00ac-4443-883c-ba8d610d0283,"THE PUNJAB LAND REVENUE (SPECIAL ASSESSMENT) ACT, 1955",pdf,60,NO MINISTRY,1229,Municipal Corporation,UNION_TERRITORY,,,https://indiacode.gov.in/server/api/core/bitstreams/fee6f336-00ac-4443-883c-ba8d610d0283,https://indiacode.gov.in/server/api/core/bitstreams/fee6f336-00ac-4443-883c-ba8d610d0283/content,,mc-punjab_land_revenue_(special_assessment)1956[1].pdf.txt,5807,,,2026-08-19 21:21:59.105286,IGNORED_NON_PDF
bdf37a3d-c8f5-4ddc-b7d6-989926e227bc,20bdecac-fbd5-45db-9559-e83b0dc48b63,20bdecac-fbd5-45db-9559-e83b0dc48b63,20bdecac-fbd5-45db-9559-e83b0dc48b63,fbef6f46-4763-47d1-aea3-afa20605241e,909cc877-260a-43bd-ab57-72c675f6d988,"THE PUNJAB LAND REVENUE (SPECIAL ASSESSMENT) ACT, 1955",pdf,60,NO MINISTRY,1229,Municipal Corporation,UNION_TERRITORY,,,https://indiacode.gov.in/server/api/core/bitstreams/909cc877-260a-43bd-ab57-72c675f6d988,https://indiacode.gov.in/server/api/core/bitstreams/909cc877-260a-43bd-ab57-72c675f6d988/content,,mc-punjab_land_revenue_(special_assessment)1956[1].pdf.jpg,5390,,,2026-08-19 21:21:59.105286,IGNORED_NON_PDF
68c0ebc9-83a4-4912-a6d3-84824196d179,20be3d6c-8024-4fd9-9e5d-e30164fa0b6c,20be3d6c-8024-4fd9-9e5d-e30164fa0b6c,20be3d6c-8024-4fd9-9e5d-e30164fa0b6c,e619a23a-b0b5-441f-a2e6-5c6c23f0b849,546af530-a9f0-43ac-992e-9a8d7d1b41e2,"Establishment of Additional District and Sessions Court at Hingaghat, District Wardha",pdf,166,Govt of Maharashtra,855,Law and Judiciary Department,STATE,,,https://indiacode.gov.in/server/api/core/bitstreams/546af530-a9f0-43ac-992e-9a8d7d1b41e2,https://indiacode.gov.in/server/api/core/bitstreams/546af530-a9f0-43ac-992e-9a8d7d1b41e2/content,D:/india_code_data/raw/india_code\pdf\central\unknown\20be3d6c-8024-4fd9-9e5d-e30164fa0b6c\546af530-a9f0-43ac-992e-9a8d7d1b41e2\original.pdf,civil_court_14_19.pdf,149082,2,d0d40ed3cbf67e12e1d8c8fc90925e3c61476d4a41d2c17597f22a95eed344f8,2026-08-19 21:22:16.072759,VALIDATED
12b4ac66-7003-4a67-b87a-4fa5fdf3b598,20be3d6c-8024-4fd9-9e5d-e30164fa0b6c,20be3d6c-8024-4fd9-9e5d-e30164fa0b6c,20be3d6c-8024-4fd9-9e5d-e30164fa0b6c,e619a23a-b0b5-441f-a2e6-5c6c23f0b849,a9f4f53c-5d9d-426e-aa6c-c15c29439e8f,"Establishment of Additional District and Sessions Court at Hingaghat, District Wardha",pdf,166,Govt of Maharashtra,855,Law and Judiciary Department,STATE,,,https://indiacode.gov.in/server/api/core/bitstreams/a9f4f53c-5d9d-426e-aa6c-c15c29439e8f,https://indiacode.gov.in/server/api/core/bitstreams/a9f4f53c-5d9d-426e-aa6c-c15c29439e8f/content,D:/india_code_data/raw/india_code\pdf\central\unknown\20be3d6c-8024-4fd9-9e5d-e30164fa0b6c\a9f4f53c-5d9d-426e-aa6c-c15c29439e8f\original.pdf,the_maharashtra_civil_courts_act_wardha.pdf,149082,2,d0d40ed3cbf67e12e1d8c8fc90925e3c61476d4a41d2c17597f22a95eed344f8,2026-08-19 21:22:16.072759,VALIDATED
f135e86e-6434-4cc4-bfbb-4ab0d04f114b,20be3d6c-8024-4fd9-9e5d-e30164fa0b6c,20be3d6c-8024-4fd9-9e5d-e30164fa0b6c,20be3d6c-8024-4fd9-9e5d-e30164fa0b6c,7237a18b-aaf9-4643-a179-9f058f9ad8b3,d669d798-33a4-4041-a0fa-8e3e2e6a01c7,"Establishment of Additional District and Sessions Court at Hingaghat, District Wardha",pdf,166,Govt of Maharashtra,855,Law and Judiciary Department,STATE,,,https://indiacode.gov.in/server/api/core/bitstreams/d669d798-33a4-4041-a0fa-8e3e2e6a01c7,https://indiacode.gov.in/server/api/core/bitstreams/d669d798-33a4-4041-a0fa-8e3e2e6a01c7/content,,civil_court_14_19.pdf.txt,5100,,,2026-08-19 21:22:16.072759,IGNORED_NON_PDF
a333afee-5889-4944-a299-e7f94359eef6,20be3d6c-8024-4fd9-9e5d-e30164fa0b6c,20be3d6c-8024-4fd9-9e5d-e30164fa0b6c,20be3d6c-8024-4fd9-9e5d-e30164fa0b6c,7237a18b-aaf9-4643-a179-9f058f9ad8b3,cfcc4a73-4d6d-48ed-ad61-44667d1f4e19,"Establishment of Additional District and Sessions Court at Hingaghat, District Wardha",pdf,166,Govt of Maharashtra,855,Law and Judiciary Department,STATE,,,https://indiacode.gov.in/server/api/core/bitstreams/cfcc4a73-4d6d-48ed-ad61-44667d1f4e19,https://indiacode.gov.in/server/api/core/bitstreams/cfcc4a73-4d6d-48ed-ad61-44667d1f4e19/content,,the_maharashtra_civil_courts_act_wardha.pdf.txt,5100,,,2026-08-19 21:22:16.072759,IGNORED_NON_PDF
1cc44024-e3ad-42db-8220-2c5c306f842c,20be3d6c-8024-4fd9-9e5d-e30164fa0b6c,20be3d6c-8024-4fd9-9e5d-e30164fa0b6c,20be3d6c-8024-4fd9-9e5d-e30164fa0b6c,23de57a0-5e34-438e-8f40-a0127b7d5089,40ef2810-ed3c-4646-994a-a7c28849e082,"Establishment of Additional District and Sessions Court at Hingaghat, District Wardha",pdf,166,Govt of Maharashtra,855,Law and Judiciary Department,STATE,,,https://indiacode.gov.in/server/api/core/bitstreams/40ef2810-ed3c-4646-994a-a7c28849e082,https://indiacode.gov.in/server/api/core/bitstreams/40ef2810-ed3c-4646-994a-a7c28849e082/content,,civil_court_14_19.pdf.jpg,6750,,,2026-08-19 21:22:16.072759,IGNORED_NON_PDF
c9df1474-abec-40ae-84bc-b45b74be818c,20be3d6c-8024-4fd9-9e5d-e30164fa0b6c,20be3d6c-8024-4fd9-9e5d-e30164fa0b6c,20be3d6c-8024-4fd9-9e5d-e30164fa0b6c,23de57a0-5e34-438e-8f40-a0127b7d5089,10036c9c-8ee1-4f08-9a2a-567735b52207,"Establishment of Additional District and Sessions Court at Hingaghat, District Wardha",pdf,166,Govt of Maharashtra,855,Law and Judiciary Department,STATE,,,https://indiacode.gov.in/server/api/core/bitstreams/10036c9c-8ee1-4f08-9a2a-567735b52207,https://indiacode.gov.in/server/api/core/bitstreams/10036c9c-8ee1-4f08-9a2a-567735b52207/content,,the_maharashtra_civil_courts_act_wardha.pdf.jpg,6750,,,2026-08-19 21:22:16.072759,IGNORED_NON_PDF
76ea9cfd-747b-4019-b330-2eb1cc281219,20be8500-cf38-453b-8c58-898b5a19b6ae,20be8500-cf38-453b-8c58-898b5a19b6ae,20be8500-cf38-453b-8c58-898b5a19b6ae,3bc57999-a35e-4e94-aaed-4e24c682f3cc,8d99d619-c7f7-4704-9bb4-33e5a1757e6a,Notification No. 53/2018-State Tax,pdf,64,NO MINISTRY,854,Department of Trade & Taxes,UNION_TERRITORY,,,https://indiacode.gov.in/server/api/core/bitstreams/8d99d619-c7f7-4704-9bb4-33e5a1757e6a,https://indiacode.gov.in/server/api/core/bitstreams/8d99d619-c7f7-4704-9bb4-33e5a1757e6a/content,D:/india_code_data/raw/india_code\pdf\central\unknown\20be8500-cf38-453b-8c58-898b5a19b6ae\8d99d619-c7f7-4704-9bb4-33e5a1757e6a\original.pdf,63-2001450.pdf,9549202,4,16ee844144fcb0dcae9596e30cdde82b942582885605c6fab5a20a62b09579e7,2026-08-19 21:22:43.556796,VALIDATED
07be401b-9313-41f8-b04d-63366e763b6b,20be8500-cf38-453b-8c58-898b5a19b6ae,20be8500-cf38-453b-8c58-898b5a19b6ae,20be8500-cf38-453b-8c58-898b5a19b6ae,6326cc35-cf09-43c3-ac8b-d7d2e2937ee2,0f4985bd-9aab-44da-ac13-18c9d8bcd386,Notification No. 53/2018-State Tax,pdf,64,NO MINISTRY,854,Department of Trade & Taxes,UNION_TERRITORY,,,https://indiacode.gov.in/server/api/core/bitstreams/0f4985bd-9aab-44da-ac13-18c9d8bcd386,https://indiacode.gov.in/server/api/core/bitstreams/0f4985bd-9aab-44da-ac13-18c9d8bcd386/content,,63-2001450.pdf.txt,7152,,,2026-08-19 21:22:43.556796,IGNORED_NON_PDF
0cd14f5d-bba3-4006-bc3c-cf50948d4756,20be8500-cf38-453b-8c58-898b5a19b6ae,20be8500-cf38-453b-8c58-898b5a19b6ae,20be8500-cf38-453b-8c58-898b5a19b6ae,b6800fa6-264f-4329-b76d-87b8385c9fbf,8338e28e-5884-4c1e-a1ad-35b4a0603468,Notification No. 53/2018-State Tax,pdf,64,NO MINISTRY,854,Department of Trade & Taxes,UNION_TERRITORY,,,https://indiacode.gov.in/server/api/core/bitstreams/8338e28e-5884-4c1e-a1ad-35b4a0603468,https://indiacode.gov.in/server/api/core/bitstreams/8338e28e-5884-4c1e-a1ad-35b4a0603468/content,,63-2001450.pdf.jpg,12541,,,2026-08-19 21:22:43.556796,IGNORED_NON_PDF
a6daba2b-c0c2-47af-af27-4b6d3a5d6122,20bf51e4-3612-42a4-ad27-a63619a19d0f,20bf51e4-3612-42a4-ad27-a63619a19d0f,20bf51e4-3612-42a4-ad27-a63619a19d0f,e93f45cb-6247-4218-a6f9-8b27380272df,e7cd097a-9cec-4f34-8187-a952d3373909,"THE ODISHA OPIUM SMOKING ACT, 1947",pdf,80,NO MINISTRY,203,Law,STATE,,,https://indiacode.gov.in/server/api/core/bitstreams/e7cd097a-9cec-4f34-8187-a952d3373909,https://indiacode.gov.in/server/api/core/bitstreams/e7cd097a-9cec-4f34-8187-a952d3373909/content,D:/india_code_data/raw/india_code\pdf\central\unknown\20bf51e4-3612-42a4-ad27-a63619a19d0f\e7cd097a-9cec-4f34-8187-a952d3373909\original.pdf,the_orissa_opium_smoking_act_1947_(5).pdf,60557,5,909cf4db44b6b4b4d6c7bee272dc0a822586787cfec029eea34c836ba95c88c9,2026-08-19 21:23:03.070834,VALIDATED
f0621968-1ca7-473d-842c-6d7289ce1ca8,20bf51e4-3612-42a4-ad27-a63619a19d0f,20bf51e4-3612-42a4-ad27-a63619a19d0f,20bf51e4-3612-42a4-ad27-a63619a19d0f,4f476b5a-0776-4959-a40a-f9fe39977bf3,346fc565-ae47-4a36-b026-10a5e76e6ed3,"THE ODISHA OPIUM SMOKING ACT, 1947",pdf,80,NO MINISTRY,203,Law,STATE,,,https://indiacode.gov.in/server/api/core/bitstreams/346fc565-ae47-4a36-b026-10a5e76e6ed3,https://indiacode.gov.in/server/api/core/bitstreams/346fc565-ae47-4a36-b026-10a5e76e6ed3/content,,the_orissa_opium_smoking_act_1947_(5).pdf.txt,12517,,,2026-08-19 21:23:03.070834,IGNORED_NON_PDF
0b400708-adf1-4835-ae4d-44845c24b0cb,20bf51e4-3612-42a4-ad27-a63619a19d0f,20bf51e4-3612-42a4-ad27-a63619a19d0f,20bf51e4-3612-42a4-ad27-a63619a19d0f,5e194ce7-0b77-4f08-a6e8-376b61ca85ce,a4fe66a3-beb5-442d-b46e-3d00489992dc,"THE ODISHA OPIUM SMOKING ACT, 1947",pdf,80,NO MINISTRY,203,Law,STATE,,,https://indiacode.gov.in/server/api/core/bitstreams/a4fe66a3-beb5-442d-b46e-3d00489992dc,https://indiacode.gov.in/server/api/core/bitstreams/a4fe66a3-beb5-442d-b46e-3d00489992dc/content,,the_orissa_opium_smoking_act_1947_(5).pdf.jpg,11226,,,2026-08-19 21:23:03.070834,IGNORED_NON_PDF
5a03d026-eedc-438b-a46f-b2152fd4dab8,20c06159-a848-43ea-8904-02c2c37b8665,20c06159-a848-43ea-8904-02c2c37b8665,20c06159-a848-43ea-8904-02c2c37b8665,98266882-5071-4f18-8bff-997d9a47b4e5,e8ec2dce-5144-4fa3-b654-fa90f86854f4,"The Workmen?s Compensation (Amendment) Act, 1933, 15 of 1933 (Rep., Act 1 of 1938)",pdf,,UNKNOWN,,UNKNOWN,CENTRAL,,,https://indiacode.gov.in/server/api/core/bitstreams/e8ec2dce-5144-4fa3-b654-fa90f86854f4,https://indiacode.gov.in/server/api/core/bitstreams/e8ec2dce-5144-4fa3-b654-fa90f86854f4/content,D:/india_code_data/raw/india_code\pdf\central\unknown\20c06159-a848-43ea-8904-02c2c37b8665\e8ec2dce-5144-4fa3-b654-fa90f86854f4\original.pdf,A1933-15.pdf,742011,13,68608a178bf81fa50b87a0953a3e29e6bcf32371ba34f9d126057245e662a31b,2026-08-19 21:23:20.053562,VALIDATED
65502ca7-434a-4cdc-baef-8579d270f1c8,20c06159-a848-43ea-8904-02c2c37b8665,20c06159-a848-43ea-8904-02c2c37b8665,20c06159-a848-43ea-8904-02c2c37b8665,0eaf5c24-ab80-4de2-a391-fd3f217a3f97,bf153a4e-e3d4-4f1e-a804-8967926b443f,"The Workmen?s Compensation (Amendment) Act, 1933, 15 of 1933 (Rep., Act 1 of 1938)",pdf,,UNKNOWN,,UNKNOWN,CENTRAL,,,https://indiacode.gov.in/server/api/core/bitstreams/bf153a4e-e3d4-4f1e-a804-8967926b443f,https://indiacode.gov.in/server/api/core/bitstreams/bf153a4e-e3d4-4f1e-a804-8967926b443f/content,,A1933-15.pdf.txt,27355,,,2026-08-19 21:23:20.053562,IGNORED_NON_PDF
e7f7773f-3b39-41d9-9a03-e6074c6832eb,20c06159-a848-43ea-8904-02c2c37b8665,20c06159-a848-43ea-8904-02c2c37b8665,20c06159-a848-43ea-8904-02c2c37b8665,475296de-07da-4984-92bd-d5000d4a4ab0,6f734827-3034-431f-9e51-d0c1f15ecd7d,"The Workmen?s Compensation (Amendment) Act, 1933, 15 of 1933 (Rep., Act 1 of 1938)",pdf,,UNKNOWN,,UNKNOWN,CENTRAL,,,https://indiacode.gov.in/server/api/core/bitstreams/6f734827-3034-431f-9e51-d0c1f15ecd7d,https://indiacode.gov.in/server/api/core/bitstreams/6f734827-3034-431f-9e51-d0c1f15ecd7d/content,,A1933-15.pdf.jpg,7405,,,2026-08-19 21:23:20.053562,IGNORED_NON_PDF
31bc0c73-7b95-4858-beaa-98bd523677be,20c1ee37-8b96-4ac5-911d-4f6fe3a47a0e,20c1ee37-8b96-4ac5-911d-4f6fe3a47a0e,20c1ee37-8b96-4ac5-911d-4f6fe3a47a0e,3bdbbfbf-cbad-4f51-88cf-7bb6a17e78e3,ed412b7f-431c-470c-a1c4-700859287acf,"The Assam Value Added Tax (Amendment) Act, 2014",pdf,58,NO MINISTRY,532,Finance (Taxation) Department,STATE,,,https://indiacode.gov.in/server/api/core/bitstreams/ed412b7f-431c-470c-a1c4-700859287acf,https://indiacode.gov.in/server/api/core/bitstreams/ed412b7f-431c-470c-a1c4-700859287acf/content,D:/india_code_data/raw/india_code\pdf\central\unknown\20c1ee37-8b96-4ac5-911d-4f6fe3a47a0e\ed412b7f-431c-470c-a1c4-700859287acf\original.pdf,"the_assam_value_added_tax_(amendment)_act,_2014..pdf",2119787,5,8ba512ba95636b9436ac77e1b6ed3d05e9a8379dfac82df1f818c57e2fc275e9,2026-08-19 21:23:34.284643,VALIDATED
73e90891-beae-471a-9213-0eac56fd78c0,20c1ee37-8b96-4ac5-911d-4f6fe3a47a0e,20c1ee37-8b96-4ac5-911d-4f6fe3a47a0e,20c1ee37-8b96-4ac5-911d-4f6fe3a47a0e,ac118c2d-c8a0-4a1a-9fbc-c8a81cbe4c00,f4b17fa7-99fb-41b1-ae09-878e04ed771f,"The Assam Value Added Tax (Amendment) Act, 2014",pdf,58,NO MINISTRY,532,Finance (Taxation) Department,STATE,,,https://indiacode.gov.in/server/api/core/bitstreams/f4b17fa7-99fb-41b1-ae09-878e04ed771f,https://indiacode.gov.in/server/api/core/bitstreams/f4b17fa7-99fb-41b1-ae09-878e04ed771f/content,,"the_assam_value_added_tax_(amendment)_act,_2014..pdf.txt",8481,,,2026-08-19 21:23:34.284643,IGNORED_NON_PDF
e83b7dad-a3ce-455e-a0cd-b03c14a3c717,20c1ee37-8b96-4ac5-911d-4f6fe3a47a0e,20c1ee37-8b96-4ac5-911d-4f6fe3a47a0e,20c1ee37-8b96-4ac5-911d-4f6fe3a47a0e,1c40a719-4268-4baa-b680-714aa8a1b840,b6f6107e-5ece-4c3f-9e69-a93eedcde208,"The Assam Value Added Tax (Amendment) Act, 2014",pdf,58,NO MINISTRY,532,Finance (Taxation) Department,STATE,,,https://indiacode.gov.in/server/api/core/bitstreams/b6f6107e-5ece-4c3f-9e69-a93eedcde208,https://indiacode.gov.in/server/api/core/bitstreams/b6f6107e-5ece-4c3f-9e69-a93eedcde208/content,,"the_assam_value_added_tax_(amendment)_act,_2014..pdf.jpg",7632,,,2026-08-19 21:23:34.284643,IGNORED_NON_PDF
056e4248-c5e5-448c-aaf9-f2c9de723a75,20c1fe91-8949-41e1-b81f-7d5f1052540c,20c1fe91-8949-41e1-b81f-7d5f1052540c,20c1fe91-8949-41e1-b81f-7d5f1052540c,e9e4361e-afe4-4029-b43f-cf82c2d189eb,6cc9b469-9ef0-47e4-b514-38055a6d1cad,"THE KARNATAKA SECONDARY EDUCATION EXAMINATION BOARD ACT, 1966",pdf,71,NO MINISTRY,581,Education Department,STATE,,,https://indiacode.gov.in/server/api/core/bitstreams/6cc9b469-9ef0-47e4-b514-38055a6d1cad,https://indiacode.gov.in/server/api/core/bitstreams/6cc9b469-9ef0-47e4-b514-38055a6d1cad/content,D:/india_code_data/raw/india_code\pdf\central\unknown\20c1fe91-8949-41e1-b81f-7d5f1052540c\6cc9b469-9ef0-47e4-b514-38055a6d1cad\original.pdf,16_of_1966_(e).pdf,287533,24,0b1e03cc3341dfac66b690024c667b79c08161de7ada93103a30cd3174156368,2026-08-19 21:23:49.939790,VALIDATED
9093b609-8a54-4d4f-8c13-36b2c153c79e,20c1fe91-8949-41e1-b81f-7d5f1052540c,20c1fe91-8949-41e1-b81f-7d5f1052540c,20c1fe91-8949-41e1-b81f-7d5f1052540c,d32da2f3-1c26-431f-8f9e-444a6e50ec0f,ddc791e9-d2f9-4ac0-be21-d2b32da75d60,"THE KARNATAKA SECONDARY EDUCATION EXAMINATION BOARD ACT, 1966",pdf,71,NO MINISTRY,581,Education Department,STATE,,,https://indiacode.gov.in/server/api/core/bitstreams/ddc791e9-d2f9-4ac0-be21-d2b32da75d60,https://indiacode.gov.in/server/api/core/bitstreams/ddc791e9-d2f9-4ac0-be21-d2b32da75d60/content,,16_of_1966_(e).pdf.txt,46266,,,2026-08-19 21:23:49.939790,IGNORED_NON_PDF
178f8cba-9d63-4510-b920-a596f30cec91,20c1fe91-8949-41e1-b81f-7d5f1052540c,20c1fe91-8949-41e1-b81f-7d5f1052540c,20c1fe91-8949-41e1-b81f-7d5f1052540c,a7a7a7e7-b7f7-43dc-8907-b39e3a26ada4,337c946b-7bbf-4546-bfa2-4c01261d79ef,"THE KARNATAKA SECONDARY EDUCATION EXAMINATION BOARD ACT, 1966",pdf,71,NO MINISTRY,581,Education Department,STATE,,,https://indiacode.gov.in/server/api/core/bitstreams/337c946b-7bbf-4546-bfa2-4c01261d79ef,https://indiacode.gov.in/server/api/core/bitstreams/337c946b-7bbf-4546-bfa2-4c01261d79ef/content,,16_of_1966_(e).pdf.jpg,6533,,,2026-08-19 21:23:49.939790,IGNORED_NON_PDF
72f24125-1c58-41f0-84ed-45b4d81fc758,20c21c1e-0ba7-4ea4-942b-b3c4df6c7eb9,20c21c1e-0ba7-4ea4-942b-b3c4df6c7eb9,20c21c1e-0ba7-4ea4-942b-b3c4df6c7eb9,3f459e96-9a49-446d-8717-68a3f44ec82f,0618e054-6f15-4163-bbcd-33d6a8a97991,Regarding change in the boundaries of the administrative sub-district Ramnagar of district Varanasi.,pdf,88,NO MINISTRY,507,Stamp & Registration,STATE,,,https://indiacode.gov.in/server/api/core/bitstreams/0618e054-6f15-4163-bbcd-33d6a8a97991,https://indiacode.gov.in/server/api/core/bitstreams/0618e054-6f15-4163-bbcd-33d6a8a97991/content,D:/india_code_data/raw/india_code\pdf\central\unknown\20c21c1e-0ba7-4ea4-942b-b3c4df6c7eb9\0618e054-6f15-4163-bbcd-33d6a8a97991\original.pdf,vrnse.pdf,730944,1,c989bb02e2035c9cc05b6d4538ba3d17e6c49bfd64180fa8d132028881608f5f,2026-08-19 21:24:08.660434,VALIDATED
ce50e6a0-9ed9-413a-95dd-f5794654a77a,20c21c1e-0ba7-4ea4-942b-b3c4df6c7eb9,20c21c1e-0ba7-4ea4-942b-b3c4df6c7eb9,20c21c1e-0ba7-4ea4-942b-b3c4df6c7eb9,3f459e96-9a49-446d-8717-68a3f44ec82f,7d508bb9-6ced-4e39-9dc4-cbff23f8505c,Regarding change in the boundaries of the administrative sub-district Ramnagar of district Varanasi.,pdf,88,NO MINISTRY,507,Stamp & Registration,STATE,,,https://indiacode.gov.in/server/api/core/bitstreams/7d508bb9-6ced-4e39-9dc4-cbff23f8505c,https://indiacode.gov.in/server/api/core/bitstreams/7d508bb9-6ced-4e39-9dc4-cbff23f8505c/content,,vrnsh.pdf,663229,,,2026-08-19 21:24:08.660434,FAILED
26512dff-ec97-4e30-85dc-305d1581d1c7,20c21c1e-0ba7-4ea4-942b-b3c4df6c7eb9,20c21c1e-0ba7-4ea4-942b-b3c4df6c7eb9,20c21c1e-0ba7-4ea4-942b-b3c4df6c7eb9,de0fcf2c-40b8-4a57-afa7-3a0476c01a2e,199b1699-1b5c-4797-9af3-7eb5e44b2343,Regarding change in the boundaries of the administrative sub-district Ramnagar of district Varanasi.,pdf,88,NO MINISTRY,507,Stamp & Registration,STATE,,,https://indiacode.gov.in/server/api/core/bitstreams/199b1699-1b5c-4797-9af3-7eb5e44b2343,https://indiacode.gov.in/server/api/core/bitstreams/199b1699-1b5c-4797-9af3-7eb5e44b2343/content,,vrnse.pdf.txt,2336,,,2026-08-19 21:24:08.660434,IGNORED_NON_PDF
a5d0cc25-fd1c-4f5e-8c18-f1ab47419400,20c21c1e-0ba7-4ea4-942b-b3c4df6c7eb9,20c21c1e-0ba7-4ea4-942b-b3c4df6c7eb9,20c21c1e-0ba7-4ea4-942b-b3c4df6c7eb9,de0fcf2c-40b8-4a57-afa7-3a0476c01a2e,e6af2ea9-fd11-45c1-9d1d-1609fbe53f9e,Regarding change in the boundaries of the administrative sub-district Ramnagar of district Varanasi.,pdf,88,NO MINISTRY,507,Stamp & Registration,STATE,,,https://indiacode.gov.in/server/api/core/bitstreams/e6af2ea9-fd11-45c1-9d1d-1609fbe53f9e,https://indiacode.gov.in/server/api/core/bitstreams/e6af2ea9-fd11-45c1-9d1d-1609fbe53f9e/content,,vrnsh.pdf.txt,6818,,,2026-08-19 21:24:08.660434,IGNORED_NON_PDF
c7b3df9c-60e6-4753-bfae-f552586e0fb7,20c21c1e-0ba7-4ea4-942b-b3c4df6c7eb9,20c21c1e-0ba7-4ea4-942b-b3c4df6c7eb9,20c21c1e-0ba7-4ea4-942b-b3c4df6c7eb9,422a59c4-206f-4e7e-856c-c3484e61419b,722de9a2-4030-4bac-9ffd-a31caa59a0d6,Regarding change in the boundaries of the administrative sub-district Ramnagar of district Varanasi.,pdf,88,NO MINISTRY,507,Stamp & Registration,STATE,,,https://indiacode.gov.in/server/api/core/bitstreams/722de9a2-4030-4bac-9ffd-a31caa59a0d6,https://indiacode.gov.in/server/api/core/bitstreams/722de9a2-4030-4bac-9ffd-a31caa59a0d6/content,,vrnse.pdf.jpg,10163,,,2026-08-19 21:24:08.660434,IGNORED_NON_PDF
4a471f32-5f74-4959-b067-2c282152bbca,20c21c1e-0ba7-4ea4-942b-b3c4df6c7eb9,20c21c1e-0ba7-4ea4-942b-b3c4df6c7eb9,20c21c1e-0ba7-4ea4-942b-b3c4df6c7eb9,422a59c4-206f-4e7e-856c-c3484e61419b,569186a4-43eb-4738-ba25-ffa3a59e6696,Regarding change in the boundaries of the administrative sub-district Ramnagar of district Varanasi.,pdf,88,NO MINISTRY,507,Stamp & Registration,STATE,,,https://indiacode.gov.in/server/api/core/bitstreams/569186a4-43eb-4738-ba25-ffa3a59e6696,https://indiacode.gov.in/server/api/core/bitstreams/569186a4-43eb-4738-ba25-ffa3a59e6696/content,,vrnsh.pdf.jpg,10749,,,2026-08-19 21:24:08.660434,IGNORED_NON_PDF
22344093-4890-451a-88d2-e507c011b768,20c381c2-c789-4c16-bc46-1d1ec18d0cb5,20c381c2-c789-4c16-bc46-1d1ec18d0cb5,20c381c2-c789-4c16-bc46-1d1ec18d0cb5,84a6d00f-7e0f-40cf-bd42-eeb59e3241d0,0bb1a58b-45c9-4537-a762-5beb70a485b7,Noti_no_231,pdf,88,NO MINISTRY,448,State tax,STATE,,,https://indiacode.gov.in/server/api/core/bitstreams/0bb1a58b-45c9-4537-a762-5beb70a485b7,https://indiacode.gov.in/server/api/core/bitstreams/0bb1a58b-45c9-4537-a762-5beb70a485b7/content,D:/india_code_data/raw/india_code\pdf\central\unknown\20c381c2-c789-4c16-bc46-1d1ec18d0cb5\0bb1a58b-45c9-4537-a762-5beb70a485b7\original.pdf,noti_no_231_120219_eng.pdf,159044,1,a932d50b9538f62f57b54c74db0b6ee2125e35cee667f04921b0baec3e8b5644,2026-08-19 21:25:02.736376,VALIDATED
472f67e6-e081-44c6-a8e1-92f6f5130fcd,20c381c2-c789-4c16-bc46-1d1ec18d0cb5,20c381c2-c789-4c16-bc46-1d1ec18d0cb5,20c381c2-c789-4c16-bc46-1d1ec18d0cb5,84a6d00f-7e0f-40cf-bd42-eeb59e3241d0,5043339b-64bb-492d-b372-7720780486a6,Noti_no_231,pdf,88,NO MINISTRY,448,State tax,STATE,,,https://indiacode.gov.in/server/api/core/bitstreams/5043339b-64bb-492d-b372-7720780486a6,https://indiacode.gov.in/server/api/core/bitstreams/5043339b-64bb-492d-b372-7720780486a6/content,D:/india_code_data/raw/india_code\pdf\central\unknown\20c381c2-c789-4c16-bc46-1d1ec18d0cb5\5043339b-64bb-492d-b372-7720780486a6\original.pdf,noti_no_231_120219_hindi.pdf,111636,1,767004acb7220559864c0499c8f26bb753694e78929671028e35d05b6f7748ea,2026-08-19 21:25:02.736376,VALIDATED
d217eeb4-1e80-487e-b4bf-cdda2473153f,20c381c2-c789-4c16-bc46-1d1ec18d0cb5,20c381c2-c789-4c16-bc46-1d1ec18d0cb5,20c381c2-c789-4c16-bc46-1d1ec18d0cb5,11f07530-8134-4f86-8b67-773c5d2063a8,5a8c7912-eb7f-41d4-856b-a5a355bce9e4,Noti_no_231,pdf,88,NO MINISTRY,448,State tax,STATE,,,https://indiacode.gov.in/server/api/core/bitstreams/5a8c7912-eb7f-41d4-856b-a5a355bce9e4,https://indiacode.gov.in/server/api/core/bitstreams/5a8c7912-eb7f-41d4-856b-a5a355bce9e4/content,,noti_no_231_120219_eng.pdf.txt,1381,,,2026-08-19 21:25:02.736376,IGNORED_NON_PDF
51011830-e2de-4477-a2ea-72c494feb255,20c381c2-c789-4c16-bc46-1d1ec18d0cb5,20c381c2-c789-4c16-bc46-1d1ec18d0cb5,20c381c2-c789-4c16-bc46-1d1ec18d0cb5,11f07530-8134-4f86-8b67-773c5d2063a8,ac5848aa-1e53-4811-9e24-2ee6093d2e97,Noti_no_231,pdf,88,NO MINISTRY,448,State tax,STATE,,,https://indiacode.gov.in/server/api/core/bitstreams/ac5848aa-1e53-4811-9e24-2ee6093d2e97,https://indiacode.gov.in/server/api/core/bitstreams/ac5848aa-1e53-4811-9e24-2ee6093d2e97/content,,noti_no_231_120219_hindi.pdf.txt,738,,,2026-08-19 21:25:02.736376,IGNORED_NON_PDF
e21cfd03-598d-4656-bdb5-523cc8d7dd8a,20c381c2-c789-4c16-bc46-1d1ec18d0cb5,20c381c2-c789-4c16-bc46-1d1ec18d0cb5,20c381c2-c789-4c16-bc46-1d1ec18d0cb5,6fcb00cb-ad6c-4ba5-b986-40a8cd2ddf4c,0e424db5-4787-429a-823d-5059b6b81d3c,Noti_no_231,pdf,88,NO MINISTRY,448,State tax,STATE,,,https://indiacode.gov.in/server/api/core/bitstreams/0e424db5-4787-429a-823d-5059b6b81d3c,https://indiacode.gov.in/server/api/core/bitstreams/0e424db5-4787-429a-823d-5059b6b81d3c/content,,noti_no_231_120219_eng.pdf.jpg,7789,,,2026-08-19 21:25:02.736376,IGNORED_NON_PDF
02a907d8-b11f-4319-92d1-7fd97a65f923,20c381c2-c789-4c16-bc46-1d1ec18d0cb5,20c381c2-c789-4c16-bc46-1d1ec18d0cb5,20c381c2-c789-4c16-bc46-1d1ec18d0cb5,6fcb00cb-ad6c-4ba5-b986-40a8cd2ddf4c,7bb4590e-12a7-4fa5-ac1d-f8935b95f605,Noti_no_231,pdf,88,NO MINISTRY,448,State tax,STATE,,,https://indiacode.gov.in/server/api/core/bitstreams/7bb4590e-12a7-4fa5-ac1d-f8935b95f605,https://indiacode.gov.in/server/api/core/bitstreams/7bb4590e-12a7-4fa5-ac1d-f8935b95f605/content,,noti_no_231_120219_hindi.pdf.jpg,6907,,,2026-08-19 21:25:02.736376,IGNORED_NON_PDF
9baf2d6f-ce3c-402d-83fd-20fdaffb68a3,20c4a8f7-1d66-4ab0-a125-86defcef8d75,20c4a8f7-1d66-4ab0-a125-86defcef8d75,20c4a8f7-1d66-4ab0-a125-86defcef8d75,9eba9f0f-3b0a-42e3-a2f9-b0227da06205,b2ce38cd-d8ce-4c6d-8350-71a76f46d5bf,"Punjab & Sind Bank (Officers') Service (Amendment) Regulations, 2018",pdf,2,Ministry of Finance,33,Department of Financial Services,CENTRAL,,,https://indiacode.gov.in/server/api/core/bitstreams/b2ce38cd-d8ce-4c6d-8350-71a76f46d5bf,https://indiacode.gov.in/server/api/core/bitstreams/b2ce38cd-d8ce-4c6d-8350-71a76f46d5bf/content,,"punjab_&amp;_sind_bank_(officers')_service_(amendment)_regulations,_2018.pdf",1717881,,,2026-08-19 21:25:32.374125,FAILED
a4af7d14-9324-4710-8ba7-4c52ec1f5164,20c4a8f7-1d66-4ab0-a125-86defcef8d75,20c4a8f7-1d66-4ab0-a125-86defcef8d75,20c4a8f7-1d66-4ab0-a125-86defcef8d75,c9f6e4a1-a76a-4be7-aa81-b6df4444cee5,d17d3c80-2f63-40ec-a078-7df3ddc6242c,"Punjab & Sind Bank (Officers') Service (Amendment) Regulations, 2018",pdf,2,Ministry of Finance,33,Department of Financial Services,CENTRAL,,,https://indiacode.gov.in/server/api/core/bitstreams/d17d3c80-2f63-40ec-a078-7df3ddc6242c,https://indiacode.gov.in/server/api/core/bitstreams/d17d3c80-2f63-40ec-a078-7df3ddc6242c/content,,"punjab_&amp;_sind_bank_(officers')_service_(amendment)_regulations,_2018.pdf.txt",5511,,,2026-08-19 21:25:32.374125,IGNORED_NON_PDF
43e796d8-2312-4586-8b0b-9647df3f163f,20c4a8f7-1d66-4ab0-a125-86defcef8d75,20c4a8f7-1d66-4ab0-a125-86defcef8d75,20c4a8f7-1d66-4ab0-a125-86defcef8d75,0bc169ae-a77d-46a0-8a07-9da995864662,3a72be9b-175f-418a-b82b-1cf4e68da04e,"Punjab & Sind Bank (Officers') Service (Amendment) Regulations, 2018",pdf,2,Ministry of Finance,33,Department of Financial Services,CENTRAL,,,https://indiacode.gov.in/server/api/core/bitstreams/3a72be9b-175f-418a-b82b-1cf4e68da04e,https://indiacode.gov.in/server/api/core/bitstreams/3a72be9b-175f-418a-b82b-1cf4e68da04e/content,,"punjab_&amp;_sind_bank_(officers')_service_(amendment)_regulations,_2018.pdf.jpg",9346,,,2026-08-19 21:25:32.374125,IGNORED_NON_PDF
57b313d4-e642-4d15-a3ce-e021ee94285c,20c844fa-89b0-424f-9775-44de4c42f81c,20c844fa-89b0-424f-9775-44de4c42f81c,20c844fa-89b0-424f-9775-44de4c42f81c,0ea9b211-d6f4-4541-9be7-12bde44ad249,755a59e2-fd23-4f99-951b-d4a63862fb9b,S.O.3631 (E) dated 06/09/2021-Reconstitution of SEIAA-SEAC Delhi,pdf,16,"Ministry of Environment, Forest and Climate Change",,UNKNOWN,CENTRAL,,,https://indiacode.gov.in/server/api/core/bitstreams/755a59e2-fd23-4f99-951b-d4a63862fb9b,https://indiacode.gov.in/server/api/core/bitstreams/755a59e2-fd23-4f99-951b-d4a63862fb9b/content,D:/india_code_data/raw/india_code\pdf\central\unknown\20c844fa-89b0-424f-9775-44de4c42f81c\755a59e2-fd23-4f99-951b-d4a63862fb9b\original.pdf,"s.o.3631_dated_6th_september,_2021.pdf",1021942,5,279deaa6bb43004ec9ccac921bc99de5d21b6644473d814e16db30a5d8367d50,2026-08-19 21:26:22.637848,VALIDATED
030a0321-bec2-4983-8c88-df54136679d4,20c844fa-89b0-424f-9775-44de4c42f81c,20c844fa-89b0-424f-9775-44de4c42f81c,20c844fa-89b0-424f-9775-44de4c42f81c,c15631f5-2f7e-4a16-b8d2-176f0f1dadea,3c749125-d76e-4f14-b3d9-c351f12f9ccb,S.O.3631 (E) dated 06/09/2021-Reconstitution of SEIAA-SEAC Delhi,pdf,16,"Ministry of Environment, Forest and Climate Change",,UNKNOWN,CENTRAL,,,https://indiacode.gov.in/server/api/core/bitstreams/3c749125-d76e-4f14-b3d9-c351f12f9ccb,https://indiacode.gov.in/server/api/core/bitstreams/3c749125-d76e-4f14-b3d9-c351f12f9ccb/content,,"s.o.3631_dated_6th_september,_2021.pdf.txt",9215,,,2026-08-19 21:26:22.637848,IGNORED_NON_PDF
ec83fed1-e96e-40e1-aeab-b08f018a73ba,20c844fa-89b0-424f-9775-44de4c42f81c,20c844fa-89b0-424f-9775-44de4c42f81c,20c844fa-89b0-424f-9775-44de4c42f81c,9fc598ca-361a-4e03-94a6-94739450bf3e,22823443-1a0a-46ea-aff1-889d68782ce4,S.O.3631 (E) dated 06/09/2021-Reconstitution of SEIAA-SEAC Delhi,pdf,16,"Ministry of Environment, Forest and Climate Change",,UNKNOWN,CENTRAL,,,https://indiacode.gov.in/server/api/core/bitstreams/22823443-1a0a-46ea-aff1-889d68782ce4,https://indiacode.gov.in/server/api/core/bitstreams/22823443-1a0a-46ea-aff1-889d68782ce4/content,,"s.o.3631_dated_6th_september,_2021.pdf.jpg",9651,,,2026-08-19 21:26:22.637848,IGNORED_NON_PDF
1c56ee20-973e-4fef-a6d5-c9fed8d92844,20c8e8eb-824f-4b64-8ee7-c1204b4cdbb3,20c8e8eb-824f-4b64-8ee7-c1204b4cdbb3,20c8e8eb-824f-4b64-8ee7-c1204b4cdbb3,b35879cb-69bf-4859-a6f5-e7e7b4a623e5,d76ee136-8bd2-48bd-aeb1-fbdd398435bb,"The Hindu Adoptions and Maintenance Act, 1956",pdf,3,Ministry of Law and Justice,20,Legislative Department,CENTRAL,,,https://indiacode.gov.in/server/api/core/bitstreams/d76ee136-8bd2-48bd-aeb1-fbdd398435bb,https://indiacode.gov.in/server/api/core/bitstreams/d76ee136-8bd2-48bd-aeb1-fbdd398435bb/content,D:/india_code_data/raw/india_code\pdf\central\unknown\20c8e8eb-824f-4b64-8ee7-c1204b4cdbb3\d76ee136-8bd2-48bd-aeb1-fbdd398435bb\original.pdf,a1956-78.pdf,146411,9,ed9ef0cdf9412eab1186c1910cfd32889e34423d21ce1cd2f794e5b918bc9fd4,2026-08-19 21:26:38.501352,VALIDATED
fc667c91-06dc-4b07-8687-6b566355fe0a,20c8e8eb-824f-4b64-8ee7-c1204b4cdbb3,20c8e8eb-824f-4b64-8ee7-c1204b4cdbb3,20c8e8eb-824f-4b64-8ee7-c1204b4cdbb3,4e79fe3e-254f-4c53-9fb2-a7a1beff8379,f2cde686-d8e0-42a4-b74b-922ee64358a3,"The Hindu Adoptions and Maintenance Act, 1956",pdf,3,Ministry of Law and Justice,20,Legislative Department,CENTRAL,,,https://indiacode.gov.in/server/api/core/bitstreams/f2cde686-d8e0-42a4-b74b-922ee64358a3,https://indiacode.gov.in/server/api/core/bitstreams/f2cde686-d8e0-42a4-b74b-922ee64358a3/content,,a1956-78.pdf.txt,26573,,,2026-08-19 21:26:38.501352,IGNORED_NON_PDF
a78802c6-9d6c-4ec9-b9f7-4050665e600e,20c8e8eb-824f-4b64-8ee7-c1204b4cdbb3,20c8e8eb-824f-4b64-8ee7-c1204b4cdbb3,20c8e8eb-824f-4b64-8ee7-c1204b4cdbb3,8b4690f4-337c-42f8-bf20-84b8b334e1d8,3f126731-a416-4b9f-be9f-4e62846118ae,"The Hindu Adoptions and Maintenance Act, 1956",pdf,3,Ministry of Law and Justice,20,Legislative Department,CENTRAL,,,https://indiacode.gov.in/server/api/core/bitstreams/3f126731-a416-4b9f-be9f-4e62846118ae,https://indiacode.gov.in/server/api/core/bitstreams/3f126731-a416-4b9f-be9f-4e62846118ae/content,,a1956-78.pdf.jpg,6648,,,2026-08-19 21:26:38.501352,IGNORED_NON_PDF
16194ff6-9d6d-4cd6-a5c6-b38dd32326b3,20c98527-1353-40b5-b31d-b372568b9059,20c98527-1353-40b5-b31d-b372568b9059,20c98527-1353-40b5-b31d-b372568b9059,42dd770d-4433-4332-9dff-2f7990a2f82e,e9827e11-cebd-4116-a423-f8fc4d0195d4,"The National Capital Territory of Delhi Laws (Special Provisions) Act, 2007",pdf,,UNKNOWN,,UNKNOWN,CENTRAL,,,https://indiacode.gov.in/server/api/core/bitstreams/e9827e11-cebd-4116-a423-f8fc4d0195d4,https://indiacode.gov.in/server/api/core/bitstreams/e9827e11-cebd-4116-a423-f8fc4d0195d4/content,D:/india_code_data/raw/india_code\pdf\central\unknown\20c98527-1353-40b5-b31d-b372568b9059\e9827e11-cebd-4116-a423-f8fc4d0195d4\original.pdf,A2007-43.pdf,236878,5,e65992ee071834c1bb7bbf4cf69725151b90b6a8ebb7f825e146f2fca1600bbc,2026-08-19 21:26:52.687109,VALIDATED
c7e33ee5-ce15-4094-a0fd-aa36f2439c69,20c98527-1353-40b5-b31d-b372568b9059,20c98527-1353-40b5-b31d-b372568b9059,20c98527-1353-40b5-b31d-b372568b9059,052b6d36-6988-4143-b1de-b6fbfc684679,6e30fa41-4164-45f5-8c48-870432b821a4,"The National Capital Territory of Delhi Laws (Special Provisions) Act, 2007",pdf,,UNKNOWN,,UNKNOWN,CENTRAL,,,https://indiacode.gov.in/server/api/core/bitstreams/6e30fa41-4164-45f5-8c48-870432b821a4,https://indiacode.gov.in/server/api/core/bitstreams/6e30fa41-4164-45f5-8c48-870432b821a4/content,,A2007-43.pdf.txt,12632,,,2026-08-19 21:26:52.687109,IGNORED_NON_PDF
d461ab45-a82f-410f-aaaa-c9aa3c9cf310,20c98527-1353-40b5-b31d-b372568b9059,20c98527-1353-40b5-b31d-b372568b9059,20c98527-1353-40b5-b31d-b372568b9059,c3c74614-3b28-4b2e-ba9b-d4a226dba8ee,766ed9ca-dea9-4a57-8a3f-0088619d66d6,"The National Capital Territory of Delhi Laws (Special Provisions) Act, 2007",pdf,,UNKNOWN,,UNKNOWN,CENTRAL,,,https://indiacode.gov.in/server/api/core/bitstreams/766ed9ca-dea9-4a57-8a3f-0088619d66d6,https://indiacode.gov.in/server/api/core/bitstreams/766ed9ca-dea9-4a57-8a3f-0088619d66d6/content,,A2007-43.pdf.jpg,4029,,,2026-08-19 21:26:52.687109,IGNORED_NON_PDF
953be31f-ce42-4f23-98ff-e35551071134,20ca28fb-2d9d-465b-97b3-59b295157789,20ca28fb-2d9d-465b-97b3-59b295157789,20ca28fb-2d9d-465b-97b3-59b295157789,e7768f6c-3f86-49af-94e0-ca9749786611,45148c07-1288-4c6a-9f2c-07212dec39d0,Notification_no_626_180722_english,pdf,88,NO MINISTRY,448,State tax,STATE,,,https://indiacode.gov.in/server/api/core/bitstreams/45148c07-1288-4c6a-9f2c-07212dec39d0,https://indiacode.gov.in/server/api/core/bitstreams/45148c07-1288-4c6a-9f2c-07212dec39d0/content,D:/india_code_data/raw/india_code\pdf\central\unknown\20ca28fb-2d9d-465b-97b3-59b295157789\45148c07-1288-4c6a-9f2c-07212dec39d0\original.pdf,noti_no_626_180722_eng.pdf,297724,2,638329c9a205f346a2f6874f8538b6e11f56856d01191a403abe097765b92281,2026-08-19 21:27:08.413051,VALIDATED
f71db889-681c-4717-8d0d-13030bdf0da3,20ca28fb-2d9d-465b-97b3-59b295157789,20ca28fb-2d9d-465b-97b3-59b295157789,20ca28fb-2d9d-465b-97b3-59b295157789,e7768f6c-3f86-49af-94e0-ca9749786611,f5517e34-fdd1-46f7-a1be-e687d9c4651f,Notification_no_626_180722_english,pdf,88,NO MINISTRY,448,State tax,STATE,,,https://indiacode.gov.in/server/api/core/bitstreams/f5517e34-fdd1-46f7-a1be-e687d9c4651f,https://indiacode.gov.in/server/api/core/bitstreams/f5517e34-fdd1-46f7-a1be-e687d9c4651f/content,D:/india_code_data/raw/india_code\pdf\central\unknown\20ca28fb-2d9d-465b-97b3-59b295157789\f5517e34-fdd1-46f7-a1be-e687d9c4651f\original.pdf,noti_no_626_180722_hindi.pdf,294363,2,290f4da54809ebb15dc3da69a4cf1b0ccbf988d009a94440bbf634902577d5dc,2026-08-19 21:27:08.413051,VALIDATED
4d46072e-9736-4abe-af6b-d5a9d151ad5d,20ca28fb-2d9d-465b-97b3-59b295157789,20ca28fb-2d9d-465b-97b3-59b295157789,20ca28fb-2d9d-465b-97b3-59b295157789,dab5ace2-33ab-4b88-9fce-15da20e76ae0,5b231f25-6600-4cac-be1b-594967907e80,Notification_no_626_180722_english,pdf,88,NO MINISTRY,448,State tax,STATE,,,https://indiacode.gov.in/server/api/core/bitstreams/5b231f25-6600-4cac-be1b-594967907e80,https://indiacode.gov.in/server/api/core/bitstreams/5b231f25-6600-4cac-be1b-594967907e80/content,,noti_no_626_180722_eng.pdf.txt,3477,,,2026-08-19 21:27:08.413051,IGNORED_NON_PDF
bf179d11-a79c-466c-93fa-1d20194ba14f,20ca28fb-2d9d-465b-97b3-59b295157789,20ca28fb-2d9d-465b-97b3-59b295157789,20ca28fb-2d9d-465b-97b3-59b295157789,dab5ace2-33ab-4b88-9fce-15da20e76ae0,6335075a-1663-4c4d-b55b-0d74e115c8e8,Notification_no_626_180722_english,pdf,88,NO MINISTRY,448,State tax,STATE,,,https://indiacode.gov.in/server/api/core/bitstreams/6335075a-1663-4c4d-b55b-0d74e115c8e8,https://indiacode.gov.in/server/api/core/bitstreams/6335075a-1663-4c4d-b55b-0d74e115c8e8/content,,noti_no_626_180722_hindi.pdf.txt,2402,,,2026-08-19 21:27:08.413051,IGNORED_NON_PDF
033c4115-6a5a-4fef-8cc0-54fdefa92a41,20ca28fb-2d9d-465b-97b3-59b295157789,20ca28fb-2d9d-465b-97b3-59b295157789,20ca28fb-2d9d-465b-97b3-59b295157789,7cee8256-8e40-49e6-a3e7-7ef01eda2014,a2b41ccc-f2df-4c2a-bb00-7d1e10126fd4,Notification_no_626_180722_english,pdf,88,NO MINISTRY,448,State tax,STATE,,,https://indiacode.gov.in/server/api/core/bitstreams/a2b41ccc-f2df-4c2a-bb00-7d1e10126fd4,https://indiacode.gov.in/server/api/core/bitstreams/a2b41ccc-f2df-4c2a-bb00-7d1e10126fd4/content,,noti_no_626_180722_eng.pdf.jpg,10236,,,2026-08-19 21:27:08.413051,IGNORED_NON_PDF
fee2a842-5fd1-4e76-93f1-713a9ff3f91a,20ca28fb-2d9d-465b-97b3-59b295157789,20ca28fb-2d9d-465b-97b3-59b295157789,20ca28fb-2d9d-465b-97b3-59b295157789,7cee8256-8e40-49e6-a3e7-7ef01eda2014,1eee585d-d5c1-4728-909a-b61a0227a8f1,Notification_no_626_180722_english,pdf,88,NO MINISTRY,448,State tax,STATE,,,https://indiacode.gov.in/server/api/core/bitstreams/1eee585d-d5c1-4728-909a-b61a0227a8f1,https://indiacode.gov.in/server/api/core/bitstreams/1eee585d-d5c1-4728-909a-b61a0227a8f1/content,,noti_no_626_180722_hindi.pdf.jpg,10432,,,2026-08-19 21:27:08.413051,IGNORED_NON_PDF
40a44467-a36e-4ac4-be3d-9027598ea9af,20cd6695-4ef5-41ac-af9f-0385469293ac,20cd6695-4ef5-41ac-af9f-0385469293ac,20cd6695-4ef5-41ac-af9f-0385469293ac,0ce2453b-47c8-4e84-a688-2319d945af5f,7d50ba02-9f8c-4efd-991b-b1359d7cccc7,"The Rajasthan Contract Labour (Recognition and Abolition) Rules, 1971",pdf,,UNKNOWN,,UNKNOWN,CENTRAL,,,https://indiacode.gov.in/server/api/core/bitstreams/7d50ba02-9f8c-4efd-991b-b1359d7cccc7,https://indiacode.gov.in/server/api/core/bitstreams/7d50ba02-9f8c-4efd-991b-b1359d7cccc7/content,,tthe_rajasthan_contract_labour_(recognition.pdf,523597,,,2026-08-19 21:27:39.502093,DOWNLOADING
51e44bbc-3914-4c94-944b-51001f51d330,20cd6695-4ef5-41ac-af9f-0385469293ac,20cd6695-4ef5-41ac-af9f-0385469293ac,20cd6695-4ef5-41ac-af9f-0385469293ac,d7a1c7ad-0d2b-413a-9c19-bbb2dcd19b1c,01e3a0ca-b412-4f0c-9e86-b1730c282e53,"The Rajasthan Contract Labour (Recognition and Abolition) Rules, 1971",pdf,,UNKNOWN,,UNKNOWN,CENTRAL,,,https://indiacode.gov.in/server/api/core/bitstreams/01e3a0ca-b412-4f0c-9e86-b1730c282e53,https://indiacode.gov.in/server/api/core/bitstreams/01e3a0ca-b412-4f0c-9e86-b1730c282e53/content,,tthe_rajasthan_contract_labour_(recognition.pdf.txt,108365,,,2026-08-19 21:27:39.502093,PENDING
8af63b94-fa23-4735-acbb-86ee20bdf9fe,20cd6695-4ef5-41ac-af9f-0385469293ac,20cd6695-4ef5-41ac-af9f-0385469293ac,20cd6695-4ef5-41ac-af9f-0385469293ac,c899b8d7-c57d-4331-8c3d-bab6977b5a76,459e59b5-4df7-422e-91eb-2a21fa72f8de,"The Rajasthan Contract Labour (Recognition and Abolition) Rules, 1971",pdf,,UNKNOWN,,UNKNOWN,CENTRAL,,,https://indiacode.gov.in/server/api/core/bitstreams/459e59b5-4df7-422e-91eb-2a21fa72f8de,https://indiacode.gov.in/server/api/core/bitstreams/459e59b5-4df7-422e-91eb-2a21fa72f8de/content,,tthe_rajasthan_contract_labour_(recognition.pdf.jpg,7736,,,2026-08-19 21:27:39.502093,PENDING
