department_id,department_name,ministry_id,ministry_name,jurisdiction,document_count,pdf_count,validated_pdf_count,failed_pdf_count,unavailable_pdf_count,last_updated
1512,Environment Department,166,Govt of Maharashtra,STATE,35,0,0,0,0,2026-08-19 21:27:46.393316
477,Labour,88,NO MINISTRY,STATE,307,18,5,0,0,2026-08-19 21:27:46.332164
12,Department of Commerce,11,Ministry of Commerce and Industry,CENTRAL,520,3,1,0,0,2026-08-19 21:27:46.332733
1113,Finance Department,83,NO MINISTRY,STATE,335,0,0,0,0,2026-08-19 21:27:46.300669
464,"Environment,Forest & Climate Change",88,NO MINISTRY,STATE,120,0,0,0,0,2026-08-19 21:27:46.044694
932,Department of Industries and Commerce,82,NO MINISTRY,STATE,40,3,1,0,0,2026-08-19 21:27:46.102722
61,Department of Promotion of Industry and Internal Trade,11,Ministry of Commerce and Industry,CENTRAL,541,0,0,0,0,2026-08-19 21:27:46.414938
767,Revenue,86,NO MINISTRY,STATE,305,3,1,0,0,2026-08-19 21:27:46.415575
532,Finance (Taxation) Department,58,NO MINISTRY,STATE,99,6,2,0,0,2026-08-19 21:27:45.624946
384,Law Department,123,Meghalaya Law Department,STATE,1896,0,0,0,0,2026-08-19 21:27:46.416797
956,Department of Housing and Urban Development,82,NO MINISTRY,STATE,10,3,0,1,0,2026-08-19 21:27:46.129619
3,Department of Justice,3,Ministry of Law and Justice,CENTRAL,489,0,0,0,0,2026-08-19 21:27:46.395244
1033,Police Department,60,NO MINISTRY,UNION_TERRITORY,79,0,0,0,0,2026-08-19 21:27:46.101717
725,"Home, Prison and Disaster Management Department, Government of Jharkhand",70,NO MINISTRY,STATE,8,3,1,0,0,2026-08-19 21:27:38.593836
2,Department of Revenue,2,Ministry of Finance,CENTRAL,3453,6,2,0,0,2026-08-19 21:27:46.416153
11,Department of Economic Affairs,2,Ministry of Finance,CENTRAL,639,6,2,0,0,2026-08-19 21:27:46.414938
628,Higher Education,69,NO MINISTRY,UNION_TERRITORY,212,0,0,0,0,2026-08-19 21:27:46.416153
390,DEPARTMENT OF EDUCATION,89,NO MINISTRY,STATE,55,0,0,0,0,2026-08-19 21:27:45.738695
549,Parliamentary Affairs Department,58,NO MINISTRY,STATE,24,3,1,0,0,2026-08-19 21:27:41.182045
1109,Animal Husbandry Department,83,NO MINISTRY,STATE,116,0,0,0,0,2026-08-19 21:27:46.302676
581,Education Department,71,NO MINISTRY,STATE,157,9,3,0,0,2026-08-19 21:27:46.222819
751,"Health, Medical and Family Welfare",86,NO MINISTRY,STATE,119,0,0,0,0,2026-08-19 21:27:46.287274
1088,Agriculture Department,83,NO MINISTRY,STATE,213,0,0,0,0,2026-08-19 21:27:46.414938
504,Small Scale Industries & Export Promotion,88,NO MINISTRY,STATE,35,0,0,0,0,2026-08-19 21:27:46.043702
5,Department of States,5,Ministry of Home Affairs,CENTRAL,3435,3,1,0,0,2026-08-19 21:27:46.416153
674,Sikkim Legislative Assembly,131,No Ministry,STATE,8,3,1,0,0,2026-08-19 21:27:38.831215
1097,Higher Education Department,83,NO MINISTRY,STATE,48,6,1,1,0,2026-08-19 21:27:45.563114
854,Department of Trade & Taxes,64,NO MINISTRY,UNION_TERRITORY,1080,6,2,0,0,2026-08-19 21:27:46.395903
1464,"Co-operation, Marketing and Textiles Department",166,Govt of Maharashtra,STATE,320,0,0,0,0,2026-08-19 21:27:46.395903
46,Department of Legal Affairs,3,Ministry of Law and Justice,CENTRAL,350,0,0,0,0,2026-08-19 21:27:46.329324
448,State tax,88,NO MINISTRY,STATE,848,24,8,0,0,2026-08-19 21:27:46.416797
637,Housing and Urban Development,69,NO MINISTRY,UNION_TERRITORY,671,0,0,0,0,2026-08-19 21:27:46.415575
509,Transport,88,NO MINISTRY,STATE,98,0,0,0,0,2026-08-19 21:27:46.301673
1125,Local Self Government,83,NO MINISTRY,STATE,816,3,0,1,0,2026-08-19 21:27:46.415575
23,Department of Internal Security,5,Ministry of Home Affairs,CENTRAL,1812,6,2,0,0,2026-08-19 21:27:46.416153
740,DEPARTMENT OF AGRICULTURE AND FARMER WELFARE,89,NO MINISTRY,STATE,95,0,0,0,0,2026-08-19 21:27:46.272169
857,Home Department,166,Govt of Maharashtra,STATE,726,0,0,0,0,2026-08-19 21:27:46.414298
1408,Department of Military Affairs,28,Ministry of Defence,CENTRAL,485,3,1,0,0,2026-08-19 21:27:46.416153
20,Legislative Department,3,Ministry of Law and Justice,CENTRAL,2225,3,1,0,0,2026-08-19 21:27:46.416797
479,Language,88,NO MINISTRY,STATE,15,12,4,0,0,2026-08-19 21:27:42.542028
1466,"Industries, Energy and Labour Department",166,Govt of Maharashtra,STATE,466,0,0,0,0,2026-08-19 21:27:46.300669
1051,Registrar of Cooperative Societies,82,NO MINISTRY,STATE,9,6,2,0,0,2026-08-19 21:27:38.241204
1520,Rural Development and Water conservation Department,166,Govt of Maharashtra,STATE,201,6,2,0,0,2026-08-19 21:27:46.130515
855,Law and Judiciary Department,166,Govt of Maharashtra,STATE,623,12,4,0,0,2026-08-19 21:27:46.393316
644,Rural Development and Panchayati Raj,69,NO MINISTRY,UNION_TERRITORY,89,0,0,0,0,2026-08-19 21:27:46.414938
104,EXCISE AND TAXTATION,67,NO MINISTRY,STATE,410,18,5,1,0,2026-08-19 21:27:46.332733
858,Finance Department,166,Govt of Maharashtra,STATE,1109,9,3,0,0,2026-08-19 21:27:46.416153
1477,Urban Development Department,166,Govt of Maharashtra,STATE,859,0,0,0,0,2026-08-19 21:27:46.395244
1139,Revenue Department,83,NO MINISTRY,STATE,815,3,1,0,0,2026-08-19 21:27:46.286651
737,COMMERCIAL TAXES DEPARTMENT,59,NO MINISTRY,STATE,357,9,3,0,0,2026-08-19 21:27:46.392662
801,Directorate of Agricultural Marketing,64,NO MINISTRY,UNION_TERRITORY,6,3,1,0,0,2026-08-19 21:27:35.713561
1468,Medical Education and Drugs Department,166,Govt of Maharashtra,STATE,353,0,0,0,0,2026-08-19 21:27:46.416797
36,Department of Personnel and Training,26,"Ministry of Personnel, Public Grievances and Pensions",CENTRAL,308,3,1,0,0,2026-08-19 21:27:46.414298
1465,Housing Department,166,Govt of Maharashtra,STATE,353,0,0,0,0,2026-08-19 21:27:46.416797
625,Cooperatives Department,69,NO MINISTRY,UNION_TERRITORY,140,0,0,0,0,2026-08-19 21:27:46.416153
53,Department of Youth Affairs,34,Ministry of Youth Affairs and Sports,CENTRAL,61,0,0,0,0,2026-08-19 21:27:45.800648
1182,DEPARTMENT OF LABOUR,61,State Government,STATE,72,3,1,0,0,2026-08-19 21:27:46.393973
13,Department of Health and Family Welfare,12,Ministry of Health and Family Welfare,CENTRAL,861,3,0,1,0,2026-08-19 21:27:46.416153
1463,Higher and Technical Education Department,166,Govt of Maharashtra,STATE,598,0,0,0,0,2026-08-19 21:27:46.414938
642,General Administration Department,69,NO MINISTRY,UNION_TERRITORY,23,0,0,0,0,2026-08-19 21:27:42.542028
481,Medical Education,88,NO MINISTRY,STATE,171,6,2,0,0,2026-08-19 21:27:46.257461
1426,Urban development,88,NO MINISTRY,STATE,927,0,0,0,0,2026-08-19 21:27:46.416153
1531,"Department of Environment & Climate Change, Haryana",67,NO MINISTRY,STATE,83,3,1,0,0,2026-08-19 21:27:46.171275
40,Department of Home,5,Ministry of Home Affairs,CENTRAL,350,3,1,0,0,2026-08-19 21:27:46.415575
1148,Urban Development and Housing Department,83,NO MINISTRY,STATE,555,0,0,0,0,2026-08-19 21:27:46.416153
1521,Skill Development Department,166,Govt of Maharashtra,STATE,99,6,2,0,0,2026-08-19 21:27:46.257461
1119,Home Department,83,NO MINISTRY,STATE,260,3,1,0,0,2026-08-19 21:27:46.414938
1110,"Disaster Management, Relief and Civil Defense Department",83,NO MINISTRY,STATE,58,0,0,0,0,2026-08-19 21:27:46.241210
88,Department of Investment and Public Asset Management,2,Ministry of Finance,CENTRAL,17,0,0,0,0,2026-08-19 21:27:46.170273
439,"Higher Technical Education and Skill Development Department, Government of Jharkhand",70,NO MINISTRY,STATE,562,0,0,0,0,2026-08-19 21:27:46.416153
127,FOREST DEPARTMENT,67,NO MINISTRY,STATE,351,3,1,0,0,2026-08-19 21:27:46.414298
911,Commissioner of Taxes,87,NO MINISTRY,STATE,264,6,2,0,0,2026-08-19 21:27:46.332164
115,TECHNICAL EDUCATION,67,NO MINISTRY,STATE,7,6,2,0,0,2026-08-19 21:27:38.956112
729,"Health and Family Welfare Department, Government of Tamil Nadu",85,NO MINISTRY,STATE,34,0,0,0,0,2026-08-19 21:27:42.248147
33,Department of Financial Services,2,Ministry of Finance,CENTRAL,1668,6,1,1,0,2026-08-19 21:27:46.416153
952,Department of Excise and Taxation,82,NO MINISTRY,STATE,236,3,1,0,0,2026-08-19 21:27:46.415575
692,"Industries Department, Government of Tamil Nadu",85,NO MINISTRY,STATE,54,0,0,0,0,2026-08-19 21:27:46.393316
446,Cane Development,88,NO MINISTRY,STATE,42,0,0,0,0,2026-08-19 21:27:46.329985
30,Department of Higher Education,9,Ministry of Education,CENTRAL,1273,0,0,0,0,2026-08-19 21:27:46.416153
631,"Forest, Ecology and Environment.",69,NO MINISTRY,UNION_TERRITORY,64,0,0,0,0,2026-08-19 21:27:46.172276
1083,Revenue & Forest Department,166,Govt of Maharashtra,STATE,1074,0,0,0,0,2026-08-19 21:27:46.414938
404,Law,72,NO MINISTRY,STATE,206,9,3,0,0,2026-08-19 21:27:46.394585
1514,CONFIDENTIAL(GOPAN),88,NO MINISTRY,STATE,68,6,2,0,0,2026-08-19 21:27:46.255451
856,General Administration Department,166,Govt of Maharashtra,STATE,219,3,1,0,0,2026-08-19 21:27:46.395244
471,Housing and Urban Planning,88,NO MINISTRY,STATE,257,0,0,0,0,2026-08-19 21:27:46.257461
28,Department of Food and Public Distribution,21,"Ministry of Consumer Affairs, Food and Public Distribution",CENTRAL,203,3,1,0,0,2026-08-19 21:27:46.271171
1409,Law Department,90,NO MINISTRY,STATE,1184,6,2,0,0,2026-08-19 21:27:46.414938
1123,Labour Skill Employment & Entrepreneurship Department,83,NO MINISTRY,STATE,93,3,1,0,0,2026-08-19 21:27:45.623634
9,Department of School Education and Literacy,9,Ministry of Education,CENTRAL,124,3,0,1,0,2026-08-19 21:27:46.286027
883,Department of Social Welfare & Women & Child Development,63,NO MINISTRY,UNION_TERRITORY,4,3,1,0,0,2026-08-19 21:27:38.389086
372,"Labour and Employment Department, Government of Tamil Nadu",85,NO MINISTRY,STATE,60,3,1,0,0,2026-08-19 21:27:46.271171
111,ANIMAL HUSBANDRY & DAIRYING DEPARTMENT,67,NO MINISTRY,STATE,74,6,2,0,0,2026-08-19 21:27:46.242210
597,Rural Development and Panchayat Raj Department,71,NO MINISTRY,STATE,33,3,1,0,0,2026-08-19 21:27:46.285522
470,Horticulture,88,NO MINISTRY,STATE,65,0,0,0,0,2026-08-19 21:27:46.101717
1230,DEPARTMENT OF AGRICULTURE DEVELOPMENT AND FARMER WELFARE AND BIO-TECHNOLOGY,61,State Government,STATE,57,3,1,0,0,2026-08-19 21:27:46.330919
817,Directorate of Economics and Statistics,64,NO MINISTRY,UNION_TERRITORY,15,0,0,0,0,2026-08-19 21:27:45.959704
337,"Department of Law,Justice and Parliamentary Affairs",69,NO MINISTRY,UNION_TERRITORY,85,0,0,0,0,2026-08-19 21:27:46.184984
1146,Transport Department,83,NO MINISTRY,STATE,51,0,0,0,0,2026-08-19 21:27:45.562115
203,Law,80,NO MINISTRY,STATE,191,3,1,0,0,2026-08-19 21:27:46.415575
445,Backward Welfare,88,NO MINISTRY,STATE,17,0,0,0,0,2026-08-19 21:27:42.803947
635,Horticulture,69,NO MINISTRY,UNION_TERRITORY,23,0,0,0,0,2026-08-19 21:27:46.184984
1554,Office of the Principal Chief Conservator of Forests &amp; HoFF,87,NO MINISTRY,STATE,22,0,0,0,0,2026-08-19 21:27:40.825640
482,Medical Health,88,NO MINISTRY,STATE,114,0,0,0,0,2026-08-19 21:27:46.328661
596,Revenue Department,71,NO MINISTRY,STATE,65,0,0,0,0,2026-08-19 21:27:46.144925
62,Department of Animal Husbandry and Dairying,23,Ministry of Agriculture and Farmers Welfare,CENTRAL,209,0,0,0,0,2026-08-19 21:27:46.395244
521,DEPARTMENT OF DRINKING WATER,89,NO MINISTRY,STATE,27,0,0,0,0,2026-08-19 21:27:46.156864
776,"Home, Prohibition and Excise Department, Government of Tamil Nadu",85,NO MINISTRY,STATE,116,0,0,0,0,2026-08-19 21:27:46.287274
701,"Revenue,Registration and Land Reforms Department, Government of Jharkhand",70,NO MINISTRY,STATE,10,0,0,0,0,2026-08-19 21:27:42.004293
449,Cooperative,88,NO MINISTRY,STATE,120,0,0,0,0,2026-08-19 21:27:46.416153
31,"Department of Agriculture, Cooperation and Farmers Welfare",23,Ministry of Agriculture and Farmers Welfare,CENTRAL,449,3,1,0,0,2026-08-19 21:27:46.330919
1220,FINANCE,171,FINANCE,STATE,76,0,0,0,0,2026-08-19 21:27:46.414938
281,Social Justice and disabled Person Welfare Department,74,NO MINISTRY,STATE,8,0,0,0,0,2026-08-19 21:27:46.240214
386,DEPARTMENT OF FINANCE,89,NO MINISTRY,STATE,120,0,0,0,0,2026-08-19 21:27:46.393973
1428,Ayush,88,NO MINISTRY,STATE,138,0,0,0,0,2026-08-19 21:27:45.823333
587,Home Department,71,NO MINISTRY,STATE,28,0,0,0,0,2026-08-19 21:27:46.286651
44,Department of Consumer Affairs,21,"Ministry of Consumer Affairs, Food and Public Distribution",CENTRAL,241,0,0,0,0,2026-08-19 21:27:46.393973
34,Department of Jammu and Kashmir Affairs,5,Ministry of Home Affairs,CENTRAL,87,0,0,0,0,2026-08-19 21:27:46.395244
486,Panchayati Raj,88,NO MINISTRY,STATE,282,0,0,0,0,2026-08-19 21:27:46.300669
991,Law and Legislative Department,131,No Ministry,STATE,16,0,0,0,0,2026-08-19 21:27:42.543029
1037,Labour Directorate,87,NO MINISTRY,STATE,9,0,0,0,0,2026-08-19 21:27:40.220450
569,Welfare of Plain Tribes and Backward Classes Department,58,NO MINISTRY,STATE,15,0,0,0,0,2026-08-19 21:27:46.240214
1429,Technical Education,88,NO MINISTRY,STATE,155,0,0,0,0,2026-08-19 21:27:46.184984
260,Commercial Taxes Department,74,NO MINISTRY,STATE,452,0,0,0,0,2026-08-19 21:27:46.416153
38,Department of Defence,28,Ministry of Defence,CENTRAL,403,0,0,0,0,2026-08-19 21:27:46.395903
208,LAW AND JUDICIAL,57,NO MINISTRY,STATE,234,0,0,0,0,2026-08-19 21:27:46.416153
256,General Administration Department,74,NO MINISTRY,STATE,24,0,0,0,0,2026-08-19 21:27:46.143926
611,Fisheries & Animal Resources Development (F&ARD),80,NO MINISTRY,STATE,31,0,0,0,0,2026-08-19 21:27:45.940846
348,B.C. Welfare Department,56,NO MINISTRY,STATE,5,0,0,0,0,2026-08-19 21:27:38.609843
177,Law and Legislative Affairs Department,76,NO MINISTRY,STATE,37,0,0,0,0,2026-08-19 21:27:41.949870
1636,Fire and Emergency Services Department,67,NO MINISTRY,STATE,6,0,0,0,0,2026-08-19 21:27:34.254247
535,Environments and Forest Department,58,NO MINISTRY,STATE,11,0,0,0,0,2026-08-19 21:27:40.825640
654,Finance,69,NO MINISTRY,UNION_TERRITORY,227,0,0,0,0,2026-08-19 21:27:46.329324
1469,Minorities Department,166,Govt of Maharashtra,STATE,9,0,0,0,0,2026-08-19 21:27:38.907471
541,Home Department,58,NO MINISTRY,STATE,45,0,0,0,0,2026-08-19 21:27:42.190853
937,Department of School Education,82,NO MINISTRY,STATE,40,0,0,0,0,2026-08-19 21:27:42.978573
15,Department of Heavy Industry,14,Ministry of Heavy Industries and Public Enterprises,CENTRAL,89,0,0,0,0,2026-08-19 21:27:46.300669
1073,DEPARTMENT OF COMMERCIAL TAX,61,State Government,STATE,136,0,0,0,0,2026-08-19 21:27:46.271171
484,Minority Welfare,88,NO MINISTRY,STATE,84,0,0,0,0,2026-08-19 21:27:46.395244
487,Parliamentary Affairs,88,NO MINISTRY,STATE,50,0,0,0,0,2026-08-19 21:27:45.675652
217,"Public Department, Government of Tamil Nadu",85,NO MINISTRY,STATE,32,0,0,0,0,2026-08-19 21:27:46.392662
697,"Commercial Taxes Department, Government of Jharkhand",70,NO MINISTRY,STATE,365,0,0,0,0,2026-08-19 21:27:46.240214
371,"Backward Classes(BC), Most Backward Classes(MBC) and Minorities Welfare Department, Government of Tamil Nadu",85,NO MINISTRY,STATE,70,0,0,0,0,2026-08-19 21:27:46.202273
618,Industries and Commerce Department,69,NO MINISTRY,UNION_TERRITORY,96,0,0,0,0,2026-08-19 21:27:46.414938
652,PHE(I&FC),69,NO MINISTRY,UNION_TERRITORY,121,0,0,0,0,2026-08-19 21:27:46.301673
1142,Social Justice Empowerment Department,83,NO MINISTRY,STATE,104,0,0,0,0,2026-08-19 21:27:46.395903
1133,Public Health Engineering Department(PHED),83,NO MINISTRY,STATE,51,0,0,0,0,2026-08-19 21:27:46.241210
1462,"Agriculture, Animal Husbandry, Dairy Development and Fisheries Department",166,Govt of Maharashtra,STATE,331,0,0,0,0,2026-08-19 21:27:46.395244
921,Directorate of Panchayats,87,NO MINISTRY,STATE,9,0,0,0,0,2026-08-19 21:27:41.949870
500,Secondary Education,88,NO MINISTRY,STATE,146,0,0,0,0,2026-08-19 21:27:46.328661
248,"Adi Dravidar and Tribal Welfare Department, Government of Tamil Nadu",85,NO MINISTRY,STATE,40,0,0,0,0,2026-08-19 21:27:46.064839
1053,DEPARTMENT OF REVENUE AND DISASTER MANAGEMENT,61,State Government,STATE,44,0,0,0,0,2026-08-19 21:27:46.328661
1516,"Department of Water Resources, River Development and Ganga Rejuvenation",199,Ministry of Jal Shaktri,CENTRAL,222,0,0,0,0,2026-08-19 21:27:46.272169
1130,Parliamentary Affairs Department,83,NO MINISTRY,STATE,71,0,0,0,0,2026-08-19 21:27:46.416797
1425,Basic Education,88,NO MINISTRY,STATE,37,0,0,0,0,2026-08-19 21:27:46.130515
54,Department of Empowerment of Persons with Disabilities,25,Ministry of Social Justice and Empowerment,CENTRAL,127,0,0,0,0,2026-08-19 21:27:46.301673
1209,DEPARTMENT OF ANIMAL HUSBANDRY,61,State Government,STATE,11,0,0,0,0,2026-08-19 21:27:41.182045
441,Agriculture,88,NO MINISTRY,STATE,107,0,0,0,0,2026-08-19 21:27:46.415575
495,Revenue,88,NO MINISTRY,STATE,567,0,0,0,0,2026-08-19 21:27:46.333401
163,Rural Development and Panchayati Raj,76,NO MINISTRY,STATE,5,0,0,0,0,2026-08-19 21:27:45.562115
850,Transport Department,64,NO MINISTRY,UNION_TERRITORY,38,0,0,0,0,2026-08-19 21:27:46.240214
1100,Medical Education Department,83,NO MINISTRY,STATE,72,0,0,0,0,2026-08-19 21:27:46.064839
188,Finance Department,76,NO MINISTRY,STATE,18,0,0,0,0,2026-08-19 21:27:46.156864
228,"Agriculture, Farmer Welfare and Co-operation Department",66,NO MINISTRY,STATE,13,0,0,0,0,2026-08-19 21:27:41.752324
927,"Revenue Department, Government of Goa",65,NO MINISTRY,STATE,34,0,0,0,0,2026-08-19 21:27:41.538548
461,Finance,88,NO MINISTRY,STATE,68,0,0,0,0,2026-08-19 21:27:46.116228
1085,"Transport Department, Government of Goa",65,NO MINISTRY,STATE,10,0,0,0,0,2026-08-19 21:27:46.156864
1061,"Environment and Forests Department, Tamil Nadu",85,NO MINISTRY,STATE,88,0,0,0,0,2026-08-19 21:27:46.329324
1196,Department of Revenue,63,NO MINISTRY,UNION_TERRITORY,7,0,0,0,0,2026-08-19 21:27:41.903915
72,Department of Health Research,12,Ministry of Health and Family Welfare,CENTRAL,67,0,0,0,0,2026-08-19 21:27:46.394585
268,Energy Department,74,NO MINISTRY,STATE,88,0,0,0,0,2026-08-19 21:27:46.222819
451,Culture,88,NO MINISTRY,STATE,132,0,0,0,0,2026-08-19 21:27:46.129619
939,Department of Water Resources,82,NO MINISTRY,STATE,30,0,0,0,0,2026-08-19 21:27:40.389882
58,Department of Telecommunications,37,Ministry of Communications,CENTRAL,181,0,0,0,0,2026-08-19 21:27:46.066116
458,Estate,88,NO MINISTRY,STATE,19,0,0,0,0,2026-08-19 21:27:46.332164
1253,Health & Family Welfare,72,NO MINISTRY,STATE,4,0,0,0,0,2026-08-19 21:27:21.678141
638,Home,69,NO MINISTRY,UNION_TERRITORY,166,0,0,0,0,2026-08-19 21:27:46.329985
1478,Water Resources Department,166,Govt of Maharashtra,STATE,336,0,0,0,0,2026-08-19 21:27:46.327997
475,Irrigation & Water Resources,88,NO MINISTRY,STATE,100,0,0,0,0,2026-08-19 21:27:45.563926
561,Revenue Department,58,NO MINISTRY,STATE,83,0,0,0,0,2026-08-19 21:27:46.242210
1467,Marathi Languages Department,166,Govt of Maharashtra,STATE,37,0,0,0,0,2026-08-19 21:27:42.247544
452,Dairy Development,88,NO MINISTRY,STATE,16,0,0,0,0,2026-08-19 21:27:45.939847
247,"Home Department, Government of Tamil Nadu",85,NO MINISTRY,STATE,22,0,0,0,0,2026-08-19 21:27:46.272169
1018,DEPARTMENT OF PARLIAMENTARY AFFAIRS,61,State Government,STATE,25,0,0,0,0,2026-08-19 21:27:46.271171
1385,"Department of Personnel, Government of Goa",65,NO MINISTRY,STATE,4,0,0,0,0,2026-08-19 21:27:41.599783
1084,DEPARTMENT OF TRANSPORT,61,State Government,STATE,51,0,0,0,0,2026-08-19 21:27:46.257461
1361,Department of Revenue,91,Andaman and Nicobar Administration,UNION_TERRITORY,12,0,0,0,0,2026-08-19 21:27:34.645232
760,Food Supplies & Consumer Welfare,80,NO MINISTRY,STATE,35,0,0,0,0,2026-08-19 21:27:46.143926
648,Floriculture,69,NO MINISTRY,UNION_TERRITORY,12,0,0,0,0,2026-08-19 21:27:42.617294
909,Directorate of Social Welfare & Social Education,87,NO MINISTRY,STATE,13,0,0,0,0,2026-08-19 21:27:46.271171
474,Infrastructure & Industrial Development,88,NO MINISTRY,STATE,111,0,0,0,0,2026-08-19 21:27:46.301673
514,Vigilance,88,NO MINISTRY,STATE,23,0,0,0,0,2026-08-19 21:27:37.696642
570,Guwahati Development Department,58,NO MINISTRY,STATE,39,0,0,0,0,2026-08-19 21:27:45.821727
800,Home,117,Home,STATE,33,0,0,0,0,2026-08-19 21:27:46.103291
1257,Industries and Commerce,72,NO MINISTRY,STATE,13,0,0,0,0,2026-08-19 21:27:39.518656
276,Law and Legislative Affairs Department,74,NO MINISTRY,STATE,14,0,0,0,0,2026-08-19 21:27:42.861211
837,LAW DEPARTMENT,81,NO MINISTRY,UNION_TERRITORY,87,0,0,0,0,2026-08-19 21:27:46.415575
359,Water Resources Department,56,NO MINISTRY,STATE,5,0,0,0,0,2026-08-19 21:27:31.879079
257,Jail Department,74,NO MINISTRY,STATE,14,0,0,0,0,2026-08-19 21:27:41.280922
35,Department of Social Justice and Empowerment,25,Ministry of Social Justice and Empowerment,CENTRAL,140,0,0,0,0,2026-08-19 21:27:46.393973
545,Judicial Department,58,NO MINISTRY,STATE,45,0,0,0,0,2026-08-19 21:27:46.286651
245,"Revenue and Disaster Management Department, Government of Tamil Nadu",85,NO MINISTRY,STATE,36,0,0,0,0,2026-08-19 21:27:42.921174
1020,Chandigarh Transport Undertaking,60,NO MINISTRY,UNION_TERRITORY,8,0,0,0,0,2026-08-19 21:27:39.394085
1108,Elementary Education Department,83,NO MINISTRY,STATE,41,0,0,0,0,2026-08-19 21:27:46.286651
634,Animal and Sheep Husbandary,69,NO MINISTRY,UNION_TERRITORY,43,0,0,0,0,2026-08-19 21:27:45.624295
270,Co- operation Department,74,NO MINISTRY,STATE,16,0,0,0,0,2026-08-19 21:27:38.781813
1017,"DEPARTMENT OF FOOD, CIVIL SUPPLIES AND CONSUMER PROTECTION",61,State Government,STATE,28,0,0,0,0,2026-08-19 21:27:46.130515
902,CABINET SECRETARIAT DEPARTMENT,59,NO MINISTRY,STATE,5,0,0,0,0,2026-08-19 21:27:35.515864
903,CO-OPERATIVE DEPARTMENT,59,NO MINISTRY,STATE,11,0,0,0,0,2026-08-19 21:27:46.332164
1362,Department of Social Welfare,91,Andaman and Nicobar Administration,UNION_TERRITORY,73,0,0,0,0,2026-08-19 21:27:46.300669
1473,School Education and Sports Department,166,Govt of Maharashtra,STATE,176,0,0,0,0,2026-08-19 21:27:46.301673
743,Agriculture and Cooperation,86,NO MINISTRY,STATE,112,0,0,0,0,2026-08-19 21:27:46.286651
1181,Water Supply and Sanitation Department,166,Govt of Maharashtra,STATE,94,0,0,0,0,2026-08-19 21:27:46.171275
1124,Law and Legal Affairs Department,83,NO MINISTRY,STATE,193,0,0,0,0,2026-08-19 21:27:46.414938
691,"Commercial Taxes and Registration Department, Government of Tamil Nadu",85,NO MINISTRY,STATE,57,0,0,0,0,2026-08-19 21:27:46.117232
1101,Minority Affairs Department,83,NO MINISTRY,STATE,35,0,0,0,0,2026-08-19 21:27:42.661053
1185,DEPARTMENT OF HOME,61,State Government,STATE,44,0,0,0,0,2026-08-19 21:27:46.415575
283,"Food,Civil Supplies and Consumer Protection Department",74,NO MINISTRY,STATE,25,0,0,0,0,2026-08-19 21:27:46.045690
346,Finance Department,56,NO MINISTRY,STATE,1,0,0,0,0,2026-08-19 21:27:19.719086
391,DEPARTMENT OF ENERGY,89,NO MINISTRY,STATE,25,0,0,0,0,2026-08-19 21:27:41.398563
506,Sports,88,NO MINISTRY,STATE,37,0,0,0,0,2026-08-19 21:27:46.143926
469,Home,88,NO MINISTRY,STATE,208,0,0,0,0,2026-08-19 21:27:46.301673
1162,Social Welfare,60,NO MINISTRY,UNION_TERRITORY,49,0,0,0,0,2026-08-19 21:27:46.240214
1166,DEPARTMENT OF FINANCE,61,State Government,STATE,54,0,0,0,0,2026-08-19 21:27:46.021068
1115,Forest department,83,NO MINISTRY,STATE,19,0,0,0,0,2026-08-19 21:27:42.860213
950,Department of Tourism and Cultural Affairs,82,NO MINISTRY,STATE,40,0,0,0,0,2026-08-19 21:27:46.156864
1280,Tourism,80,NO MINISTRY,STATE,20,0,0,0,0,2026-08-19 21:27:46.129619
901,Estate Office,60,NO MINISTRY,UNION_TERRITORY,125,0,0,0,0,2026-08-19 21:27:46.415575
1472,Public Works Department,166,Govt of Maharashtra,STATE,110,0,0,0,0,2026-08-19 21:27:46.271171
1045,DEPARTMENT OF MINERAL RESOURCES,61,State Government,STATE,30,0,0,0,0,2026-08-19 21:27:46.327997
1144,Technical Education Department,83,NO MINISTRY,STATE,170,0,0,0,0,2026-08-19 21:27:46.329324
531,Excise Department,58,NO MINISTRY,STATE,13,0,0,0,0,2026-08-19 21:27:38.361969
407,Horticulture Department,71,NO MINISTRY,STATE,3,0,0,0,0,2026-08-19 21:27:22.563716
293,Aviation Department,74,NO MINISTRY,STATE,4,0,0,0,0,2026-08-19 21:27:40.825640
1438,Vocational Education & Skill Development,88,NO MINISTRY,STATE,7,0,0,0,0,2026-08-19 21:27:46.043702
453,Dharmarth,88,NO MINISTRY,STATE,66,0,0,0,0,2026-08-19 21:27:46.271171
1026,DEPARTMENT OF TECHNICAL EDUCATION,61,State Government,STATE,4,0,0,0,0,2026-08-19 21:27:38.466277
1117,Gopalan Department,83,NO MINISTRY,STATE,38,0,0,0,0,2026-08-19 21:27:42.057725
1500,Department of Science and Technology,91,Andaman and Nicobar Administration,UNION_TERRITORY,8,0,0,0,0,2026-08-19 21:27:38.494006
918,Directorate of Urban Development,87,NO MINISTRY,STATE,12,0,0,0,0,2026-08-19 21:27:42.976481
1048,DEPARTMENT OF URBAN ADMINISTRATION,61,State Government,STATE,68,0,0,0,0,2026-08-19 21:27:45.996033
1064,DEPARTMENT OF HIGHER EDUCATION,61,State Government,STATE,31,0,0,0,0,2026-08-19 21:27:45.622510
303,Public Service Management Department,74,NO MINISTRY,STATE,48,0,0,0,0,2026-08-19 21:27:46.171275
55,Department of Chemicals and Petro-Chemicals,35,Ministry of Chemicals and Fertilizers,CENTRAL,71,0,0,0,0,2026-08-19 21:27:46.257461
627,School Education Department,69,NO MINISTRY,UNION_TERRITORY,60,0,0,0,0,2026-08-19 21:27:45.479622
43,Department of Land Resources,18,Ministry of Rural Development,CENTRAL,368,0,0,0,0,2026-08-19 21:27:46.271171
624,"Disaster Management, Relief and Rehabilitation",69,NO MINISTRY,UNION_TERRITORY,11,0,0,0,0,2026-08-19 21:27:46.102722
274,Public Works Department,74,NO MINISTRY,STATE,1,0,0,0,0,2026-08-19 21:27:19.745581
772,"Department for Women, Children, Disabled and Senior Citizens",86,NO MINISTRY,STATE,25,0,0,0,0,2026-08-19 21:27:46.329985
607,Revenue,69,NO MINISTRY,UNION_TERRITORY,325,0,0,0,0,2026-08-19 21:27:46.330919
496,Rural Development,88,NO MINISTRY,STATE,67,0,0,0,0,2026-08-19 21:27:45.880607
1028,"Co-operative Department, Government of Goa",65,NO MINISTRY,STATE,5,0,0,0,0,2026-08-19 21:27:42.860213
970,Department of Governance Reforms,82,NO MINISTRY,STATE,5,0,0,0,0,2026-08-19 21:27:37.298267
1452,"Director Health & Family Welfare-cum-Mission, National Health Mission",60,NO MINISTRY,UNION_TERRITORY,14,0,0,0,0,2026-08-19 21:27:37.627572
1065,DEPARTMENT OF FOREST AND CLIMATE CHANGE,61,State Government,STATE,31,0,0,0,0,2026-08-19 21:27:46.329324
1295,DEPARTMENT OF SCHOOL EDUCATION,61,State Government,STATE,31,0,0,0,0,2026-08-19 21:27:46.257461
463,Food & Civil Supplies,88,NO MINISTRY,STATE,37,0,0,0,0,2026-08-19 21:27:45.479622
834,GENERAL ADMINISTRATIVE DEPARTMENT,59,NO MINISTRY,STATE,10,0,0,0,0,2026-08-19 21:27:41.902477
985,Department of Social Security,82,NO MINISTRY,STATE,7,0,0,0,0,2026-08-19 21:27:41.124931
325,Energy and Petro-chemicals Department,66,NO MINISTRY,STATE,5,0,0,0,0,2026-08-19 21:27:46.256462
252,FINANCE DEPARTMENT,59,NO MINISTRY,STATE,25,0,0,0,0,2026-08-19 21:27:41.598785
726,"Municipal Administration and Water Supply Department, Government of Tamil Nadu",85,NO MINISTRY,STATE,34,0,0,0,0,2026-08-19 21:27:45.976667
1198,DEPARTMENT OF HEALTH AND FAMILY WELFARE,61,State Government,STATE,35,0,0,0,0,2026-08-19 21:27:46.240214
755,Industries and Commerce,86,NO MINISTRY,STATE,96,0,0,0,0,2026-08-19 21:27:45.879338
443,Animal Husbandary,88,NO MINISTRY,STATE,94,0,0,0,0,2026-08-19 21:27:46.256462
1031,Director of Industries,60,NO MINISTRY,UNION_TERRITORY,7,0,0,0,0,2026-08-19 21:27:37.754801
1453,Government Medical College & Hospital Chandigarh-32,60,NO MINISTRY,UNION_TERRITORY,18,0,0,0,0,2026-08-19 21:27:46.186487
1126,Medical and Health Department,83,NO MINISTRY,STATE,70,0,0,0,0,2026-08-19 21:27:46.415575
649,Social Welfare,69,NO MINISTRY,UNION_TERRITORY,115,0,0,0,0,2026-08-19 21:27:46.330919
1094,Cooperative Department,83,NO MINISTRY,STATE,124,0,0,0,0,2026-08-19 21:27:46.287274
468,Higher Education,88,NO MINISTRY,STATE,276,0,0,0,0,2026-08-19 21:27:46.415575
1195,Department of Law & Justice,63,NO MINISTRY,UNION_TERRITORY,10,0,0,0,0,2026-08-19 21:27:35.818819
412,Department of Personnel & Administrative Reforms,71,NO MINISTRY,STATE,130,0,0,0,0,2026-08-19 21:27:46.130515
1149,Water Resources Department,83,NO MINISTRY,STATE,123,0,0,0,0,2026-08-19 21:27:46.416797
1517,Revenue Department,87,NO MINISTRY,STATE,15,0,0,0,0,2026-08-19 21:27:37.627572
301,Ayush Department,74,NO MINISTRY,STATE,2,0,0,0,0,2026-08-19 21:27:46.064839
1283,Directorate of Land Records & Settlement,87,NO MINISTRY,STATE,7,0,0,0,0,2026-08-19 21:27:38.375879
763,Municipal Administration and Urban Development,86,NO MINISTRY,STATE,56,0,0,0,0,2026-08-19 21:27:46.287274
1063,Labour Department,60,NO MINISTRY,UNION_TERRITORY,42,0,0,0,0,2026-08-19 21:27:46.185981
92,Department of Sports,34,Ministry of Youth Affairs and Sports,CENTRAL,69,0,0,0,0,2026-08-19 21:27:46.392662
876,"Fire Department, Daman",63,NO MINISTRY,UNION_TERRITORY,2,0,0,0,0,2026-08-19 21:27:19.977170
1171,DEPARTMENT OF SUPPLY AND CONSUMER AFFAIRS,89,NO MINISTRY,STATE,6,0,0,0,0,2026-08-19 21:27:35.666685
1030,Registrar Cooperative Societies,60,NO MINISTRY,UNION_TERRITORY,7,0,0,0,0,2026-08-19 21:27:38.781813
152,Industries and Mines Department,66,NO MINISTRY,STATE,11,0,0,0,0,2026-08-19 21:27:42.802949
1360,"Department of RD, PRIs and ULBs",91,Andaman and Nicobar Administration,UNION_TERRITORY,36,0,0,0,0,2026-08-19 21:27:46.184984
338,REVENUE DEPARTMENT,56,NO MINISTRY,STATE,31,0,0,0,0,2026-08-19 21:27:42.474325
1499,Women and Child Development Department,166,Govt of Maharashtra,STATE,82,0,0,0,0,2026-08-19 21:27:46.414938
1395,Department of Fisheries,23,Ministry of Agriculture and Farmers Welfare,CENTRAL,48,0,0,0,0,2026-08-19 21:27:46.257461
534,Water Resources Department,58,NO MINISTRY,STATE,5,0,0,0,0,2026-08-19 21:27:37.401600
409,Commerce & Industries Department,71,NO MINISTRY,STATE,17,0,0,0,0,2026-08-19 21:27:46.171275
1655,Art and Culture,60,NO MINISTRY,UNION_TERRITORY,1,0,0,0,0,2026-08-19 21:27:19.829992
244,"School Education Department, Government of Tamil Nadu",85,NO MINISTRY,STATE,71,0,0,0,0,2026-08-19 21:27:46.171275
1102,Department of Personnel,83,NO MINISTRY,STATE,57,0,0,0,0,2026-08-19 21:27:46.201214
1497,LABOUR RESOURCES DEPARTMENT,59,NO MINISTRY,STATE,52,0,0,0,0,2026-08-19 21:27:42.861211
632,Health and Medical Education Department,69,NO MINISTRY,UNION_TERRITORY,38,0,0,0,0,2026-08-19 21:27:46.241210
307,"Micro, Small and Medium Enterprises Department",74,NO MINISTRY,STATE,3,0,0,0,0,2026-08-19 21:27:40.539322
1258,Labour and Skills,72,NO MINISTRY,STATE,19,0,0,0,0,2026-08-19 21:27:42.715527
1145,Tourism Department,83,NO MINISTRY,STATE,9,0,0,0,0,2026-08-19 21:27:42.715527
859,Department of Personnel and Administrative Reforms,63,NO MINISTRY,UNION_TERRITORY,8,0,0,0,0,2026-08-19 21:27:45.939847
1221,HOME,172,HOME,STATE,11,0,0,0,0,2026-08-19 21:27:35.866597
444,Personnel department,88,NO MINISTRY,STATE,58,0,0,0,0,2026-08-19 21:27:46.331562
759,"Labour Employment, Training and Factories",86,NO MINISTRY,STATE,7,3,1,0,0,2026-08-19 21:27:42.860213
284,Culture Department,74,NO MINISTRY,STATE,85,0,0,0,0,2026-08-19 21:27:46.395244
319,Labour and Employment Department,66,NO MINISTRY,STATE,5,0,0,0,0,2026-08-19 21:27:41.225202
861,Weight & Measurement and Legal Metrology,63,NO MINISTRY,UNION_TERRITORY,3,0,0,0,0,2026-08-19 21:27:37.654621
1095,Energy Department,83,NO MINISTRY,STATE,68,0,0,0,0,2026-08-19 21:27:46.018426
622,Culture,69,NO MINISTRY,UNION_TERRITORY,59,0,0,0,0,2026-08-19 21:27:45.799648
277,Panchayat and Rural Development Department,74,NO MINISTRY,STATE,62,0,0,0,0,2026-08-19 21:27:42.738001
979,Department of New and Renewable Energy Sources,82,NO MINISTRY,STATE,9,0,0,0,0,2026-08-19 21:27:42.116584
552,Personnel Department,58,NO MINISTRY,STATE,12,0,0,0,0,2026-08-19 21:27:46.065483
1121,Industries,83,NO MINISTRY,STATE,154,0,0,0,0,2026-08-19 21:27:46.170273
402,Urban Development Department,71,NO MINISTRY,STATE,66,0,0,0,0,2026-08-19 21:27:46.241210
1248,Fisheries,72,NO MINISTRY,STATE,5,0,0,0,0,2026-08-19 21:27:36.911402
505,Social Welfare,88,NO MINISTRY,STATE,38,0,0,0,0,2026-08-19 21:27:45.676308
145,"Law Department, Government of Tamil Nadu",85,NO MINISTRY,STATE,18,0,0,0,0,2026-08-19 21:27:46.066116
639,Tourism,69,NO MINISTRY,UNION_TERRITORY,105,0,0,0,0,2026-08-19 21:27:46.224057
540,Hill Areas Department,58,NO MINISTRY,STATE,9,0,0,0,0,2026-08-19 21:27:37.602175
1141,Secondary Education,83,NO MINISTRY,STATE,74,0,0,0,0,2026-08-19 21:27:46.170273
1486,Revenue Department,189,NO MINISTRY,UNION_TERRITORY,5,0,0,0,0,2026-08-19 21:27:35.816503
1569,ENERGY DEPARTMENT,59,NO MINISTRY,STATE,27,0,0,0,0,2026-08-19 21:27:41.055946
835,INDUSTRY DEPARTMENT,59,NO MINISTRY,STATE,36,0,0,0,0,2026-08-19 21:27:46.201722
1412,Law and Justice Department,189,NO MINISTRY,UNION_TERRITORY,9,0,0,0,0,2026-08-19 21:27:39.287030
1025,DEPARTMENT OF PANCHAYAT AND RURAL DEVELOPMENT,61,State Government,STATE,52,0,0,0,0,2026-08-19 21:27:46.143926
875,Department of Fisheries,63,NO MINISTRY,UNION_TERRITORY,5,0,0,0,0,2026-08-19 21:27:41.599783
213,"Housing and Urban Development Department, Government of Tamil Nadu",85,NO MINISTRY,STATE,92,0,0,0,0,2026-08-19 21:27:46.224057
518,DEPARTMENT OF SOCIAL WELFARE,89,NO MINISTRY,STATE,2,0,0,0,0,2026-08-19 21:27:36.336670
779,WATER RESOURCES DEPARTMENT,59,NO MINISTRY,STATE,5,0,0,0,0,2026-08-19 21:27:46.415575
107,DEPARTMENT OF SPORTS &amp; YOUTH AFFAIRS,67,NO MINISTRY,STATE,20,0,0,0,0,2026-08-19 21:27:46.186487
210,"Agriculture Department, Government of Tamil Nadu",85,NO MINISTRY,STATE,40,0,0,0,0,2026-08-19 21:27:42.365210
731,"REGISTRATION, EXCISE & PROHIBITION",59,NO MINISTRY,STATE,30,0,0,0,0,2026-08-19 21:27:45.823333
1620,Panchkula Metropolitan Development Authority,67,NO MINISTRY,STATE,15,0,0,0,0,2026-08-19 21:27:41.123934
1137,Redressal of Public Grievance Department (RPG),83,NO MINISTRY,STATE,24,0,0,0,0,2026-08-19 21:27:46.256462
59,Department of Pharmaceuticals,35,Ministry of Chemicals and Fertilizers,CENTRAL,35,0,0,0,0,2026-08-19 21:27:46.332733
1624,Law English Wing,120,Law,STATE,4,0,0,0,0,2026-08-19 21:27:31.043893
508,Tourism,88,NO MINISTRY,STATE,188,0,0,0,0,2026-08-19 21:27:46.395244
515,Women Welfare,88,NO MINISTRY,STATE,27,0,0,0,0,2026-08-19 21:27:45.477625
995,Tribal Affairs and Hills Department,76,NO MINISTRY,STATE,8,0,0,0,0,2026-08-19 21:27:45.624295
47,Department of Agricultural Research and Education,23,Ministry of Agriculture and Farmers Welfare,CENTRAL,123,0,0,0,0,2026-08-19 21:27:46.256462
942,Department of Food and Civil Supply,82,NO MINISTRY,STATE,30,0,0,0,0,2026-08-19 21:27:46.241210
969,Department of Forest and Wild Life,82,NO MINISTRY,STATE,4,0,0,0,0,2026-08-19 21:27:41.752324
1535,POWER DEPARTMENT,67,NO MINISTRY,STATE,1,0,0,0,0,2026-08-19 21:27:19.894248
1538,Haryana State Agricultural Marketing Board,67,NO MINISTRY,STATE,34,0,0,0,0,2026-08-19 21:27:46.222819
211,"Animal Husbandry, Dairying and Fisheries Department, Government of Tamil Nadu",85,NO MINISTRY,STATE,50,0,0,0,0,2026-08-19 21:27:46.272169
265,Forest Department,74,NO MINISTRY,STATE,39,0,0,0,0,2026-08-19 21:27:42.003503
1475,Tourism And Cultural Department,166,Govt of Maharashtra,STATE,46,0,0,0,0,2026-08-19 21:27:46.414298
941,Department of Social Justice Empowerment and Minority,82,NO MINISTRY,STATE,23,0,0,0,0,2026-08-19 21:27:46.065483
374,"Rural Development and Panchayat Raj Department, Government of Tamil Nadu",85,NO MINISTRY,STATE,75,0,0,0,0,2026-08-19 21:27:46.186487
753,Home,86,NO MINISTRY,STATE,106,0,0,0,0,2026-08-19 21:27:46.415575
1188,DEPARTMENT OF PUBLIC WORKS,61,State Government,STATE,17,0,0,0,0,2026-08-19 21:27:46.242210
1260,Minority Welfare,72,NO MINISTRY,STATE,13,0,0,0,0,2026-08-19 21:27:46.129619
1150,Woman and Child Development Department,83,NO MINISTRY,STATE,32,0,0,0,0,2026-08-19 21:27:41.480169
539,Health and Family Welfare Department,58,NO MINISTRY,STATE,19,0,0,0,0,2026-08-19 21:27:39.335656
890,"Police Department, Daman.",63,NO MINISTRY,UNION_TERRITORY,20,0,0,0,0,2026-08-19 21:27:46.200331
896,Department of Skill Development,63,NO MINISTRY,UNION_TERRITORY,4,0,0,0,0,2026-08-19 21:27:40.710626
797,Department of Environment,64,NO MINISTRY,UNION_TERRITORY,17,0,0,0,0,2026-08-19 21:27:40.302137
583,Finance Department,71,NO MINISTRY,STATE,72,0,0,0,0,2026-08-19 21:27:46.300669
745,Backward Classes Welfare,86,NO MINISTRY,STATE,21,0,0,0,0,2026-08-19 21:27:46.201722
1173,Home (judicial),60,NO MINISTRY,UNION_TERRITORY,36,0,0,0,0,2026-08-19 21:27:46.066116
513,Vidhai,88,NO MINISTRY,STATE,77,0,0,0,0,2026-08-19 21:27:46.331562
231,Law and Judicial Department,78,NO MINISTRY,STATE,54,0,0,0,0,2026-08-19 21:27:46.287274
1174,Parliamentary Affairs Department,166,Govt of Maharashtra,STATE,44,0,0,0,0,2026-08-19 21:27:42.542028
290,Higher Education Department,74,NO MINISTRY,STATE,13,0,0,0,0,2026-08-19 21:27:38.260014
95,Department of Posts,37,Ministry of Communications,CENTRAL,14,0,0,0,0,2026-08-19 21:27:37.387067
456,Energy,88,NO MINISTRY,STATE,102,0,0,0,0,2026-08-19 21:27:46.300669
190,Education Department,76,NO MINISTRY,STATE,12,0,0,0,0,2026-08-19 21:27:45.736575
690,"Mines and Geology Department, Government of Jharkhand",70,NO MINISTRY,STATE,5,0,0,0,0,2026-08-19 21:27:46.116228
727,DEPARTMENT OF CULTURE AND RELIGION,89,NO MINISTRY,STATE,12,0,0,0,0,2026-08-19 21:27:42.475416
944,Department of Labour,82,NO MINISTRY,STATE,76,0,0,0,0,2026-08-19 21:27:46.329985
1508,Department of Home Secretariat,91,Andaman and Nicobar Administration,UNION_TERRITORY,6,0,0,0,0,2026-08-19 21:27:42.736086
295,Parliamentrary Affairs Department,74,NO MINISTRY,STATE,12,0,0,0,0,2026-08-19 21:27:41.397464
273,Urban Development and Housing Department,74,NO MINISTRY,STATE,20,0,0,0,0,2026-08-19 21:27:41.456117
1049,"Higher Education Department, Government of Tamil Nadu",85,NO MINISTRY,STATE,49,0,0,0,0,2026-08-19 21:27:41.664763
988,Department of Revenue,82,NO MINISTRY,STATE,24,0,0,0,0,2026-08-19 21:27:46.257461
1179,DEPARTMENT OF HOUSING AND ENVIRONMENT,61,State Government,STATE,28,0,0,0,0,2026-08-19 21:27:45.675652
49,Department of Science and Technology,31,Ministry of Science and Technology,CENTRAL,63,0,0,0,0,2026-08-19 21:27:46.156864
220,"Tourism, Culture and Religious Endowments Department, Government of Tamil Nadu",85,NO MINISTRY,STATE,31,0,0,0,0,2026-08-19 21:27:45.879972
507,Stamp & Registration,88,NO MINISTRY,STATE,78,6,1,1,0,2026-08-19 21:27:46.271171
871,Department of Value Added Tax/GST,63,NO MINISTRY,UNION_TERRITORY,45,0,0,0,0,2026-08-19 21:27:45.996033
863,Department of Education,63,NO MINISTRY,UNION_TERRITORY,6,0,0,0,0,2026-08-19 21:27:36.277043
847,Department of Engineering,60,NO MINISTRY,UNION_TERRITORY,13,0,0,0,0,2026-08-19 21:27:40.649870
546,Labour and Welfare Department,58,NO MINISTRY,STATE,23,0,0,0,0,2026-08-19 21:27:42.247544
334,DEPARTMENT OF LAW AND LEGISLATIVE AFFAIRS,61,State Government,STATE,86,0,0,0,0,2026-08-19 21:27:46.257461
1296,Human Resource Development Department,131,No Ministry,STATE,12,0,0,0,0,2026-08-19 21:27:42.247544
749,Finance,86,NO MINISTRY,STATE,62,0,0,0,0,2026-08-19 21:27:46.393316
600,Women & Child Development Department,71,NO MINISTRY,STATE,5,0,0,0,0,2026-08-19 21:27:41.227708
987,Department of Jails,82,NO MINISTRY,STATE,23,0,0,0,0,2026-08-19 21:27:45.879338
1267,Revenue,72,NO MINISTRY,STATE,23,0,0,0,0,2026-08-19 21:27:42.137027
385,DEPARTMENT OF ANIMAL HUSBANDRY,89,NO MINISTRY,STATE,19,0,0,0,0,2026-08-19 21:27:42.976481
803,Directorate of Gurdwara Election,64,NO MINISTRY,UNION_TERRITORY,3,0,0,0,0,2026-08-19 21:27:36.131392
547,Urban Development Department,58,NO MINISTRY,STATE,19,0,0,0,0,2026-08-19 21:27:42.541013
442,Agriculture Education & Research,88,NO MINISTRY,STATE,51,0,0,0,0,2026-08-19 21:27:46.328661
829,"Law Department, Government of Goa",65,NO MINISTRY,STATE,30,0,0,0,0,2026-08-19 21:27:46.271171
1034,DEPARTMENT OF CO-OPERATIVE,61,State Government,STATE,20,0,0,0,0,2026-08-19 21:27:42.976481
1208,Andaman and Nicobar Administration,91,Andaman and Nicobar Administration,UNION_TERRITORY,16,0,0,0,0,2026-08-19 21:27:39.516956
258,Home Department,74,NO MINISTRY,STATE,19,0,0,0,0,2026-08-19 21:27:45.563114
1461,Women Safety Division,5,Ministry of Home Affairs,CENTRAL,32,0,0,0,0,2026-08-19 21:27:46.223548
138,HIGHER EDUCATION,67,NO MINISTRY,STATE,12,0,0,0,0,2026-08-19 21:27:41.281921
483,Namami Gange and Rural Water Supply,88,NO MINISTRY,STATE,41,0,0,0,0,2026-08-19 21:27:46.286651
1090,Ayurved and Indian Medicine Department,83,NO MINISTRY,STATE,13,0,0,0,0,2026-08-19 21:27:46.200331
126,PRISONS DEPARTMENT,67,NO MINISTRY,STATE,9,0,0,0,0,2026-08-19 21:27:46.117232
1096,Environment Department,83,NO MINISTRY,STATE,30,0,0,0,0,2026-08-19 21:27:45.821727
721,"Agriculture, Animal Husbandry and Co-operative Department, Government of Jharkhand",70,NO MINISTRY,STATE,10,0,0,0,0,2026-08-19 21:27:46.241210
590,"Information Technology, Bio-Technology & Science & Technology Department",71,NO MINISTRY,STATE,8,0,0,0,0,2026-08-19 21:27:34.841057
219,"Social Welfare and Nutritious Meal Programme Department, Government of Tamil Nadu",85,NO MINISTRY,STATE,29,0,0,0,0,2026-08-19 21:27:42.117575
494,Public Works Department,88,NO MINISTRY,STATE,62,0,0,0,0,2026-08-19 21:27:42.803947
185,Forest and Environment Department,76,NO MINISTRY,STATE,5,0,0,0,0,2026-08-19 21:27:37.713559
1474,Social Justice and Special Assistance Department,166,Govt of Maharashtra,STATE,43,0,0,0,0,2026-08-19 21:27:46.223548
699,Power Department,64,NO MINISTRY,UNION_TERRITORY,19,0,0,0,0,2026-08-19 21:27:46.143926
783,Delhi Transport Corporation,64,NO MINISTRY,UNION_TERRITORY,8,0,0,0,0,2026-08-19 21:27:46.117232
459,Excise,88,NO MINISTRY,STATE,99,0,0,0,0,2026-08-19 21:27:46.019422
841,HEALTH DEPARTMENT,59,NO MINISTRY,STATE,33,0,0,0,0,2026-08-19 21:27:45.562115
1131,Planning Department,83,NO MINISTRY,STATE,43,0,0,0,0,2026-08-19 21:27:46.271171
406,Agriculture Department,71,NO MINISTRY,STATE,4,0,0,0,0,2026-08-19 21:27:46.394585
414,DEPARTMENT OF DISASTER MANAGEMENT,89,NO MINISTRY,STATE,27,0,0,0,0,2026-08-19 21:27:42.920180
259,Finance Department,74,NO MINISTRY,STATE,26,0,0,0,0,2026-08-19 21:27:42.976481
317,Ports and Transport Department,66,NO MINISTRY,STATE,40,0,0,0,0,2026-08-19 21:27:46.286027
153,DEPARTMENT OF PARLIAMENTARY AFFAIRS,71,NO MINISTRY,STATE,16,0,0,0,0,2026-08-19 21:27:41.397464
1411,Public Works Department(R&B),87,NO MINISTRY,STATE,2,0,0,0,0,2026-08-19 21:27:38.830080
1081,DEPARTMENT OF CULTURE AND ARCHAEOLOGY,61,State Government,STATE,10,0,0,0,0,2026-08-19 21:27:38.580172
1069,DEPARTMENT OF COMMERCE AND INDUSTRIES,61,State Government,STATE,20,0,0,0,0,2026-08-19 21:27:46.285522
1545,"Department of School Education, Haryana",67,NO MINISTRY,STATE,4,0,0,0,0,2026-08-19 21:27:46.156864
82,Department of Secientific and Industrial Research,31,Ministry of Science and Technology,CENTRAL,28,0,0,0,0,2026-08-19 21:27:40.651895
966,Department of Health & Family Welfare,82,NO MINISTRY,STATE,23,0,0,0,0,2026-08-19 21:27:45.878686
398,DEPARTMENT OFINDUSTRIAL DEVELOPMENT,89,NO MINISTRY,STATE,5,0,0,0,0,2026-08-19 21:27:39.011427
455,Empowerment Of Persons With Disabilities,88,NO MINISTRY,STATE,78,0,0,0,0,2026-08-19 21:27:46.301673
617,Agriculture Production Department,69,NO MINISTRY,UNION_TERRITORY,23,0,0,0,0,2026-08-19 21:27:45.563114
447,Civil Aviation,88,NO MINISTRY,STATE,10,0,0,0,0,2026-08-19 21:27:46.332164
716,"ST/SC Minority and Backward Class Welfare Department, Government of Jharkhand",70,NO MINISTRY,STATE,3,0,0,0,0,2026-08-19 21:27:24.681483
578,"Law Department, Government of Jharkhand",70,NO MINISTRY,STATE,4,0,0,0,0,2026-08-19 21:27:36.419340
1329,"Fisheries Department, Government of Goa",65,NO MINISTRY,STATE,3,0,0,0,0,2026-08-19 21:27:35.682994
704,HOME DEPARTMENT,64,NO MINISTRY,UNION_TERRITORY,8,0,0,0,0,2026-08-19 21:27:42.364214
1663,Directorate of Fire & Emergency Services,65,NO MINISTRY,STATE,1,0,0,0,0,2026-08-19 21:27:20.094289
229,Revenue Department,66,NO MINISTRY,STATE,25,0,0,0,0,2026-08-19 21:27:42.419741
796,Department of Social Welfare,64,NO MINISTRY,UNION_TERRITORY,14,0,0,0,0,2026-08-19 21:27:46.184984
1480,Finance Department,189,NO MINISTRY,UNION_TERRITORY,3,0,0,0,0,2026-08-19 21:27:33.162090
1168,Land Acquisition Department,60,NO MINISTRY,UNION_TERRITORY,24,0,0,0,0,2026-08-19 21:27:45.996692
1055,DEPARTMENT OF ENERGY,61,State Government,STATE,58,0,0,0,0,2026-08-19 21:27:46.171275
1522,Soil and Water Conservation Department,166,Govt of Maharashtra,STATE,40,0,0,0,0,2026-08-19 21:27:46.185981
401,Law department,71,NO MINISTRY,STATE,22,0,0,0,0,2026-08-19 21:27:46.271171
292,"Technical Education, Skill Development and Employment Department",74,NO MINISTRY,STATE,37,0,0,0,0,2026-08-19 21:27:46.020433
1169,Deputy Commissioner,60,NO MINISTRY,UNION_TERRITORY,10,0,0,0,0,2026-08-19 21:27:46.116228
271,Labour Department,74,NO MINISTRY,STATE,7,0,0,0,0,2026-08-19 21:27:39.227420
750,General Administration,86,NO MINISTRY,STATE,11,0,0,0,0,2026-08-19 21:27:41.057942
616,AGRICULTURE AND FARMERS WELFARE DEPARTMENT,67,NO MINISTRY,STATE,11,0,0,0,0,2026-08-19 21:27:46.117232
1216,"Water Resource Department, Government of Goa",65,NO MINISTRY,STATE,9,0,0,0,0,2026-08-19 21:27:46.300669
1510,Animal Husbandry and Veterinary Services,91,Andaman and Nicobar Administration,UNION_TERRITORY,5,0,0,0,0,2026-08-19 21:27:39.013428
926,Environment,60,NO MINISTRY,UNION_TERRITORY,27,0,0,0,0,2026-08-19 21:27:46.157868
593,Labour Department,71,NO MINISTRY,STATE,13,0,0,0,0,2026-08-19 21:27:40.934344
377,Law Department,87,NO MINISTRY,STATE,3,0,0,0,0,2026-08-19 21:27:29.003268
516,Youth Welfare,88,NO MINISTRY,STATE,13,0,0,0,0,2026-08-19 21:27:40.220450
1470,Planning Department,166,Govt of Maharashtra,STATE,32,0,0,0,0,2026-08-19 21:27:46.329985
646,Trasnport,69,NO MINISTRY,UNION_TERRITORY,74,0,0,0,0,2026-08-19 21:27:46.270174
480,Law,88,NO MINISTRY,STATE,86,0,0,0,0,2026-08-19 21:27:45.800648
1228,"Finance Department, Government of Goa",65,NO MINISTRY,STATE,24,0,0,0,0,2026-08-19 21:27:42.117575
748,"Environment, Forests, Science and Technology",86,NO MINISTRY,STATE,42,0,0,0,0,2026-08-19 21:27:46.157868
149,Andaman and Nicobar Police,91,Andaman and Nicobar Administration,UNION_TERRITORY,16,0,0,0,0,2026-08-19 21:27:40.588973
1071,SOCIAL WELFARE DEPARTMENT,59,NO MINISTRY,STATE,19,0,0,0,0,2026-08-19 21:27:42.801954
1617,Police Department,67,NO MINISTRY,STATE,16,0,0,0,0,2026-08-19 21:27:40.709631
329,Agriculture,98,Agriculture,STATE,5,0,0,0,0,2026-08-19 21:27:38.361969
250,Legal Department,66,NO MINISTRY,STATE,8,0,0,0,0,2026-08-19 21:27:40.486814
1046,Government Medical College Hospital Sector 16,60,NO MINISTRY,UNION_TERRITORY,13,0,0,0,0,2026-08-19 21:27:45.736575
1294,"DEPARTMENT OF SKILL DEVELOPMENT, TECHNICAL EDUCATION AND EMPLOYMENT",61,State Government,STATE,16,0,0,0,0,2026-08-19 21:27:45.624946
566,Sports and Youth Welfare Department,58,NO MINISTRY,STATE,1,0,0,0,0,2026-08-19 21:27:20.173995
585,"Forest, Environment & Ecology Department",71,NO MINISTRY,STATE,6,0,0,0,0,2026-08-19 21:27:46.103925
529,Higher Education Department,58,NO MINISTRY,STATE,45,0,0,0,0,2026-08-19 21:27:46.327997
288,Animal Husbandry Department,74,NO MINISTRY,STATE,13,0,0,0,0,2026-08-19 21:27:46.300669
965,Department of Local Government,82,NO MINISTRY,STATE,54,0,0,0,0,2026-08-19 21:27:46.129619
109,HOME DEPARTMENT,67,NO MINISTRY,STATE,15,0,0,0,0,2026-08-19 21:27:41.480169
769,School Education,86,NO MINISTRY,STATE,5,0,0,0,0,2026-08-19 21:27:46.202273
1303,LAW AND JUSTICE,180,LAW AND JUSTICE,STATE,9,0,0,0,0,2026-08-19 21:27:39.286047
1042,Directorate of Information Technology,87,NO MINISTRY,STATE,5,0,0,0,0,2026-08-19 21:27:46.301673
810,Labour Department,64,NO MINISTRY,UNION_TERRITORY,13,0,0,0,0,2026-08-19 21:27:40.649870
884,Department of Public Health,63,NO MINISTRY,UNION_TERRITORY,26,0,0,0,0,2026-08-19 21:27:41.478032
1439,Department of Personnel,60,NO MINISTRY,UNION_TERRITORY,4,0,0,0,0,2026-08-19 21:27:37.244009
1298,Animal Husbandry Livestock Fisheries & Veterinary Services Department,131,No Ministry,STATE,4,0,0,0,0,2026-08-19 21:27:34.930086
1247,Finance,72,NO MINISTRY,STATE,7,0,0,0,0,2026-08-19 21:27:37.369966
473,Information Technology & Electronics,88,NO MINISTRY,STATE,35,0,0,0,0,2026-08-19 21:27:46.301673
1315,"Home Department, Government of Goa",65,NO MINISTRY,STATE,8,0,0,0,0,2026-08-19 21:27:46.271171
396,DEPARTMENT OF URBAN DEVELOPMENT,89,NO MINISTRY,STATE,12,0,0,0,0,2026-08-19 21:27:42.861211
291,Science and Technology Department,74,NO MINISTRY,STATE,5,0,0,0,0,2026-08-19 21:27:37.330360
294,Bhopal Gas Tragedy Relief and Rehabilitation Department,74,NO MINISTRY,STATE,10,0,0,0,0,2026-08-19 21:27:45.976667
1047,DEPARTMENT OF TRIBAL WELFARE,61,State Government,STATE,29,0,0,0,0,2026-08-19 21:27:42.137720
1219,Education Department (Schools),60,NO MINISTRY,UNION_TERRITORY,6,0,0,0,0,2026-08-19 21:27:37.123018
1537,"Information, Public Relations and Languages Department",67,NO MINISTRY,STATE,2,0,0,0,0,2026-08-19 21:27:33.525882
789,Department of Women and Child Development,64,NO MINISTRY,UNION_TERRITORY,21,0,0,0,0,2026-08-19 21:27:46.116228
323,Urban Development and Urban Housing Department,66,NO MINISTRY,STATE,14,0,0,0,0,2026-08-19 21:27:45.997810
1040,Directorate of Industries & Commerce,87,NO MINISTRY,STATE,3,0,0,0,0,2026-08-19 21:27:46.257461
266,Industry Policy and Investment Promotion Department,74,NO MINISTRY,STATE,14,0,0,0,0,2026-08-19 21:27:46.131096
315,Tribal Development Department,66,NO MINISTRY,STATE,11,0,0,0,0,2026-08-19 21:27:41.664763
1311,Health & Family Welfare Department,131,No Ministry,STATE,3,0,0,0,0,2026-08-19 21:27:29.099147
527,Co-operation Department,58,NO MINISTRY,STATE,18,0,0,0,0,2026-08-19 21:27:46.170273
476,Khadi & Village Industries,88,NO MINISTRY,STATE,28,0,0,0,0,2026-08-19 21:27:45.958697
1449,Agriculture Marketing & Forign Trade,88,NO MINISTRY,STATE,62,0,0,0,0,2026-08-19 21:27:45.880607
588,Transport Department,71,NO MINISTRY,STATE,4,0,0,0,0,2026-08-19 21:27:31.940767
1581,Dairy Development,72,NO MINISTRY,STATE,2,0,0,0,0,2026-08-19 21:27:26.586602
1082,DEPARTMENT OF GENERAL ADMINISTRATION,61,State Government,STATE,49,3,1,0,0,2026-08-19 21:27:46.157868
887,Department of Animal Husbandry & Veterinary Services,63,NO MINISTRY,UNION_TERRITORY,11,0,0,0,0,2026-08-19 21:27:38.522506
102,WELFARE OF SC &amp; BC,67,NO MINISTRY,STATE,23,0,0,0,0,2026-08-19 21:27:45.736575
774,"Co-operation, Food and Consumer Protection Department, Government of Tamil Nadu",85,NO MINISTRY,STATE,11,0,0,0,0,2026-08-19 21:27:38.718954
1099,Language and Library Department,83,NO MINISTRY,STATE,2,0,0,0,0,2026-08-19 21:27:21.679560
1391,SUGERCANE INDUSTRIES DEPARTMENT,59,NO MINISTRY,STATE,9,0,0,0,0,2026-08-19 21:27:38.763653
1134,Public Works Department(PWD),83,NO MINISTRY,STATE,80,0,0,0,0,2026-08-19 21:27:45.939847
1278,Water Resources,72,NO MINISTRY,STATE,6,0,0,0,0,2026-08-19 21:27:38.705334
488,Planning,88,NO MINISTRY,STATE,21,0,0,0,0,2026-08-19 21:27:46.202273
89,Department of Pension and Pensioners Welfare,26,"Ministry of Personnel, Public Grievances and Pensions",CENTRAL,17,0,0,0,0,2026-08-19 21:27:45.974675
1476,Tribal Development Department,166,Govt of Maharashtra,STATE,20,0,0,0,0,2026-08-19 21:27:42.475416
758,Irrigation and Command Area Development,86,NO MINISTRY,STATE,13,0,0,0,0,2026-08-19 21:27:45.820726
907,Directorate of School Education(Legal Affairs Unit),87,NO MINISTRY,STATE,6,0,0,0,0,2026-08-19 21:27:37.614175
352,Animal Husbandry & Dairy Development & Fisheries Department,56,NO MINISTRY,STATE,8,0,0,0,0,2026-08-19 21:27:37.296282
946,Department of Animal Husbandry,82,NO MINISTRY,STATE,10,0,0,0,0,2026-08-19 21:27:42.661053
961,Department of Agriculture,82,NO MINISTRY,STATE,43,0,0,0,0,2026-08-19 21:27:46.064839
752,Higher Education,86,NO MINISTRY,STATE,9,0,0,0,0,2026-08-19 21:27:38.507348
738,REVENUE & LAND REFORMS DEPARTMENT,59,NO MINISTRY,STATE,21,0,0,0,0,2026-08-19 21:27:42.138840
613,"IRRIGATION & WATER RESOURCES DEPARTMENT, HARYANA",67,NO MINISTRY,STATE,15,0,0,0,0,2026-08-19 21:27:46.395903
742,Law,86,NO MINISTRY,STATE,64,0,0,0,0,2026-08-19 21:27:46.171275
1116,General Administration Department,83,NO MINISTRY,STATE,26,0,0,0,0,2026-08-19 21:27:46.271171
1597,DEPARTMENT OF PUBLIC RELATION,61,State Government,STATE,2,0,0,0,0,2026-08-19 21:27:24.935605
913,Directorate of Higher Education (Legal Affairs Unit),87,NO MINISTRY,STATE,9,0,0,0,0,2026-08-19 21:27:42.860213
996,Department of State Election Commission,82,NO MINISTRY,STATE,2,0,0,0,0,2026-08-19 21:27:39.172732
134,FOOD CIVIL SUPPLIES & CONSUMER AFFAIRS,67,NO MINISTRY,STATE,26,0,0,0,0,2026-08-19 21:27:41.819305
851,TRANSPORT DEPARTMENT,59,NO MINISTRY,STATE,36,0,0,0,0,2026-08-19 21:27:46.242210
891,"Daman Municipal Council, Daman.",63,NO MINISTRY,UNION_TERRITORY,11,0,0,0,0,2026-08-19 21:27:38.566345
1032,Excise and Taxation Department,60,NO MINISTRY,UNION_TERRITORY,21,0,0,0,0,2026-08-19 21:27:45.959704
1490,Cooperatives Department,189,NO MINISTRY,UNION_TERRITORY,1,0,0,0,0,2026-08-19 21:27:20.350408
299,Medical Education Department,74,NO MINISTRY,STATE,14,3,1,0,0,2026-08-19 21:27:46.241210
951,DEPARTMENT OF WOMENT EMPOWEREMENT AND CHILD DEVELOPMENT,89,NO MINISTRY,STATE,2,0,0,0,0,2026-08-19 21:27:31.982822
1396,"Department of Archives, Government of Goa.",65,NO MINISTRY,STATE,2,0,0,0,0,2026-08-19 21:27:33.335679
1526,"CHIEF SCRETARY OFFICE, HARYANA",67,NO MINISTRY,STATE,15,0,0,0,0,2026-08-19 21:27:41.753925
895,"Sub Jail, Daman",63,NO MINISTRY,UNION_TERRITORY,2,0,0,0,0,2026-08-19 21:27:26.652189
972,Department of Parliamentary Affairs,82,NO MINISTRY,STATE,8,0,0,0,0,2026-08-19 21:27:27.651307
1509,Department of Transport,91,Andaman and Nicobar Administration,UNION_TERRITORY,14,0,0,0,0,2026-08-19 21:27:46.330409
582,Energy Department,71,NO MINISTRY,STATE,13,0,0,0,0,2026-08-19 21:27:46.223548
246,"Public Works Department, Government of Tamil Nadu",85,NO MINISTRY,STATE,40,0,0,0,0,2026-08-19 21:27:46.131096
1184,DEPARTMENT OF SOCIAL WELFARE,61,State Government,STATE,18,0,0,0,0,2026-08-19 21:27:42.002727
129,CHIEF ELECTRICAL INSPECTOR,67,NO MINISTRY,STATE,12,0,0,0,0,2026-08-19 21:27:46.157868
1254,Higher Education,72,NO MINISTRY,STATE,10,0,0,0,0,2026-08-19 21:27:41.124931
595,"Public Works, Ports and Inland Water Transport Department",71,NO MINISTRY,STATE,7,0,0,0,0,2026-08-19 21:27:40.438890
629,Technical Education,69,NO MINISTRY,UNION_TERRITORY,20,0,0,0,0,2026-08-19 21:27:46.286651
381,DEPARTMENT OF HIGHER EDUCATION,89,NO MINISTRY,STATE,25,0,0,0,0,2026-08-19 21:27:46.271171
730,"Labour Employment and Training Department, Government of Jharkhand",70,NO MINISTRY,STATE,29,0,0,0,0,2026-08-19 21:27:45.737688
964,Department of Investment Promotion,82,NO MINISTRY,STATE,4,0,0,0,0,2026-08-19 21:27:38.389086
1313,Model Jail Department Chandigarh,60,NO MINISTRY,UNION_TERRITORY,15,0,0,0,0,2026-08-19 21:27:41.819928
376,DEPARTMENT OF HOME AFFAIRS,89,NO MINISTRY,STATE,8,0,0,0,0,2026-08-19 21:27:37.670353
1350,"Department of Agriculture, Government of Goa",65,NO MINISTRY,STATE,4,0,0,0,0,2026-08-19 21:27:34.840055
598,Social Welfare Department,71,NO MINISTRY,STATE,17,0,0,0,0,2026-08-19 21:27:42.977513
1107,Devasthan Department,83,NO MINISTRY,STATE,57,0,0,0,0,2026-08-19 21:27:46.043702
894,Department of Labour & Employment,63,NO MINISTRY,UNION_TERRITORY,26,0,0,0,0,2026-08-19 21:27:45.623021
1379,"Department of Tourism, Government of Goa",65,NO MINISTRY,STATE,3,0,0,0,0,2026-08-19 21:27:38.802705
1471,Public Health Department,166,Govt of Maharashtra,STATE,67,0,0,0,0,2026-08-19 21:27:46.415575
711,"Pt.B.D.SHARMA UNIVERSITY OF HEALTH SCIENCES, ROHTAK",67,NO MINISTRY,STATE,12,0,0,0,0,2026-08-19 21:27:42.057725
975,Department of Higher Education,82,NO MINISTRY,STATE,29,0,0,0,0,2026-08-19 21:27:46.170273
1321,Statistics Department,83,NO MINISTRY,STATE,25,0,0,0,0,2026-08-19 21:27:45.879338
1420,Home Guard,88,NO MINISTRY,STATE,14,0,0,0,0,2026-08-19 21:27:42.308141
899,Urban & Planning Department,60,NO MINISTRY,UNION_TERRITORY,5,0,0,0,0,2026-08-19 21:27:40.241762
118,REVENUE & DISASTER MANAGEMENT DEPARTMENT,67,NO MINISTRY,STATE,11,0,0,0,0,2026-08-19 21:27:46.066116
781,"Legislative Assembly Secretariat, Government of Tamil Nadu",85,NO MINISTRY,STATE,8,0,0,0,0,2026-08-19 21:27:45.562115
1054,DEPARTMENT OF WOMAN AND CHILD DEVELOPMENT,61,State Government,STATE,29,0,0,0,0,2026-08-19 21:27:46.223548
141,General Administration Department,66,NO MINISTRY,STATE,20,0,0,0,0,2026-08-19 21:27:46.101717
1160,Punjab State Warehousing Corporation,82,NO MINISTRY,STATE,12,0,0,0,0,2026-08-19 21:27:41.479057
705,"Energy Department, Government of Jharkhand",70,NO MINISTRY,STATE,8,0,0,0,0,2026-08-19 21:27:45.996692
1284,Directorate of Health Services,87,NO MINISTRY,STATE,8,0,0,0,0,2026-08-19 21:27:46.022076
1649,Home Department,60,NO MINISTRY,UNION_TERRITORY,2,0,0,0,0,2026-08-19 21:27:46.045690
1375,DEPARTMENT OF ELECTRONICS AND INFORMATION TECHNOLOGY,61,State Government,STATE,13,0,0,0,0,2026-08-19 21:27:35.992892
251,HOME DEPARTMENT,59,NO MINISTRY,STATE,17,0,0,0,0,2026-08-19 21:27:45.997810
524,Agriculture Department,58,NO MINISTRY,STATE,29,0,0,0,0,2026-08-19 21:27:42.920180
339,General Administration Department,56,NO MINISTRY,STATE,5,0,0,0,0,2026-08-19 21:27:46.064839
1435,HIGHER EDUCATION,191,HIGHER EDUCATION,STATE,6,0,0,0,0,2026-08-19 21:27:45.880607
577,Elementary Education Department,58,NO MINISTRY,STATE,5,0,0,0,0,2026-08-19 21:27:42.540421
355,Higher Education Department,56,NO MINISTRY,STATE,12,0,0,0,0,2026-08-19 21:27:46.045690
65,Department of Food Processing Industries,39,Ministry of Food Processing Industries,CENTRAL,28,0,0,0,0,2026-08-19 21:27:46.221804
1485,Port Management Board,91,Andaman and Nicobar Administration,UNION_TERRITORY,6,0,0,0,0,2026-08-19 21:27:35.667679
1547,Punjab State AIDS Control Society (PSACS),82,NO MINISTRY,STATE,2,0,0,0,0,2026-08-19 21:27:28.975701
599,Water Resources Department,71,NO MINISTRY,STATE,13,0,0,0,0,2026-08-19 21:27:42.308141
21,Department of Rural Development,18,Ministry of Rural Development,CENTRAL,68,0,0,0,0,2026-08-19 21:27:46.393316
97,Department of Border Management,5,Ministry of Home Affairs,CENTRAL,22,0,0,0,0,2026-08-19 21:27:41.056943
1524,URBAN LOCAL BODIES,67,NO MINISTRY,STATE,16,0,0,0,0,2026-08-19 21:27:46.157868
262,Revenue Department,74,NO MINISTRY,STATE,30,0,0,0,0,2026-08-19 21:27:42.365210
836,EDUCATION DEPARTMENT,59,NO MINISTRY,STATE,19,0,0,0,0,2026-08-19 21:27:46.257461
176,MAHUD,76,NO MINISTRY,STATE,14,0,0,0,0,2026-08-19 21:27:38.623384
1354,"River Navigation Department, Government of Goa.",65,NO MINISTRY,STATE,3,0,0,0,0,2026-08-19 21:27:36.349611
1052,Registering & Licensing Authority,60,NO MINISTRY,UNION_TERRITORY,5,0,0,0,0,2026-08-19 21:27:40.440892
592,"Kannada, Culture, Information & Tourism Department",71,NO MINISTRY,STATE,21,0,0,0,0,2026-08-19 21:27:42.861211
655,Science and Technology,69,NO MINISTRY,UNION_TERRITORY,10,0,0,0,0,2026-08-19 21:27:46.286651
1506,Department of Labour Commissioner,91,Andaman and Nicobar Administration,UNION_TERRITORY,11,0,0,0,0,2026-08-19 21:27:46.117232
1019,DEPARTMENT OF WATER RESOURCES,61,State Government,STATE,6,0,0,0,0,2026-08-19 21:27:46.066116
1536,"Co-operation Department, Haryana",67,NO MINISTRY,STATE,5,0,0,0,0,2026-08-19 21:27:40.825640
308,Environment Department,74,NO MINISTRY,STATE,15,0,0,0,0,2026-08-19 21:27:46.332733
788,Department of Urban Development,64,NO MINISTRY,UNION_TERRITORY,40,0,0,0,0,2026-08-19 21:27:46.332733
1272,Sports & Youth Affairs,72,NO MINISTRY,STATE,2,0,0,0,0,2026-08-19 21:27:21.648931
845,Chandigarh Housing Board,60,NO MINISTRY,UNION_TERRITORY,8,0,0,0,0,2026-08-19 21:27:37.626559
105,HEALTH,67,NO MINISTRY,STATE,6,0,0,0,0,2026-08-19 21:27:38.465602
732,Finance (Budget) Department,58,NO MINISTRY,STATE,4,0,0,0,0,2026-08-19 21:27:37.349825
408,Animal Husbandry & Fisheries Department,71,NO MINISTRY,STATE,11,0,0,0,0,2026-08-19 21:27:40.932714
1227,DEPARTMENT OF FISHERIES,61,State Government,STATE,15,0,0,0,0,2026-08-19 21:27:45.479622
1544,Department of Environment and Forest,201,Ministry of Environment and Forest,UNION_TERRITORY,3,0,0,0,0,2026-08-19 21:27:27.755867
594,"Planning, Programe Monitoring and Statistics Department",71,NO MINISTRY,STATE,5,0,0,0,0,2026-08-19 21:27:40.220450
26,Department of Expenditure,2,Ministry of Finance,CENTRAL,3,0,0,0,0,2026-08-19 21:27:38.830080
1386,"Science & Technology Department, Government of Goa.",65,NO MINISTRY,STATE,3,0,0,0,0,2026-08-19 21:27:34.214929
151,Andaman Public Works Department,91,Andaman and Nicobar Administration,UNION_TERRITORY,4,0,0,0,0,2026-08-19 21:27:38.853016
1558,The Andaman and Nicobar Islands Wakf Board,91,Andaman and Nicobar Administration,UNION_TERRITORY,3,0,0,0,0,2026-08-19 21:27:34.485646
1355,Cultural Affairs,72,NO MINISTRY,STATE,1,0,0,0,0,2026-08-19 21:27:21.126843
1548,"Directorate of Micro, Small and Medium Enterprises (MSME), Haryana",67,NO MINISTRY,STATE,7,0,0,0,0,2026-08-19 21:27:35.733028
878,Department of Tourism,63,NO MINISTRY,UNION_TERRITORY,2,0,0,0,0,2026-08-19 21:27:27.548000
84,Department of Bio-Technology,31,Ministry of Science and Technology,CENTRAL,29,0,0,0,0,2026-08-19 21:27:46.415575
1638,Medical Education and Research,67,NO MINISTRY,STATE,7,0,0,0,0,2026-08-19 21:27:31.993830
1229,Municipal Corporation,60,NO MINISTRY,UNION_TERRITORY,32,3,1,0,0,2026-08-19 21:27:41.664763
715,"Planning-cum-Finance Department, Government of Jharkhand",70,NO MINISTRY,STATE,5,0,0,0,0,2026-08-19 21:27:46.144925
1080,DEPARTMENT OF GRAMODYOG,61,State Government,STATE,9,0,0,0,0,2026-08-19 21:27:42.476379
1165,"DEPARTMENT OF PLANNING, ECONOMICS AND STATISTICS",61,State Government,STATE,11,0,0,0,0,2026-08-19 21:27:37.443493
1276,Transport,72,NO MINISTRY,STATE,14,0,0,0,0,2026-08-19 21:27:41.597781
775,"Handlooms, Handicrafts, Textiles and Khadi Department, Government of Tamil Nadu",85,NO MINISTRY,STATE,5,0,0,0,0,2026-08-19 21:27:39.575476
1384,Punjab State Seed Certification Authority,82,NO MINISTRY,STATE,2,0,0,0,0,2026-08-19 21:27:34.628619
768,Scheduled Castes Development,86,NO MINISTRY,STATE,12,0,0,0,0,2026-08-19 21:27:38.593836
693,"Finance Department, Government of Tamil Nadu",85,NO MINISTRY,STATE,22,0,0,0,0,2026-08-19 21:27:42.541013
1447,URBAN DEVELOPMENT,194,URBAN DEVELOPMENT,STATE,2,0,0,0,0,2026-08-19 21:27:31.606414
117,HOUSING BOARD HARYANA,67,NO MINISTRY,STATE,18,0,0,0,0,2026-08-19 21:27:42.059836
397,DEPARTMENT OF PERSONNEL,89,NO MINISTRY,STATE,5,0,0,0,0,2026-08-19 21:27:40.990613
802,Directorate of Education,64,NO MINISTRY,UNION_TERRITORY,8,0,0,0,0,2026-08-19 21:27:41.752324
341,Municipal Administration Department,56,NO MINISTRY,STATE,9,0,0,0,0,2026-08-19 21:27:45.675652
1287,Higher Education,80,NO MINISTRY,STATE,11,0,0,0,0,2026-08-19 21:27:41.478032
814,"Women,Child Development and Social Security Department, Government of Jharkhand",70,NO MINISTRY,STATE,3,0,0,0,0,2026-08-19 21:27:22.796743
983,Department of Legal and Legialative Affairs,82,NO MINISTRY,STATE,3,0,0,0,0,2026-08-19 21:27:34.737669
790,Department of Food Supplies and Consumer Affairs,64,NO MINISTRY,UNION_TERRITORY,26,0,0,0,0,2026-08-19 21:27:46.330409
522,Administrative Reforms and Training Department,58,NO MINISTRY,STATE,10,0,0,0,0,2026-08-19 21:27:46.241210
1152,HARYANA STATE LEGAL SERVICES AUTHORITY,67,NO MINISTRY,STATE,2,0,0,0,0,2026-08-19 21:27:33.378097
819,Department of Food Safety,64,NO MINISTRY,UNION_TERRITORY,12,0,0,0,0,2026-08-19 21:27:41.752324
718,"Excise and Prohibition Department, Government of Jharkhand",70,NO MINISTRY,STATE,8,0,0,0,0,2026-08-19 21:27:40.241762
1262,Parliamentary Affairs,72,NO MINISTRY,STATE,11,0,0,0,0,2026-08-19 21:27:40.391191
143,SKILL DEVELOPMENT & INDUSTRIAL TRAINING,67,NO MINISTRY,STATE,2,0,0,0,0,2026-08-19 21:27:30.383179
1204,Printing and Stationery,60,NO MINISTRY,UNION_TERRITORY,5,0,0,0,0,2026-08-19 21:27:36.336670
719,"Urban Development and Housing Department, Government of Jharkhand",70,NO MINISTRY,STATE,10,0,0,0,0,2026-08-19 21:27:46.271171
1093,Consumer Affairs Department,83,NO MINISTRY,STATE,13,0,0,0,0,2026-08-19 21:27:46.240214
342,Home Department,56,NO MINISTRY,STATE,15,0,0,0,0,2026-08-19 21:27:45.941845
1023,Department of Fisheries,82,NO MINISTRY,STATE,3,0,0,0,0,2026-08-19 21:27:29.226143
489,Political Pension,88,NO MINISTRY,STATE,9,0,0,0,0,2026-08-19 21:27:37.060043
586,Health & Family Welfare Department,71,NO MINISTRY,STATE,34,0,0,0,0,2026-08-19 21:27:41.123934
1344,"Directorate of Women & Child, Government of Goa.",65,NO MINISTRY,STATE,4,0,0,0,0,2026-08-19 21:27:27.704001
986,Department of Technical Education,82,NO MINISTRY,STATE,13,0,0,0,0,2026-08-19 21:27:39.155943
324,Health and Family Welfare Department,66,NO MINISTRY,STATE,11,0,0,0,0,2026-08-19 21:27:46.394585
888,Department of Information Technology,63,NO MINISTRY,UNION_TERRITORY,4,0,0,0,0,2026-08-19 21:27:34.572407
462,Fisheries,88,NO MINISTRY,STATE,8,0,0,0,0,2026-08-19 21:27:46.271171
912,Directorate of Food Civil Supplies & Consumers Affairs,87,NO MINISTRY,STATE,6,0,0,0,0,2026-08-19 21:27:46.103291
589,Housing Department,71,NO MINISTRY,STATE,11,0,0,0,0,2026-08-19 21:27:40.876312
1642,"Chaudhary Charan Singh Haryana Agriculture University, Hisar",67,NO MINISTRY,STATE,3,0,0,0,0,2026-08-19 21:27:31.584861
103,TOWN AND COUNTRY PLANNING DEPARTMENT,67,NO MINISTRY,STATE,10,0,0,0,0,2026-08-19 21:27:41.396462
490,Prisons Administration & Reform Services,88,NO MINISTRY,STATE,11,0,0,0,0,2026-08-19 21:27:40.825640
852,Education Department (Colleges),60,NO MINISTRY,UNION_TERRITORY,13,0,0,0,0,2026-08-19 21:27:38.580172
1072,"Housing Board Department, Government of Goa",65,NO MINISTRY,STATE,2,0,0,0,0,2026-08-19 21:27:42.662051
1302,EDUCATION,179,EDUCATION,STATE,2,0,0,0,0,2026-08-19 21:27:39.575476
410,Co-operation Department,71,NO MINISTRY,STATE,36,0,0,0,0,2026-08-19 21:27:46.171275
405,LEGISLATIVE DEPARTMENT,58,NO MINISTRY,STATE,15,0,0,0,0,2026-08-19 21:27:46.256462
1029,"MAHARSHI DAYANAND UNIVERSITY, ROHTAK",67,NO MINISTRY,STATE,5,0,0,0,0,2026-08-19 21:27:37.427321
707,Department of Information Technology,64,NO MINISTRY,UNION_TERRITORY,3,0,0,0,0,2026-08-19 21:27:38.344733
1027,Cabinet Department,76,NO MINISTRY,STATE,2,0,0,0,0,2026-08-19 21:27:28.107855
1035,Chandigarh Pollution Control Committee,60,NO MINISTRY,UNION_TERRITORY,16,0,0,0,0,2026-08-19 21:27:42.475416
361,"Health, Medical & Family Welfare Department",56,NO MINISTRY,STATE,8,0,0,0,0,2026-08-19 21:27:41.279928
905,General Administration (Administrative Reforms),87,NO MINISTRY,STATE,5,0,0,0,0,2026-08-19 21:27:46.018426
893,Department of Transport,63,NO MINISTRY,UNION_TERRITORY,7,0,0,0,0,2026-08-19 21:27:39.286047
746,"Consumer Affairs, Food and Civil Supplies",86,NO MINISTRY,STATE,9,0,0,0,0,2026-08-19 21:27:46.142927
214,"Information Technology Department, Government of Tamil Nadu",85,NO MINISTRY,STATE,6,0,0,0,0,2026-08-19 21:27:39.335656
327,Roads and Buildings Department,66,NO MINISTRY,STATE,2,0,0,0,0,2026-08-19 21:27:27.430029
770,"Transport, Roads and Buildings",86,NO MINISTRY,STATE,4,0,0,0,0,2026-08-19 21:27:38.781299
874,"Department of Food, Civil Supplies and Consumer Affairs",63,NO MINISTRY,UNION_TERRITORY,5,0,0,0,0,2026-08-19 21:27:46.170273
1378,"Public Works Department, Government of Goa",65,NO MINISTRY,STATE,4,0,0,0,0,2026-08-19 21:27:35.864596
1250,Forest & Wildlife,72,NO MINISTRY,STATE,1,0,0,0,0,2026-08-19 21:27:21.615676
557,Public Enterprises Department,58,NO MINISTRY,STATE,4,0,0,0,0,2026-08-19 21:27:38.764651
1255,Home,72,NO MINISTRY,STATE,12,0,0,0,0,2026-08-19 21:27:37.600066
812,URBAN DEVELOPMENT AND HOUSING DEPARTMENT,59,NO MINISTRY,STATE,10,0,0,0,0,2026-08-19 21:27:42.118583
1607,New & Renewable Energy Department,67,NO MINISTRY,STATE,2,0,0,0,0,2026-08-19 21:27:31.566224
1331,"Education Department, Government of Goa",65,NO MINISTRY,STATE,14,3,1,0,0,2026-08-19 21:27:45.673617
713,"School Education and Literacy Department, Government of Jharkhand",70,NO MINISTRY,STATE,4,0,0,0,0,2026-08-19 21:27:30.684452
178,Labour Department,76,NO MINISTRY,STATE,3,0,0,0,0,2026-08-19 21:27:33.320021
382,Home,80,NO MINISTRY,STATE,5,0,0,0,0,2026-08-19 21:27:37.454877
868,Department of Finance & Accounts and Taxation,63,NO MINISTRY,UNION_TERRITORY,2,0,0,0,0,2026-08-19 21:27:35.025614
116,LABOUR DEPARTMENT,67,NO MINISTRY,STATE,13,0,0,0,0,2026-08-19 21:27:46.286651
820,Revenue Department,64,NO MINISTRY,UNION_TERRITORY,7,0,0,0,0,2026-08-19 21:27:40.649870
1483,Department of Shipping Services,91,Andaman and Nicobar Administration,UNION_TERRITORY,2,0,0,0,0,2026-08-19 21:27:37.614175
656,Social Justice Empowerment & Welfare Department,131,No Ministry,STATE,1,0,0,0,0,2026-08-19 21:27:21.709335
1407,Directorate of Higher Education,64,NO MINISTRY,UNION_TERRITORY,3,0,0,0,0,2026-08-19 21:27:26.415858
1205,Food & Supply,60,NO MINISTRY,UNION_TERRITORY,20,0,0,0,0,2026-08-19 21:27:45.996692
1433,Public Service Management,88,NO MINISTRY,STATE,37,0,0,0,0,2026-08-19 21:27:46.414938
1495,Agriculture Horticulture and Floriculture Department,189,NO MINISTRY,UNION_TERRITORY,1,0,0,0,0,2026-08-19 21:27:21.724203
378,DEPARTMENT OF TOURISM,89,NO MINISTRY,STATE,20,0,0,0,0,2026-08-19 21:27:42.542028
816,"Law, Justice and Legislative Affairs Department",64,NO MINISTRY,UNION_TERRITORY,7,0,0,0,0,2026-08-19 21:27:35.764890
318,Education Department,66,NO MINISTRY,STATE,12,0,0,0,0,2026-08-19 21:27:42.976481
870,Department of Rural Development/Panchayati Raj and Community Development,63,NO MINISTRY,UNION_TERRITORY,7,0,0,0,0,2026-08-19 21:27:33.320934
900,Forest and Wildlife,60,NO MINISTRY,UNION_TERRITORY,14,0,0,0,0,2026-08-19 21:27:40.439886
967,Department of Finance,82,NO MINISTRY,STATE,8,0,0,0,0,2026-08-19 21:27:46.202273
957,Department of Home Affairs,82,NO MINISTRY,STATE,6,0,0,0,0,2026-08-19 21:27:46.044694
465,General Administration,88,NO MINISTRY,STATE,10,0,0,0,0,2026-08-19 21:27:37.350828
786,Department for the Welfare of SC/ST/OBC/Minorities,64,NO MINISTRY,UNION_TERRITORY,3,0,0,0,0,2026-08-19 21:27:46.395903
1340,Finance (Institutional Finance) Department,58,NO MINISTRY,STATE,17,0,0,0,0,2026-08-19 21:27:37.713559
1157,Parliamentary Affairs Department,78,NO MINISTRY,STATE,2,0,0,0,0,2026-08-19 21:27:35.667679
148,"Principal Chief Conservator of Forest, Van Sadan",91,Andaman and Nicobar Administration,UNION_TERRITORY,11,0,0,0,0,2026-08-19 21:27:40.391839
128,SOCIAL JUSTICE & EMPOWERMENT DEPARTMENT,67,NO MINISTRY,STATE,6,0,0,0,0,2026-08-19 21:27:33.218497
990,Land Revenue and Disaster Management Department,131,No Ministry,STATE,5,0,0,0,0,2026-08-19 21:27:42.801954
150,Department of Tribal Welfare,91,Andaman and Nicobar Administration,UNION_TERRITORY,19,0,0,0,0,2026-08-19 21:27:46.287274
1236,"Pollution Control Committee, Daman.",63,NO MINISTRY,UNION_TERRITORY,2,0,0,0,0,2026-08-19 21:27:31.756786
1091,Colonization Department,83,NO MINISTRY,STATE,26,0,0,0,0,2026-08-19 21:27:45.878686
1274,Taxes,72,NO MINISTRY,STATE,2,0,0,0,0,2026-08-19 21:27:29.239731
344,"Industries, Infrastructure, Investment and Commerce Department",56,NO MINISTRY,STATE,7,0,0,0,0,2026-08-19 21:27:39.394708
1541,Haryana State warehousing corporation,67,NO MINISTRY,STATE,3,0,0,0,0,2026-08-19 21:27:27.702998
533,Fishery Department,58,NO MINISTRY,STATE,1,0,0,0,0,2026-08-19 21:27:21.923938
555,Power (Electricity) Department,58,NO MINISTRY,STATE,5,0,0,0,0,2026-08-19 21:27:45.940846
548,Panchayat and Rural Development Department,58,NO MINISTRY,STATE,12,0,0,0,0,2026-08-19 21:27:46.416153
877,Department of Power Non Conventional Sources of Energy,63,NO MINISTRY,UNION_TERRITORY,10,0,0,0,0,2026-08-19 21:27:42.801954
216,"Personnel and Administrative Reforms Department, Government of Tamil Nadu",85,NO MINISTRY,STATE,10,0,0,0,0,2026-08-19 21:27:46.170273
744,"Animal Husbandry, Dairy Development and Fisheries",86,NO MINISTRY,STATE,6,0,0,0,0,2026-08-19 21:27:35.609024
762,Minorities Welfare,86,NO MINISTRY,STATE,15,0,0,0,0,2026-08-19 21:27:46.394585
202,Planning & Convergence,80,NO MINISTRY,STATE,5,0,0,0,0,2026-08-19 21:27:35.940338
528,Cultural Affairs Department,58,NO MINISTRY,STATE,6,0,0,0,0,2026-08-19 21:27:31.771060
924,"Department of Agriculture, Directorate of Horticulture, Soil Conservation, Tripura, Agartala.",87,NO MINISTRY,STATE,2,0,0,0,0,2026-08-19 21:27:22.983583
914,"Director, Department of Science, Techgnology & Environment",87,NO MINISTRY,STATE,4,0,0,0,0,2026-08-19 21:27:27.933248
1456,Department of Information Technology,60,NO MINISTRY,UNION_TERRITORY,12,0,0,0,0,2026-08-19 21:27:45.674996
272,Public Health and Family Welfare Department,74,NO MINISTRY,STATE,8,0,0,0,0,2026-08-19 21:27:40.487807
222,Steel &amp; Mines,80,NO MINISTRY,STATE,1,0,0,0,0,2026-08-19 21:27:22.610558
1387,"Labour &amp; Employment Department, Government of Goa",65,NO MINISTRY,STATE,4,0,0,0,0,2026-08-19 21:27:41.664178
811,Development Department,64,NO MINISTRY,UNION_TERRITORY,7,0,0,0,0,2026-08-19 21:27:37.135665
1177,State Transport Authority,60,NO MINISTRY,UNION_TERRITORY,3,0,0,0,0,2026-08-19 21:27:31.743773
340,Law Department,56,NO MINISTRY,STATE,2,0,0,0,0,2026-08-19 21:27:41.598785
353,"Environment, Forest, Science & Technology Department",56,NO MINISTRY,STATE,3,0,0,0,0,2026-08-19 21:27:39.456909
1234,DEPARTMENT OF EXCISE,89,NO MINISTRY,STATE,2,0,0,0,0,2026-08-19 21:27:25.002745
316,Finance Department,66,NO MINISTRY,STATE,9,0,0,0,0,2026-08-19 21:27:46.302676
239,EXCISE DEPARTMENT,78,NO MINISTRY,STATE,4,0,0,0,0,2026-08-19 21:27:30.402242
263,Trasnport Department,74,NO MINISTRY,STATE,10,0,0,0,0,2026-08-19 21:27:40.877319
415,DEPARTMENT OF IRRIGATION,89,NO MINISTRY,STATE,4,0,0,0,0,2026-08-19 21:27:41.901789
1183,"Public Health Department, Government of Goa",65,NO MINISTRY,STATE,17,0,0,0,0,2026-08-19 21:27:46.144925
1050,"Welfare of Differently Abled Persons Department, Government of Tamil Nadu",85,NO MINISTRY,STATE,4,0,0,0,0,2026-08-19 21:27:40.875312
1577,PLANNING AND DEVELOPMENT DEPARTMENT,59,NO MINISTRY,STATE,5,0,0,0,0,2026-08-19 21:27:42.859196
164,Revenue Department,76,NO MINISTRY,STATE,6,0,0,0,0,2026-08-19 21:27:39.095426
1648,Finance,60,NO MINISTRY,UNION_TERRITORY,2,0,0,0,0,2026-08-19 21:27:30.401243
311,Social Justice and Empowerment Department,66,NO MINISTRY,STATE,5,0,0,0,0,2026-08-19 21:27:37.330899
1291,Skill Dev & Technical Education (SDTE),80,NO MINISTRY,STATE,3,0,0,0,0,2026-08-19 21:27:30.767391
351,"Youth Advancement, Tourism & Culture Department",56,NO MINISTRY,STATE,3,0,0,0,0,2026-08-19 21:27:27.904019
1609,Haryana Khadi and Village Industries Board,67,NO MINISTRY,STATE,3,0,0,0,0,2026-08-19 21:27:26.462312
1128,Mines Department,83,NO MINISTRY,STATE,4,0,0,0,0,2026-08-19 21:27:38.747913
1225,TRANSPORT,174,TRANSPORT,STATE,5,0,0,0,0,2026-08-19 21:27:41.478032
925,Rural Development and Panchayats,60,NO MINISTRY,UNION_TERRITORY,2,0,0,0,0,2026-08-19 21:27:30.298434
510,U.P. Reorganisation & Coordination,88,NO MINISTRY,STATE,15,0,0,0,0,2026-08-19 21:27:45.674230
809,Weights and Measures Department,64,NO MINISTRY,UNION_TERRITORY,1,0,0,0,0,2026-08-19 21:27:22.948538
741,PANCHAYATI RAJ DEPARTMENT,59,NO MINISTRY,STATE,3,0,0,0,0,2026-08-19 21:27:37.455438
296,Women and Child Development Department,74,NO MINISTRY,STATE,12,0,0,0,0,2026-08-19 21:27:41.949870
1333,Finance (Audit & Fund) Department,58,NO MINISTRY,STATE,5,0,0,0,0,2026-08-19 21:27:46.395244
1317,Factories & Boilers Organisation,87,NO MINISTRY,STATE,7,0,0,0,0,2026-08-19 21:27:38.854357
1345,Director General of Police,87,NO MINISTRY,STATE,10,0,0,0,0,2026-08-19 21:27:38.703946
571,Information and Public Relations Department,58,NO MINISTRY,STATE,4,0,0,0,0,2026-08-19 21:27:45.821727
1518,"Food ,Civil supplies and consumer protection Department",166,Govt of Maharashtra,STATE,17,0,0,0,0,2026-08-19 21:27:42.003503
1189,DEPARTMENT OF JAIL,61,State Government,STATE,6,0,0,0,0,2026-08-19 21:27:40.390536
360,Panchayat Raj & Rural Development Department,56,NO MINISTRY,STATE,4,0,0,0,0,2026-08-19 21:27:30.766386
556,Printing and Stationery Department,58,NO MINISTRY,STATE,1,0,0,0,0,2026-08-19 21:27:23.028985
958,Department of Rural Development and Panchayat,82,NO MINISTRY,STATE,12,0,0,0,0,2026-08-19 21:27:36.044031
114,DEPARTMENT OF AYUSH,67,NO MINISTRY,STATE,3,0,0,0,0,2026-08-19 21:27:38.764651
1565,FOOD AND CONSUMER PROTECTION DEPARTMENT,59,NO MINISTRY,STATE,1,0,0,0,0,2026-08-19 21:27:23.063857
879,Department of Planning & Statistics,63,NO MINISTRY,UNION_TERRITORY,1,0,0,0,0,2026-08-19 21:27:23.085216
785,Department of Training and Technical Education,64,NO MINISTRY,UNION_TERRITORY,6,0,0,0,0,2026-08-19 21:27:32.990576
720,"Health, Medical Education and Family Welfare Department, Government of Jharkhand",70,NO MINISTRY,STATE,1,0,0,0,0,2026-08-19 21:27:23.087165
869,Department of Forest & Environment and Wildlife,63,NO MINISTRY,UNION_TERRITORY,6,0,0,0,0,2026-08-19 21:27:42.801954
1180,State Consumer Disputes Redressal Commission,60,NO MINISTRY,UNION_TERRITORY,7,0,0,0,0,2026-08-19 21:27:36.304490
702,Health & Family Welfare Department,64,NO MINISTRY,UNION_TERRITORY,9,0,0,0,0,2026-08-19 21:27:46.116228
1217,Department of General Administration & Protocol,73,NO MINISTRY,UNION_TERRITORY,5,0,0,0,0,2026-08-19 21:27:46.200331
1338,Finance (Establishment - A) Department,58,NO MINISTRY,STATE,3,0,0,0,0,2026-08-19 21:27:40.538310
904,"YOUTH, ART & CULTURE DEPARTMENT",59,NO MINISTRY,STATE,3,0,0,0,0,2026-08-19 21:27:30.270816
1487,Health and Medical Education Department,189,NO MINISTRY,UNION_TERRITORY,2,0,0,0,0,2026-08-19 21:27:29.604608
1484,Department of Education,91,Andaman and Nicobar Administration,UNION_TERRITORY,1,0,0,0,0,2026-08-19 21:27:23.229143
1251,General Administration,72,NO MINISTRY,STATE,4,0,0,0,0,2026-08-19 21:27:38.909433
1651,Health Department,60,NO MINISTRY,UNION_TERRITORY,1,0,0,0,0,2026-08-19 21:27:23.271147
183,HOME Department,76,NO MINISTRY,STATE,5,0,0,0,0,2026-08-19 21:27:42.138840
1314,Police Department,131,No Ministry,STATE,2,0,0,0,0,2026-08-19 21:27:29.292334
1201,Collector Department,63,NO MINISTRY,UNION_TERRITORY,7,0,0,0,0,2026-08-19 21:27:39.456909
121,ADVOCATE GENERAL HARYANA,67,NO MINISTRY,STATE,4,0,0,0,0,2026-08-19 21:27:41.950867
1530,"Development & Panchayats Department, Haryana",67,NO MINISTRY,STATE,7,0,0,0,0,2026-08-19 21:27:38.450782
683,"Development Planning, Economic Reforms & North Eastern Council Affairs Department",131,No Ministry,STATE,2,0,0,0,0,2026-08-19 21:27:30.357320
523,"ELECTRONICS & INFORMATION TECHNOLOGY DEPARTMENT, HARYANA",67,NO MINISTRY,STATE,4,0,0,0,0,2026-08-19 21:27:37.258109
1297,Water Resources & River Development Department,131,No Ministry,STATE,1,0,0,0,0,2026-08-19 21:27:23.386913
1203,Department of Technical Education,60,NO MINISTRY,UNION_TERRITORY,2,0,0,0,0,2026-08-19 21:27:41.181030
1167,"Electricity Department, Government of Goa",65,NO MINISTRY,STATE,4,0,0,0,0,2026-08-19 21:27:39.627026
722,"Transport Department, Government of Jharkhand",70,NO MINISTRY,STATE,18,0,0,0,0,2026-08-19 21:27:45.563926
193,"Consumer Affairs, Food and Public Distribution",76,NO MINISTRY,STATE,3,0,0,0,0,2026-08-19 21:27:30.856533
108,PWD (B&R),67,NO MINISTRY,STATE,3,0,0,0,0,2026-08-19 21:27:38.565191
233,Urban Development and Poverty Alleviation,78,NO MINISTRY,STATE,1,0,0,0,0,2026-08-19 21:27:23.475408
1364,Directorate of Audit Finance Department,87,NO MINISTRY,STATE,1,0,0,0,0,2026-08-19 21:27:23.490207
275,School Education Department,74,NO MINISTRY,STATE,8,0,0,0,0,2026-08-19 21:27:38.781813
537,General Administration Department,58,NO MINISTRY,STATE,7,0,0,0,0,2026-08-19 21:27:39.458175
280,Tribal Affairs Department,74,NO MINISTRY,STATE,3,0,0,0,0,2026-08-19 21:27:34.901141
1111,Sanskrit Education Department,83,NO MINISTRY,STATE,3,0,0,0,0,2026-08-19 21:27:36.401304
1312,Transport Department,131,No Ministry,STATE,2,0,0,0,0,2026-08-19 21:27:34.431256
568,Veterinary Department,58,NO MINISTRY,STATE,2,0,0,0,0,2026-08-19 21:27:42.618292
1112,Election Department,83,NO MINISTRY,STATE,4,0,0,0,0,2026-08-19 21:27:38.705334
1259,Local Self Government,72,NO MINISTRY,STATE,9,0,0,0,0,2026-08-19 21:27:42.539804
822,"Excise, Entertainment and Luxury Tax Department",64,NO MINISTRY,UNION_TERRITORY,7,0,0,0,0,2026-08-19 21:27:38.280641
694,"Industry Department, Government of Jharkhand",70,NO MINISTRY,STATE,6,0,0,0,0,2026-08-19 21:27:45.959704
147,"MINES & GEOLOGY, HARYANA",67,NO MINISTRY,STATE,2,0,0,0,0,2026-08-19 21:27:30.299028
1159,Transport Department,78,NO MINISTRY,STATE,2,0,0,0,0,2026-08-19 21:27:35.731025
1393,"Department of Urban Development, Government of Goa",65,NO MINISTRY,STATE,3,0,0,0,0,2026-08-19 21:27:36.336670
300,Harticulture and Food Processing Department,74,NO MINISTRY,STATE,3,0,0,0,0,2026-08-19 21:27:40.302653
1369,PARLIAMENTARY AFFAIRS DEPARTMENT,185,PARLIAMENTARY AFFAIRS,STATE,5,0,0,0,0,2026-08-19 21:27:46.020433
197,Arts and Culture Department,76,NO MINISTRY,STATE,10,0,0,0,0,2026-08-19 21:27:41.538548
356,Minorities Welfare Department,56,NO MINISTRY,STATE,1,0,0,0,0,2026-08-19 21:27:24.371676
1318,Food Security and Agriculture Development Department,131,No Ministry,STATE,3,0,0,0,0,2026-08-19 21:27:35.908532
1388,HEALTH & FAMILY WELFARE,187,HEALTH & FAMILY WELFARE,STATE,4,0,0,0,0,2026-08-19 21:27:37.457458
910,Prisons Directorate,87,NO MINISTRY,STATE,7,0,0,0,0,2026-08-19 21:27:46.157868
1044,Directorate of Kokborok & Other Minority Languages,87,NO MINISTRY,STATE,2,0,0,0,0,2026-08-19 21:27:30.698120
543,Industries and Commerce Department,58,NO MINISTRY,STATE,12,0,0,0,0,2026-08-19 21:27:41.903165
1199,Department of General Administration and Protocol,63,NO MINISTRY,UNION_TERRITORY,2,0,0,0,0,2026-08-19 21:27:31.771060
1564,Punjab State Container and Warehousing Corporation Limited,82,NO MINISTRY,STATE,1,0,0,0,0,2026-08-19 21:27:24.516199
1413,Home Department,189,NO MINISTRY,UNION_TERRITORY,2,0,0,0,0,2026-08-19 21:27:27.312656
1599,"Department of Excise, Government of Goa.",65,NO MINISTRY,STATE,1,0,0,0,0,2026-08-19 21:27:24.553374
696,"Forest Environment and Climate Change Department, Government of Jharkhand",70,NO MINISTRY,STATE,2,0,0,0,0,2026-08-19 21:27:38.302934
1233,DEPARTMENT OF HEALTH,89,NO MINISTRY,STATE,3,0,0,0,0,2026-08-19 21:27:37.741914
1337,Finance (Economic Affairs) Department,58,NO MINISTRY,STATE,3,0,0,0,0,2026-08-19 21:27:37.414062
1226,Collectorate,73,NO MINISTRY,UNION_TERRITORY,2,0,0,0,0,2026-08-19 21:27:25.131069
1243,Consumer Affairs,72,NO MINISTRY,STATE,2,0,0,0,0,2026-08-19 21:27:36.991230
1347,ST & SC Development & M & BCW,80,NO MINISTRY,STATE,4,0,0,0,0,2026-08-19 21:27:39.626018
1015,"Captain of Ports Department, Government of Goa",65,NO MINISTRY,STATE,3,0,0,0,0,2026-08-19 21:27:31.860352
1363,LABOUR & EMPLOYMENT,183,LABOUR & EMPLOYMENT,STATE,1,0,0,0,0,2026-08-19 21:27:24.620024
1324,TOURISM AND CIVIL AVIATION DEPARTMENT,131,No Ministry,STATE,1,0,0,0,0,2026-08-19 21:27:24.636718
1403,Directorate for Welfare of Minorities,87,NO MINISTRY,STATE,2,0,0,0,0,2026-08-19 21:27:37.670353
1513,Department of Council of Ministers,89,NO MINISTRY,STATE,7,0,0,0,0,2026-08-19 21:27:37.043956
1155,"Land, Revenue & Settlement",78,NO MINISTRY,STATE,5,0,0,0,0,2026-08-19 21:27:37.698472
798,"Art, Culture and Language Department",64,NO MINISTRY,UNION_TERRITORY,3,0,0,0,0,2026-08-19 21:27:30.767391
824,Delhi Jal Board,64,NO MINISTRY,UNION_TERRITORY,2,0,0,0,0,2026-08-19 21:27:35.765921
806,Delhi Fire Service,64,NO MINISTRY,UNION_TERRITORY,1,0,0,0,0,2026-08-19 21:27:24.723547
880,"Department of Agriculture, Soil Conservator and Horticulture",63,NO MINISTRY,UNION_TERRITORY,8,0,0,0,0,2026-08-19 21:27:42.057725
1527,"Department of Horticulture, Haryana",67,NO MINISTRY,STATE,5,0,0,0,0,2026-08-19 21:27:34.774175
269,Farmer Welfare and Agriculture Development Department,74,NO MINISTRY,STATE,6,0,0,0,0,2026-08-19 21:27:38.479087
328,Forest and Environment Department,66,NO MINISTRY,STATE,2,0,0,0,0,2026-08-19 21:27:42.976481
947,Department of Power,82,NO MINISTRY,STATE,2,0,0,0,0,2026-08-19 21:27:34.774715
1193,Department of Home,63,NO MINISTRY,UNION_TERRITORY,6,0,0,0,0,2026-08-19 21:27:37.727796
889,"Department of Industries, Trade and Commerce & Mines",63,NO MINISTRY,UNION_TERRITORY,3,0,0,0,0,2026-08-19 21:27:31.697261
1282,Department of FCS & CA,73,NO MINISTRY,UNION_TERRITORY,1,0,0,0,0,2026-08-19 21:27:24.870608
1079,"Town and Country Planning Department, Government of Goa",65,NO MINISTRY,STATE,1,0,0,0,0,2026-08-19 21:27:24.872635
734,DEPARTMENT OF LABOUR,89,NO MINISTRY,STATE,3,0,0,0,0,2026-08-19 21:27:33.204804
833,ANIMAL & FISH RESOURCES DEPARTMENT,59,NO MINISTRY,STATE,3,0,0,0,0,2026-08-19 21:27:33.321705
195,Co-operation Department,76,NO MINISTRY,STATE,3,0,0,0,0,2026-08-19 21:27:36.947516
285,Water Resources Department,74,NO MINISTRY,STATE,3,0,0,0,0,2026-08-19 21:27:30.284815
261,Religious Trusts and Endowments Department,74,NO MINISTRY,STATE,1,0,0,0,0,2026-08-19 21:27:24.980730
1206,House Allotment Committee,60,NO MINISTRY,UNION_TERRITORY,1,0,0,0,0,2026-08-19 21:27:25.000835
933,Department of Rehabilitation and Disaster Management,82,NO MINISTRY,STATE,2,0,0,0,0,2026-08-19 21:27:30.370604
764,Panchayat Raj and Rural Development,86,NO MINISTRY,STATE,4,0,0,0,0,2026-08-19 21:27:36.130802
735,DEPARTMENT OF COOPERATIVES,89,NO MINISTRY,STATE,7,0,0,0,0,2026-08-19 21:27:46.256462
206,ADMINISTRATIVE REFORMS,57,NO MINISTRY,STATE,2,0,0,0,0,2026-08-19 21:27:33.268912
1629,Gurugram Metropolitan Development Authority,67,NO MINISTRY,STATE,2,0,0,0,0,2026-08-19 21:27:37.369966
840,PARLIAMENTARY AFFAIRS DEPARTMENT,59,NO MINISTRY,STATE,1,0,0,0,0,2026-08-19 21:27:25.046310
321,"Panchayats, Rural Housing and Rural Development Department",66,NO MINISTRY,STATE,2,0,0,0,0,2026-08-19 21:27:41.903915
39,Department of Official Language,5,Ministry of Home Affairs,CENTRAL,7,0,0,0,0,2026-08-19 21:27:38.610411
1300,INDUSTRIES & COMMERCE,178,INDUSTRIES,STATE,2,0,0,0,0,2026-08-19 21:27:28.084488
520,DEPARTMENT OF MEDICAL AND MEDICAL EDUCATION,89,NO MINISTRY,STATE,4,0,0,0,0,2026-08-19 21:27:40.649870
1306,Department of Medical,89,NO MINISTRY,STATE,3,0,0,0,0,2026-08-19 21:27:38.804076
1309,Port Blair Municipal Council,91,Andaman and Nicobar Administration,UNION_TERRITORY,5,0,0,0,0,2026-08-19 21:27:35.974895
553,Planning and Development Department,58,NO MINISTRY,STATE,6,0,0,0,0,2026-08-19 21:27:41.180346
1394,Colonization,82,NO MINISTRY,STATE,3,0,0,0,0,2026-08-19 21:27:35.766518
844,Law & Prosecution Department Chandigarh Administration,60,NO MINISTRY,UNION_TERRITORY,3,0,0,0,0,2026-08-19 21:27:35.939692
1365,AGRICULTURE,184,AGRICULTURE,STATE,2,0,0,0,0,2026-08-19 21:27:37.470764
538,"Handlooms, Textile and Sericulture Department",58,NO MINISTRY,STATE,5,0,0,0,0,2026-08-19 21:27:40.240764
1357,Animal Husbandry,72,NO MINISTRY,STATE,2,0,0,0,0,2026-08-19 21:27:34.383265
362,Labour Employment Training & Factories Department,56,NO MINISTRY,STATE,4,0,0,0,0,2026-08-19 21:27:35.666685
717,"Road Construction Department, Government of Jharkhand",70,NO MINISTRY,STATE,6,0,0,0,0,2026-08-19 21:27:42.738001
1328,"Animal Husbandry & Veterinary Services Department, Government of Goa",65,NO MINISTRY,STATE,7,0,0,0,0,2026-08-19 21:27:40.302653
660,Finance Revenue & Expenditure Department,131,No Ministry,STATE,6,0,0,0,0,2026-08-19 21:27:31.858687
101,"DEPARTMENT OF INDUSTRIES AND COMMERCE, HARYANA",67,NO MINISTRY,STATE,6,0,0,0,0,2026-08-19 21:27:42.190853
517,Additional Energy Sources,88,NO MINISTRY,STATE,3,0,0,0,0,2026-08-19 21:27:46.129619
1489,Housing & Urban Development Department,189,NO MINISTRY,UNION_TERRITORY,2,0,0,0,0,2026-08-19 21:27:34.993388
286,Tourism Department,74,NO MINISTRY,STATE,5,0,0,0,0,2026-08-19 21:27:45.799648
1372,"Directorate of Health Services, Government of Goa",65,NO MINISTRY,STATE,2,0,0,0,0,2026-08-19 21:27:35.764890
1382,"Directorate of Social Welfare, Government of Goa",65,NO MINISTRY,STATE,4,0,0,0,0,2026-08-19 21:27:33.335679
364,Housing Department,56,NO MINISTRY,STATE,1,0,0,0,0,2026-08-19 21:27:25.998264
170,Personnel and Administrative Reforms Department,76,NO MINISTRY,STATE,6,0,0,0,0,2026-08-19 21:27:46.170273
1416,Transport Department,189,NO MINISTRY,UNION_TERRITORY,2,0,0,0,0,2026-08-19 21:27:27.666761
345,Energy Department,56,NO MINISTRY,STATE,4,0,0,0,0,2026-08-19 21:27:41.457118
142,Legislative and Parliamentary Affairs Department,66,NO MINISTRY,STATE,3,0,0,0,0,2026-08-19 21:27:37.488652
375,"Tamil Development and Information Department, Government of Tamil Nadu",85,NO MINISTRY,STATE,2,0,0,0,0,2026-08-19 21:27:30.959289
908,Transport Department,87,NO MINISTRY,STATE,2,0,0,0,0,2026-08-19 21:27:34.304239
882,"Block Development Office, Daman.",63,NO MINISTRY,UNION_TERRITORY,2,0,0,0,0,2026-08-19 21:27:30.370604
110,EDUCATION,67,NO MINISTRY,STATE,2,0,0,0,0,2026-08-19 21:27:31.785856
1235,DEPARTMENT OF AWAS,89,NO MINISTRY,STATE,4,0,0,0,0,2026-08-19 21:27:40.439886
1245,Electronics & Information Technology,72,NO MINISTRY,STATE,1,0,0,0,0,2026-08-19 21:27:26.217250
922,Directorate of Tribal Welfare Department,87,NO MINISTRY,STATE,3,0,0,0,0,2026-08-19 21:27:42.364214
706,Housing & Uban Development (H&UD),80,NO MINISTRY,STATE,5,0,0,0,0,2026-08-19 21:27:40.438890
313,Home Department,66,NO MINISTRY,STATE,9,0,0,0,0,2026-08-19 21:27:39.573051
400,Department of Industries,91,Andaman and Nicobar Administration,UNION_TERRITORY,3,0,0,0,0,2026-08-19 21:27:38.855026
766,Public Enterprises,86,NO MINISTRY,STATE,11,0,0,0,0,2026-08-19 21:27:41.279928
1153,Taxation,78,NO MINISTRY,STATE,3,0,0,0,0,2026-08-19 21:27:41.398563
279,Public Relations Department,74,NO MINISTRY,STATE,1,0,0,0,0,2026-08-19 21:27:26.286890
1417,Industries and Commerce,189,NO MINISTRY,UNION_TERRITORY,1,0,0,0,0,2026-08-19 21:27:26.305384
1608,Haryana Vidyut Prasaran Nigam Limited,67,NO MINISTRY,STATE,4,0,0,0,0,2026-08-19 21:27:39.096417
971,Department of Medical Education and Research,82,NO MINISTRY,STATE,13,0,0,0,0,2026-08-19 21:27:38.853016
1223,PLANNING,173,PLANNING,STATE,5,0,0,0,0,2026-08-19 21:27:40.389882
326,"Narmada, Water Resources, Water Supply and Kalpsar Department",66,NO MINISTRY,STATE,3,0,0,0,0,2026-08-19 21:27:34.512840
369,Department of Finance,91,Andaman and Nicobar Administration,UNION_TERRITORY,4,0,0,0,0,2026-08-19 21:27:37.387067
1263,Personnel & Administrative Reforms,72,NO MINISTRY,STATE,2,0,0,0,0,2026-08-19 21:27:30.284815
1440,Department of Fisheries,91,Andaman and Nicobar Administration,UNION_TERRITORY,7,0,0,0,0,2026-08-19 21:27:42.365210
354,Agriculture and Cooperation Department,56,NO MINISTRY,STATE,7,0,0,0,0,2026-08-19 21:27:39.173732
1568,MINES & GEOLOGY DEPARTMENT,59,NO MINISTRY,STATE,5,0,0,0,0,2026-08-19 21:27:40.875312
1415,Tourism and Culture,189,NO MINISTRY,UNION_TERRITORY,3,0,0,0,0,2026-08-19 21:27:38.480088
1024,Department of Dairy Development,82,NO MINISTRY,STATE,1,0,0,0,0,2026-08-19 21:27:26.601180
157,Transport Department,76,NO MINISTRY,STATE,4,0,0,0,0,2026-08-19 21:27:30.356321
1156,"Animal, Husbandary and Veterinary",78,NO MINISTRY,STATE,1,0,0,0,0,2026-08-19 21:27:26.633585
1323,Urban Development & Housing Department,131,No Ministry,STATE,2,0,0,0,0,2026-08-19 21:27:29.099147
1371,Controller of Legal Metrology Department,87,NO MINISTRY,STATE,1,0,0,0,0,2026-08-19 21:27:26.652189
1614,Department of Economic and Statistical Affairs,67,NO MINISTRY,STATE,1,0,0,0,0,2026-08-19 21:27:26.667808
828,"Cabinet Secretariat and Coordination Department, Government of Jharkhand",70,NO MINISTRY,STATE,1,0,0,0,0,2026-08-19 21:27:26.668830
976,Department of Horticulture,82,NO MINISTRY,STATE,5,0,0,0,0,2026-08-19 21:27:45.798652
1076,DEPARTMENT OF MINORITY WELFARE,89,NO MINISTRY,STATE,2,0,0,0,0,2026-08-19 21:27:30.413766
1078,"Institute of Public Assistance (Provedoria), Government of Goa",65,NO MINISTRY,STATE,2,0,0,0,0,2026-08-19 21:27:32.222898
602,DEPARTMENT OF FISHERIES,89,NO MINISTRY,STATE,8,0,0,0,0,2026-08-19 21:27:40.485807
608,Works,80,NO MINISTRY,STATE,4,0,0,0,0,2026-08-19 21:27:40.650892
897,Department of Co-operation,63,NO MINISTRY,UNION_TERRITORY,1,0,0,0,0,2026-08-19 21:27:27.401442
146,Information and Broadcasting Department,66,NO MINISTRY,STATE,2,0,0,0,0,2026-08-19 21:27:33.378097
842,AGRICULTURE DEPARTMENT,59,NO MINISTRY,STATE,11,0,0,0,0,2026-08-19 21:27:46.330919
173,"Medical, Health and Family Welfare Department",76,NO MINISTRY,STATE,3,0,0,0,0,2026-08-19 21:27:38.804076
1381,"Department of Information & Publicity, Government of Goa",65,NO MINISTRY,STATE,3,0,0,0,0,2026-08-19 21:27:32.973315
1170,Economics &amp; Statistics (Cell),60,NO MINISTRY,UNION_TERRITORY,7,0,0,0,0,2026-08-19 21:27:40.219453
1066,VIGILANCE DEPARTMENT,59,NO MINISTRY,STATE,5,0,0,0,0,2026-08-19 21:27:46.241210
1132,Printing and Stationery Department,83,NO MINISTRY,STATE,4,0,0,0,0,2026-08-19 21:27:36.014798
1060,"Forest Department, Government of Goa",65,NO MINISTRY,STATE,2,0,0,0,0,2026-08-19 21:27:27.852134
1308,Commerce & Industries Department,131,No Ministry,STATE,3,0,0,0,0,2026-08-19 21:27:38.523183
784,Delhi Urban Shelter improvement Board,64,NO MINISTRY,UNION_TERRITORY,2,0,0,0,0,2026-08-19 21:27:27.666761
609,"Micro, Small & Medium Enterprises (MSME)",80,NO MINISTRY,STATE,2,0,0,0,0,2026-08-19 21:27:34.269626
1434,Punjab Ex-Servicemen Corporation,82,NO MINISTRY,STATE,5,0,0,0,0,2026-08-19 21:27:37.201228
394,DEPARTMENT OF HORTICULTURE,89,NO MINISTRY,STATE,3,0,0,0,0,2026-08-19 21:27:37.415095
320,"Food, Civil Supply and Consumer Affairs Department",66,NO MINISTRY,STATE,3,0,0,0,0,2026-08-19 21:27:45.477625
954,Department of Personnel,82,NO MINISTRY,STATE,1,0,0,0,0,2026-08-19 21:27:27.904019
923,"Directorate of Small Savings, Group Insurance & Institutional Finance",87,NO MINISTRY,STATE,5,0,0,0,0,2026-08-19 21:27:38.566906
1356,Ports,72,NO MINISTRY,STATE,1,0,0,0,0,2026-08-19 21:27:27.981429
249,LAW DEPARTMENT,59,NO MINISTRY,STATE,2,0,0,0,0,2026-08-19 21:27:33.378097
1511,Department of Agriculture,91,Andaman and Nicobar Administration,UNION_TERRITORY,2,0,0,0,0,2026-08-19 21:27:29.471634
1528,"Finance Department, Haryana",67,NO MINISTRY,STATE,2,0,0,0,0,2026-08-19 21:27:46.393316
358,"Information Technology, Electronics & Communication Department",56,NO MINISTRY,STATE,2,0,0,0,0,2026-08-19 21:27:33.082601
240,Local Administration Department,78,NO MINISTRY,STATE,1,0,0,0,0,2026-08-19 21:27:28.148631
968,Department of Defence Services Welfare,82,NO MINISTRY,STATE,3,0,0,0,0,2026-08-19 21:27:45.939847
1410,DEPARTMENT OF ARCHAEOLOGY,89,NO MINISTRY,STATE,1,0,0,0,0,2026-08-19 21:27:28.204687
708,"Personnel, Administrative Reforms and Rajbhasha Deparment, Government of Jharkhand",70,NO MINISTRY,STATE,5,0,0,0,0,2026-08-19 21:27:42.919176
1561,SEWA,67,NO MINISTRY,STATE,2,0,0,0,0,2026-08-19 21:27:46.116228
1505,Registrar Cooperative Socities,91,Andaman and Nicobar Administration,UNION_TERRITORY,2,0,0,0,0,2026-08-19 21:27:36.440999
974,Social Welfare,76,NO MINISTRY,STATE,2,0,0,0,0,2026-08-19 21:27:29.239200
1374,"Department of Art & Culture, Government of Goa.",65,NO MINISTRY,STATE,1,0,0,0,0,2026-08-19 21:27:28.866267
1172,Agriculture,60,NO MINISTRY,UNION_TERRITORY,5,0,0,0,0,2026-08-19 21:27:37.713559
1373,"Department of Information Technology, Government of Goa",65,NO MINISTRY,STATE,3,0,0,0,0,2026-08-19 21:27:32.866721
212,"Energy Department, Government of Tamil Nadu",85,NO MINISTRY,STATE,5,0,0,0,0,2026-08-19 21:27:42.419741
171,Minorities and Other Backward Classes,76,NO MINISTRY,STATE,2,0,0,0,0,2026-08-19 21:27:37.244009
1327,State Institute of Public Administration and Rural Development (SIPARD),87,NO MINISTRY,STATE,1,0,0,0,0,2026-08-19 21:27:29.018063
1579,DEPARTMENT OF INFORMATION,89,NO MINISTRY,STATE,1,0,0,0,0,2026-08-19 21:27:29.030802
892,"Department of Town and Country Planning, Urban Development & Housing",63,NO MINISTRY,UNION_TERRITORY,4,0,0,0,0,2026-08-19 21:27:46.157868
1022,"Handlooms,Textiles & Handicrafts",80,NO MINISTRY,STATE,1,0,0,0,0,2026-08-19 21:27:29.052258
1151,Youth Affairs and Sports,83,NO MINISTRY,STATE,1,0,0,0,0,2026-08-19 21:27:29.052258
357,School Education Department,56,NO MINISTRY,STATE,6,0,0,0,0,2026-08-19 21:27:41.456117
1016,DEPARTMENT OF RELIGIOUS TRUST AND ENDOWMENT,61,State Government,STATE,3,0,0,0,0,2026-08-19 21:27:46.240214
1634,HAFED,67,NO MINISTRY,STATE,2,0,0,0,0,2026-08-19 21:27:30.495348
712,"Food Public Distribution and Consumer Affairs Department, Government of Jharkhand",70,NO MINISTRY,STATE,2,0,0,0,0,2026-08-19 21:27:30.578290
1207,Chandigarh Industrial & Tourism Development Corporation Ltd.,60,NO MINISTRY,UNION_TERRITORY,3,0,0,0,0,2026-08-19 21:27:35.009316
393,DEPARTMENT OF LAW,89,NO MINISTRY,STATE,8,0,0,0,0,2026-08-19 21:27:39.287030
1488,Food & Civil Supplies Department,189,NO MINISTRY,UNION_TERRITORY,1,0,0,0,0,2026-08-19 21:27:29.239200
672,Cooperation Dept,131,No Ministry,STATE,1,0,0,0,0,2026-08-19 21:27:29.304346
782,Vigilance,117,Home,STATE,2,0,0,0,0,2026-08-19 21:27:34.993388
1549,Real Estate Regulatory Authority,82,NO MINISTRY,STATE,8,0,0,0,0,2026-08-19 21:27:42.058842
365,Consumer Affairs Food & Civil Supplies Department,56,NO MINISTRY,STATE,3,0,0,0,0,2026-08-19 21:27:35.731025
714,"Building Construction Department, Government of Jharkhand",70,NO MINISTRY,STATE,1,0,0,0,0,2026-08-19 21:27:29.372923
650,Labour and Employment,69,NO MINISTRY,UNION_TERRITORY,1,0,0,0,0,2026-08-19 21:27:29.372923
931,Department of Public Works,82,NO MINISTRY,STATE,2,0,0,0,0,2026-08-19 21:27:29.527935
1232,DEPARTMENT OF FOREST,89,NO MINISTRY,STATE,3,0,0,0,0,2026-08-19 21:27:30.496013
1551,DEPARTMENT OF LAND REVENUE,89,NO MINISTRY,STATE,2,0,0,0,0,2026-08-19 21:27:30.837386
544,Irrigation Department,58,NO MINISTRY,STATE,3,0,0,0,0,2026-08-19 21:27:38.956916
700,"Rural Development Department, Government of Jharkhand",70,NO MINISTRY,STATE,1,0,0,0,0,2026-08-19 21:27:29.454419
1427,Geology and Mining,88,NO MINISTRY,STATE,2,0,0,0,0,2026-08-19 21:27:31.565223
853,"Department of Industries, Trade and Commerce, Government of Goa",65,NO MINISTRY,STATE,8,0,0,0,0,2026-08-19 21:27:46.129619
366,Transport & Roads Building Department (TR&B),56,NO MINISTRY,STATE,2,0,0,0,0,2026-08-19 21:27:35.974230
754,Housing,86,NO MINISTRY,STATE,2,0,0,0,0,2026-08-19 21:27:34.178531
350,"Department for Women, Children, Differently Abled & Senior Citizens",56,NO MINISTRY,STATE,1,0,0,0,0,2026-08-19 21:27:29.636771
1532,"Public Health Engineering Department, Haryana",67,NO MINISTRY,STATE,3,0,0,0,0,2026-08-19 21:27:38.303950
1575,DISASTER MANAGMENT DEPARTMENT,59,NO MINISTRY,STATE,3,0,0,0,0,2026-08-19 21:27:35.680991
1038,General Administration(Political) Department,87,NO MINISTRY,STATE,1,0,0,0,0,2026-08-19 21:27:30.299646
106,TRANSPORT,67,NO MINISTRY,STATE,1,0,0,0,0,2026-08-19 21:27:30.325793
1504,Department of Law Secretariat,91,Andaman and Nicobar Administration,UNION_TERRITORY,3,0,0,0,0,2026-08-19 21:27:45.799648
1555,Office of the Commissioner of Excise,87,NO MINISTRY,STATE,2,0,0,0,0,2026-08-19 21:27:35.696102
278,"Planning, Economics and Statistics Department",74,NO MINISTRY,STATE,1,0,0,0,0,2026-08-19 21:27:30.479308
388,DEPARTMENT OF LAND REVENUE,89,NO MINISTRY,STATE,1,0,0,0,0,2026-08-19 21:27:30.551623
576,Secondary Education Department,58,NO MINISTRY,STATE,2,0,0,0,0,2026-08-19 21:27:41.948865
917,Directorate of Youth Affairs & Sports,87,NO MINISTRY,STATE,1,0,0,0,0,2026-08-19 21:27:30.671594
1431,Consumer Protection,88,NO MINISTRY,STATE,2,0,0,0,0,2026-08-19 21:27:36.304490
389,DEPARTMENT OF TRANSPORT,89,NO MINISTRY,STATE,6,0,0,0,0,2026-08-19 21:27:46.201722
698,"Information Technology & e-Governance Department,Government of Jharkhand",70,NO MINISTRY,STATE,2,0,0,0,0,2026-08-19 21:27:32.050879
1576,BC & EBC WELFARE DEPARTMENT,59,NO MINISTRY,STATE,4,0,0,0,0,2026-08-19 21:27:35.024928
215,"Micro, Small and Medium Enterprises Department, Government of Tamil Nadu",85,NO MINISTRY,STATE,6,0,0,0,0,2026-08-19 21:27:46.256462
1239,Agriculture Development & Farmers' Welfare,72,NO MINISTRY,STATE,1,0,0,0,0,2026-08-19 21:27:30.903365
1631,Housing and Urban Affairs,58,NO MINISTRY,STATE,1,0,0,0,0,2026-08-19 21:27:30.932078
1118,Ground Water Department,83,NO MINISTRY,STATE,3,0,0,0,0,2026-08-19 21:27:37.741914
567,Transport Department,58,NO MINISTRY,STATE,5,0,0,0,0,2026-08-19 21:27:38.521832
1578,Mines and Geology,65,NO MINISTRY,STATE,1,0,0,0,0,2026-08-19 21:27:31.522864
1481,DEPARTMENT OF INTERMEDIATE EDUCATION,89,NO MINISTRY,STATE,2,0,0,0,0,2026-08-19 21:27:34.176782
873,Department of Excise,63,NO MINISTRY,UNION_TERRITORY,1,0,0,0,0,2026-08-19 21:27:31.625980
1299,FOREST,177,FOREST,STATE,3,0,0,0,0,2026-08-19 21:27:46.117232
818,Office of the Registrar Cooperative Societies,64,NO MINISTRY,UNION_TERRITORY,1,0,0,0,0,2026-08-19 21:27:31.724462
310,"Sports, Youth and Cultural Activities Department",66,NO MINISTRY,STATE,2,0,0,0,0,2026-08-19 21:27:34.383265
1325,Directorate of Animal Resources Development,87,NO MINISTRY,STATE,1,0,0,0,0,2026-08-19 21:27:31.786659
440,Administrative reforms,88,NO MINISTRY,STATE,1,0,0,0,0,2026-08-19 21:27:31.843385
395,DEPARTMENT OF TECHNICAL EDUCATION AND TRAINING,89,NO MINISTRY,STATE,2,0,0,0,0,2026-08-19 21:27:35.924958
1114,Food and Civil Supply Department,83,NO MINISTRY,STATE,4,0,0,0,0,2026-08-19 21:27:46.329985
886,"Government College, Daman",63,NO MINISTRY,UNION_TERRITORY,1,0,0,0,0,2026-08-19 21:27:31.939768
131,LOCAL AUDIT,67,NO MINISTRY,STATE,1,0,0,0,0,2026-08-19 21:27:32.008255
936,Department of Planning,82,NO MINISTRY,STATE,1,0,0,0,0,2026-08-19 21:27:32.021942
1397,Pepsu Road Transport Corporation,82,NO MINISTRY,STATE,4,0,0,0,0,2026-08-19 21:27:41.598785
232,Home Department,78,NO MINISTRY,STATE,4,0,0,0,0,2026-08-19 21:27:36.157033
200,Public Enterprises,80,NO MINISTRY,STATE,1,0,0,0,0,2026-08-19 21:27:32.078211
1493,School Education Department,189,NO MINISTRY,UNION_TERRITORY,2,0,0,0,0,2026-08-19 21:27:35.515864
1552,Department of Khadi and Grama Udyog,89,NO MINISTRY,STATE,1,0,0,0,0,2026-08-19 21:27:32.205220
1654,Zila Parishad,60,NO MINISTRY,UNION_TERRITORY,1,0,0,0,0,2026-08-19 21:27:32.251452
960,Department of Cooperation,82,NO MINISTRY,STATE,1,0,0,0,0,2026-08-19 21:27:32.267079
982,Department of Food Processing,82,NO MINISTRY,STATE,1,0,0,0,0,2026-08-19 21:27:32.282179
1525,WOMEN AND CHILD DEVELOPMENT DEPARTMENT,67,NO MINISTRY,STATE,2,0,0,0,0,2026-08-19 21:27:35.955717
1507,DIRECTORATE OF ARCHAEOLOGY & MUSEUMS,67,NO MINISTRY,STATE,2,0,0,0,0,2026-08-19 21:27:34.533950
347,Planning Department,56,NO MINISTRY,STATE,1,0,0,0,0,2026-08-19 21:27:32.368272
733,"Tourism, Art and Culture, Sports and Youth Affairs Department, Government of Jharkhand",70,NO MINISTRY,STATE,3,0,0,0,0,2026-08-19 21:27:46.131096
805,Department of Forest and Wildlife,64,NO MINISTRY,UNION_TERRITORY,2,0,0,0,0,2026-08-19 21:27:34.756598
984,Department of Youth Services,82,NO MINISTRY,STATE,1,0,0,0,0,2026-08-19 21:27:32.869824
1288,PUBLIC WORKS DEPARTMENT,175,PUBLIC WORKS DEPARTMENT,STATE,1,0,0,0,0,2026-08-19 21:27:32.945250
773,"Youth Advancement, Tourism and Culture",86,NO MINISTRY,STATE,2,0,0,0,0,2026-08-19 21:27:35.778975
1292,Commerce & Transport (Commerce),80,NO MINISTRY,STATE,1,0,0,0,0,2026-08-19 21:27:33.128553
530,Election Department,58,NO MINISTRY,STATE,3,0,0,0,0,2026-08-19 21:27:37.627572
1197,Urban Development Department,63,NO MINISTRY,UNION_TERRITORY,2,0,0,0,0,2026-08-19 21:27:37.669082
223,Department of Cooperation.,57,NO MINISTRY,STATE,1,0,0,0,0,2026-08-19 21:27:33.204804
1310,Labour Department,131,No Ministry,STATE,1,0,0,0,0,2026-08-19 21:27:33.218497
1059,"Civil Aviation Department, Government of Goa",65,NO MINISTRY,STATE,3,0,0,0,0,2026-08-19 21:27:46.170273
736,DIRECTORATE OF PANCHAYAT,73,NO MINISTRY,UNION_TERRITORY,2,0,0,0,0,2026-08-19 21:27:37.442383
1358,Scheduled Tribes Dept,72,NO MINISTRY,STATE,1,0,0,0,0,2026-08-19 21:27:33.350237
1334,Finance (Expenditure Control - I) Department,58,NO MINISTRY,STATE,1,0,0,0,0,2026-08-19 21:27:33.404908
1498,ROAD CONSTRUCTION DEPARTMENT,59,NO MINISTRY,STATE,1,0,0,0,0,2026-08-19 21:27:33.404908
387,DEPARTMENT OF PANCHAYATI RAJ,89,NO MINISTRY,STATE,1,0,0,0,0,2026-08-19 21:27:33.419424
1269,Scheduled Castes Dept,72,NO MINISTRY,STATE,1,0,0,0,0,2026-08-19 21:27:33.595166
1580,Minority Welfare Department,59,NO MINISTRY,STATE,2,0,0,0,0,2026-08-19 21:27:41.056943
289,Fisherman Welfare and Fisheries Development Department,74,NO MINISTRY,STATE,3,0,0,0,0,2026-08-19 21:27:39.335656
977,Soil Conservation,82,NO MINISTRY,STATE,2,0,0,0,0,2026-08-19 21:27:34.512840
615,Building and Housing Department,131,No Ministry,STATE,3,0,0,0,0,2026-08-19 21:27:36.929803
1659,State GST (Finance),89,NO MINISTRY,STATE,4,0,0,0,0,2026-08-19 21:27:46.044694
1366,DEPARTMENT OF RURAL DEVELOPMENT,89,NO MINISTRY,STATE,1,0,0,0,0,2026-08-19 21:27:33.666894
349,Social Welfare Department,56,NO MINISTRY,STATE,2,0,0,0,0,2026-08-19 21:27:38.494006
1652,Industries,60,NO MINISTRY,UNION_TERRITORY,2,0,0,0,0,2026-08-19 21:27:37.587071
973,Department of Transport,82,NO MINISTRY,STATE,5,0,0,0,0,2026-08-19 21:27:40.709631
1249,Food Civil Supplies & Consumer Affairs,72,NO MINISTRY,STATE,1,0,0,0,0,2026-08-19 21:27:34.234401
780,DEPARTMENT OF CORRUPTION AND PUBLIC SERVICES,89,NO MINISTRY,STATE,1,0,0,0,0,2026-08-19 21:27:34.269626
1164,"Vigilance Department, Government of Goa",65,NO MINISTRY,STATE,1,0,0,0,0,2026-08-19 21:27:34.288188
1281,Co-operation,72,NO MINISTRY,STATE,1,0,0,0,0,2026-08-19 21:27:34.433441
298,Backward Classes and Minorities Welfare Department,74,NO MINISTRY,STATE,1,0,0,0,0,2026-08-19 21:27:34.462213
1606,Fisheries Department,67,NO MINISTRY,STATE,1,0,0,0,0,2026-08-19 21:27:34.486522
846,Animal Husbandry,60,NO MINISTRY,UNION_TERRITORY,2,0,0,0,0,2026-08-19 21:27:39.626018
1639,DEPARTMENT OF TWENTY-POINT PROGRAMME IMPLEMENTATION,61,State Government,STATE,2,0,0,0,0,2026-08-19 21:27:46.201214
1293,General Admn. & Public Grievance (GA&PG),80,NO MINISTRY,STATE,1,0,0,0,0,2026-08-19 21:27:34.533299
1370,GEOLOGY & MINING,186,GEOLOGY & MINING,STATE,1,0,0,0,0,2026-08-19 21:27:34.533950
225,ENVIRONMENT AND FOREST,57,NO MINISTRY,STATE,1,0,0,0,0,2026-08-19 21:27:34.550429
943,Department of NRI Affairs,82,NO MINISTRY,STATE,3,0,0,0,0,2026-08-19 21:27:37.093583
1186,Vigilance Bureau,82,NO MINISTRY,STATE,1,0,0,0,0,2026-08-19 21:27:34.659951
872,Department of Ports Light House,63,NO MINISTRY,UNION_TERRITORY,3,0,0,0,0,2026-08-19 21:27:38.580172
1319,Rural Management & Development Department,131,No Ministry,STATE,1,0,0,0,0,2026-08-19 21:27:34.725131
305,Scheduled Caste Welfare Department,74,NO MINISTRY,STATE,3,0,0,0,0,2026-08-19 21:27:37.183410
661,Gangtok Muncipal Corporation,131,No Ministry,STATE,2,0,0,0,0,2026-08-19 21:27:38.659157
1242,Coastal Shipping & Inland Navigation,72,NO MINISTRY,STATE,1,0,0,0,0,2026-08-19 21:27:35.024928
312,Science and Technology Department,66,NO MINISTRY,STATE,1,0,0,0,0,2026-08-19 21:27:35.051456
604,DEPARTMENT OF STATE PROPERTY,89,NO MINISTRY,STATE,1,0,0,0,0,2026-08-19 21:27:35.051456
136,UTTAR HARYANA BIJLI VITRAN NIGAM,67,NO MINISTRY,STATE,2,0,0,0,0,2026-08-19 21:27:38.580172
1261,Non-Resident Keralites Affairs,72,NO MINISTRY,STATE,3,0,0,0,0,2026-08-19 21:27:37.601176
1154,Education,78,NO MINISTRY,STATE,1,0,0,0,0,2026-08-19 21:27:35.766518
1496,General Administration Department,189,NO MINISTRY,UNION_TERRITORY,2,0,0,0,0,2026-08-19 21:27:37.330360
747,Energy,86,NO MINISTRY,STATE,2,0,0,0,0,2026-08-19 21:27:38.374483
235,Agriculture Department,78,NO MINISTRY,STATE,1,0,0,0,0,2026-08-19 21:27:36.012801
559,Public Works Department,58,NO MINISTRY,STATE,1,0,0,0,0,2026-08-19 21:27:36.012801
267,Mineral Resources Department,74,NO MINISTRY,STATE,2,0,0,0,0,2026-08-19 21:27:39.685300
1596,"Official Language (legislative) Commission,Kerala",72,NO MINISTRY,STATE,1,0,0,0,0,2026-08-19 21:27:36.157643
981,Department of Mining,82,NO MINISTRY,STATE,1,0,0,0,0,2026-08-19 21:27:36.192535
808,Industries Department,64,NO MINISTRY,UNION_TERRITORY,2,0,0,0,0,2026-08-19 21:27:37.169013
1087,Administrative Reforms and Co-ordination Department,83,NO MINISTRY,STATE,1,0,0,0,0,2026-08-19 21:27:36.335674
526,Chief Minister's Secretariat,58,NO MINISTRY,STATE,1,0,0,0,0,2026-08-19 21:27:37.348824
1630,Social Justice,58,NO MINISTRY,STATE,1,0,0,0,0,2026-08-19 21:27:38.361969
778,"Highways and Minor Ports Department, Government of Tamil Nadu",85,NO MINISTRY,STATE,1,0,0,0,0,2026-08-19 21:27:46.256462
1089,"Art, Culture and Archaeology Department",83,NO MINISTRY,STATE,1,0,0,0,0,2026-08-19 21:27:46.257461
723,"Panchayati Raj Department, Government of Jharkhand",70,NO MINISTRY,STATE,2,0,0,0,0,2026-08-19 21:27:46.287913
1074,Directorate of Fire & Emergency Services,87,NO MINISTRY,STATE,1,0,0,0,0,2026-08-19 21:27:46.332164
1163,Political and Cabinet,78,NO MINISTRY,STATE,1,0,0,0,0,2026-08-19 21:27:37.258750
1316,Water Security & PHE Department,131,No Ministry,STATE,1,0,0,0,0,2026-08-19 21:27:37.315155
724,"Cabinet Secretariat and Vigilance Department, Government of Jharkhand",70,NO MINISTRY,STATE,1,0,0,0,0,2026-08-19 21:27:37.588320
1305,LAND REVENUE,181,LAND REVENUE,STATE,1,0,0,0,0,2026-08-19 21:27:37.615286
1176,Personnel,156,Personnel,STATE,1,0,0,0,0,2026-08-19 21:27:37.640803
554,Political Department,58,NO MINISTRY,STATE,1,0,0,0,0,2026-08-19 21:27:37.640803
920,Department of Agriculture & Farmers Welfare,87,NO MINISTRY,STATE,1,0,0,0,0,2026-08-19 21:27:37.683871
1494,Higher Education Department,189,NO MINISTRY,UNION_TERRITORY,1,0,0,0,0,2026-08-19 21:27:37.683871
1550,DEPARTMENT OF SUGARCANE,89,NO MINISTRY,STATE,1,0,0,0,0,2026-08-19 21:27:37.713559
792,Department of Tourism,64,NO MINISTRY,UNION_TERRITORY,1,0,0,0,0,2026-08-19 21:27:37.727796
560,Relief and Rehabilitation Department,58,NO MINISTRY,STATE,1,0,0,0,0,2026-08-19 21:27:37.741085
1231,"Planning Department, Government of Goa",65,NO MINISTRY,STATE,1,0,0,0,0,2026-08-19 21:27:37.743012
1454,VIGILANCE DEPARTMENT,60,NO MINISTRY,UNION_TERRITORY,1,0,0,0,0,2026-08-19 21:27:38.508369
1623,Citizen Resources Information Department,67,NO MINISTRY,STATE,1,0,0,0,0,2026-08-19 21:27:38.609843
1450,PERSONNEL AND ADMINISTRATIVE REFORMS DEPARTMENT,195,PERSONNEL AND ADMINISTRATIVE REFORMS,STATE,2,0,0,0,0,2026-08-19 21:27:39.229187
241,Finance Department,78,NO MINISTRY,STATE,2,0,0,0,0,2026-08-19 21:27:39.153624
392,DEPARTMENT OF LEGISLATIVE AND PARLIMENTARY AFFAIRS,89,NO MINISTRY,STATE,3,0,0,0,0,2026-08-19 21:27:45.879972
1644,Haryana Agro Industries Corporation,67,NO MINISTRY,STATE,1,0,0,0,0,2026-08-19 21:27:38.781299
1332,VETERINARY & ANIMAL HUSBANDRY,182,VETERINARY & ANIMAL HUSBANDRY,STATE,1,0,0,0,0,2026-08-19 21:27:39.227982
1062,DEPARTMENT OF PUBLIC HEALTH ENGINEERING,61,State Government,STATE,1,0,0,0,0,2026-08-19 21:27:39.334655
1600,Department of Jail,91,Andaman and Nicobar Administration,UNION_TERRITORY,1,0,0,0,0,2026-08-19 21:27:39.625005
314,Women and Child Department,66,NO MINISTRY,STATE,2,0,0,0,0,2026-08-19 21:27:42.188949
994,Fire Service Department,76,NO MINISTRY,STATE,1,0,0,0,0,2026-08-19 21:27:40.589970
519,DEPARTMENT OF LANGUAGE,89,NO MINISTRY,STATE,1,0,0,0,0,2026-08-19 21:27:41.125930
1377,Administrative Reforms Department,64,NO MINISTRY,UNION_TERRITORY,1,0,0,0,0,2026-08-19 21:27:41.226032
1349,"Department of River Navigation, Government of Goa",65,NO MINISTRY,STATE,1,0,0,0,0,2026-08-19 21:27:41.457118
832,Health Department,78,NO MINISTRY,STATE,1,0,0,0,0,2026-08-19 21:27:45.623634
